metabolite,1.1.DD.0hr.1x.2026.05.28,1.1.DD.168hr.1x.2026.05.28,1.1.DD.24hr.1x.2026.05.28,1.1.DD.72hr.1x.2026.05.28,1.1.P.0hr.1x.2026.05.28,1.1.P.168hr.1x.2026.05.28,1.1.P.24hr.1x.2026.05.28,1.1.P.72hr.1x.2026.05.28,1.2.DD.0hr.1x.2026.05.28,1.2.DD.168hr.1x.2026.05.28,1.2.DD.24hr.1x.2026.05.28,1.2.DD.72hr.1x.2026.05.28,1.2.P.0hr.1x.2026.05.28,1.2.P.168hr.1x.2026.05.28,1.2.P.24hr.1x.2026.05.28,1.2.P.72hr.1x.2026.05.28,2.1.DD.0hr.1x.2026.05.28,2.1.DD.168hr.1x.2026.05.28,2.1.DD.24hr.1x.2026.05.28,2.1.DD.72hr.1x.2026.05.28,2.1.P.0hr.1x.2026.05.28,2.1.P.168hr.1x.2026.05.28,2.1.P.24hr.1x.2026.05.28,2.1.P.72hr.1x.2026.05.28,2.2.DD.0hr.1x.2026.05.28,2.2.DD.168hr.1x.2026.05.28,2.2.DD.24hr.1x.2026.05.28,2.2.DD.72hr.1x.2026.05.28,2.2.P.0hr.1x.2026.05.28,2.2.P.168hr.1x.2026.05.28,2.2.P.24hr.1x.2026.05.28,2.2.P.72hr.1x.2026.05.28,5.5.WT.0hr.1x.2026.05.28,5.5.WT.168hr.1x.2026.05.28,5.5.WT.24hr.1x.2026.05.28,5.5.WT.72hr.1x.2026.05.28,5.6.WT.0hr.1x.2026.05.28,5.6.WT.168hr.1x.2026.05.28,5.6.WT.24hr.1x.2026.05.28,5.6.WT.72hr.1x.2026.05.28,6.5.WT.0hr.1x.2026.05.28,6.5.WT.168hr.1x.2026.05.28,6.5.WT.24hr.1x.2026.05.28,6.5.WT.72hr.1x.2026.05.28,6.6.WT.0hr.1x.2026.05.28,6.6.WT.168hr.1x.2026.05.28,6.6.WT.24hr.1x.2026.05.28,6.6.WT.72hr.1x.2026.05.28
501.08695@1.11,0,0,0,0,0,0,0,0,0,0,0,0,0,0,295.5,0,0,0,0,0,0,0,0,0,0,0,381.2,0,0,0,0,0,669.1,0,306.9,0,750.5,244.3,537.5,0,0,0,0,0,935.3,0,0,0
213.98011@1.11,0,0,0,0,759.8,0,0,784.3,0,0,0,0,0,2304,1655,267.3,0,0,0,0,2551,2581,0,0,0,0,0,0,2179,1099,0,1154,0,0,0,0,0,0,0,0,0,0,0,0,0,0,0,0
427.06703@1.11,0,0,0,0,0,0,0,1137,0,0,0,0,0,0,660.6,1332,0,0,0,0,0,551.4,0,0,245,0,422.4,0,405.4,957.4,1120,0,685,1455,1209,747.3,545.8,454.6,1694,0,0,2113,0,0,768.5,0,1029,1237
401.88881@1.12,0,0,0,0,172.2,0,0,0,0,0,0,0,197.2,0,0,0,216,0,0,0,0,0,0,0,164.2,0,0,0,308.8,0,0,0,242.9,0,0,0,171.4,0,0,0,242.5,0,0,0,317.3,0,0,0
211.98994@1.12,0,0,0,0,1971,3191,2755,0,0,0,0,0,0,6483,3666,0,0,0,0,0,5661,5852,3468,3037,0,0,0,0,10600,2806,2835,2725,3700,0,0,0,0,0,0,0,0,0,0,0,0,0,0,0
279.99109@1.14,0,0,0,0,0,1152,138.5,0,0,0,0,0,0,656.9,791.2,0,0,0,0,0,0,125.7,0,0,0,0,0,0,0,0,0,0,0,0,0,0,0,0,0,0,0,0,0,0,0,0,0,0
471.01576@1.15,0,0,0,0,0,244.6,0,0,0,0,0,0,0,0,207.7,467.9,0,0,0,0,0,0,0,0,0,0,0,0,0,0,0,0,0,0,0,0,0,0,153.9,0,0,0,0,0,0,0,0,0
379.87443@1.15,1937,0,0,125.2,1424,0,168.6,136.7,1990,0,0,0,475.9,0,0,145.2,1756,0,0,0,1062,0,0,0,1739,0,0,0,221.9,0,0,0,0,0,139.3,0,1469,143.6,0,0,537.9,0,0,0,1550,0,127.4,0
397.07111@1.15,940.9,0,0,0,0,0,0,0,2797,0,0,0,612.2,0,0,0,2482,0,0,0,0,0,0,0,1502,0,0,0,962.2,0,0,0,0,0,0,0,0,0,0,0,292.1,0,0,0,0,0,0,0
310.12634@1.15,0,0,0,0,0,0,0,0,0,0,0,0,1172,0,0,0,0,0,0,0,0,0,0,0,0,0,0,0,3295,0,0,0,0,0,0,0,0,0,0,0,0,0,0,0,0,0,0,0
274.87289@1.16,2541,0,0,260.4,1836,0,294.9,357.2,2285,288.5,298.1,0,0,403.5,389.7,222.2,2497,225.7,0,0,1222,0,0,0,2298,244.8,160.8,212.1,603.3,0,0,0,872.5,270,0,0,1012,433.7,0,0,887.3,0,0,0,0,0,0,0
381.08601@1.16,3912,651.3,0,564.1,0,0,0,369.2,4834,1875,2144,5536,763,0,226.5,1550,4781,0,208.8,243,0,0,0,0,4063,287.6,0,192.4,1053,0,0,0,1070,268.2,338.3,563.6,0,0,716.2,257.4,1350,0,0,0,512.5,0,0,0
382.09351@1.16,394.1,0,0,0,0,0,0,0,526.1,234,271.7,643.1,0,0,0,294.6,703.6,0,0,0,0,0,0,0,566.5,0,0,0,118.1,0,0,0,0,0,0,0,0,0,0,0,190.6,0,0,0,0,0,0,0
407.07121@1.16,0,0,0,0,0,0,0,0,1280,0,0,0,614.2,0,0,0,1600,0,0,0,0,0,0,0,375.9,0,0,0,2877,0,0,0,1390,0,0,0,0,0,0,0,427.2,0,0,0,1427,0,0,0
101.11347@1.19,0,0,0,0,0,2822,0,0,0,0,0,0,2564,2902,2788,0,0,0,0,0,2732,2695,2923,2900,0,0,0,0,2576,3595,3472,3372,5975,3708,7059,4294,5469,4887,5002,5267,5457,0,0,0,3796,0,4165,0
254.95646@1.18,279.7,486.2,688,936.5,286.2,1012,893.4,1020,1602,920.3,1681,2681,332.6,265.2,1184,3324,857.8,140.4,0,0,0,0,0,0,996.7,566,0,602.8,0,0,0,0,981.7,602.8,317.5,711.1,295.9,269.1,1136,393.5,972.7,0,0,0,0,0,0,0
455.05392@1.17,0,0,0,0,0,125.9,0,166.4,0,0,194,235.3,0,0,0,316.7,0,0,0,0,0,0,0,0,0,0,0,0,0,0,0,0,0,127.8,0,0,0,0,0,0,0,0,0,0,0,0,0,0
600.92376@1.16,0,0,0,0,0,0,0,0,0,0,0,0,0,0,152.3,539.2,0,0,0,0,0,0,0,0,0,0,0,0,0,0,0,0,0,0,0,0,0,0,0,0,0,0,0,0,0,0,0,0
238.98124@1.17,217.7,2561,0,910.1,212.6,1494,978.8,1350,216.3,707.3,1880,1758,0,909.1,2202,2061,285.1,0,0,0,0,0,0,0,194.8,0,0,0,300.7,0,0,0,271.3,715.7,1396,0,143.1,0,0,1136,0,0,0,0,249.1,0,0,0
187.07002@1.17,3994,0,0,0,2037,0,401.9,460.1,9912,0,0,0,2206,212.6,0,1201,10010,0,0,0,547.7,0,0,0,7267,193.4,0,367.3,1638,236.9,283.4,0,3808,193.6,365.9,0,2049,0,417.6,324.4,3897,0,0,0,2905,0,0,0
270.92395@1.17,1111,373.9,433.2,386.5,669,667.8,389.9,556.5,6047,391.3,912.9,1666,2142,536.1,436.5,1971,6557,0,0,161.2,268.1,0,0,0,3486,169.8,0,0,2365,194.3,159,145.5,2595,488.5,428.5,478.6,466.9,1358,1059,396.2,1897,0,161.5,173.3,2555,0,0,0
391.10555@1.17,0,0,0,0,0,0,0,0,1647,0,0,0,452.7,0,0,0,2262,0,0,0,0,0,0,0,577.8,0,0,0,1055,0,0,0,1624,0,0,0,0,0,0,0,597.2,0,0,0,1423,0,0,0
499.93654@1.19,0,0,0,0,0,0,0,0,0,0,191.5,0,0,0,448.1,0,0,0,0,0,0,0,0,0,0,0,0,0,0,0,0,0,0,0,0,0,0,0,0,0,0,0,0,0,0,0,0,0
325.04975@1.18,0,0,0,0,0,0,173.8,0,372.6,0,0,0,247.7,0,305.2,0,452.9,0,0,0,0,0,0,0,267.2,0,0,0,0,0,0,0,0,0,0,0,0,0,0,0,165.9,0,0,0,385.2,0,0,0
385.08163@1.17,0,0,0,0,0,0,0,0,525.2,0,0,0,302.4,0,0,0,619.7,0,0,0,0,0,0,0,435.6,0,0,0,0,0,0,0,425.4,0,0,0,0,0,0,0,286,0,0,0,665.1,0,0,0
169.02824@1.17,849.5,0,0,0,609.1,0,197.2,370.1,1932,0,1168,0,340.5,0,0,266.8,1543,0,0,0,207.5,131.5,0,0,1333,0,0,0,0,0,0,0,776.4,0,0,209.2,525.3,204.4,316.2,179.4,857,0,0,0,586.1,0,0,0
351.04993@1.16,140.1,215,0,0,0,0,0,0,0,299.6,306.4,508.9,0,0,0,623.8,0,0,0,0,0,0,0,0,195.8,0,0,0,0,0,0,0,0,146.4,0,0,0,0,276.2,122.2,0,0,0,0,0,0,0,0
542.93428@1.18,0,0,0,0,0,218.6,221.8,150,0,0,0,0,0,291,191.4,0,0,0,0,0,0,0,0,0,0,0,0,0,0,0,0,0,0,382.4,317.7,321.8,0,456.5,244.6,0,0,0,0,0,0,0,0,0
203.0075@1.18,3168,480,464.4,622.4,2558,1125,549.1,1163,7823,518.6,617.6,495,2789,958,1070,504.1,8442,0,0,0,706.2,0,0,0,4579,0,0,0,3989,0,0,0,5257,447.8,540.4,937.9,2376,592.8,495.2,912.4,3827,0,0,0,4452,0,0,0
513.0672@1.17,0,0,193.9,185.8,0,0,0,0,864.4,0,0,346,290.7,0,133,611.8,432.3,0,0,0,0,0,0,0,266.7,0,0,0,547.9,0,0,0,475.1,0,0,0,0,0,228.6,128.1,215.5,0,0,0,406.2,0,0,0
394.87664@1.19,0,223.8,0,290.2,0,227.9,0,235.7,0,231.1,187.4,0,0,318.5,243.9,0,165.3,0,0,0,0,0,0,0,268.9,0,0,0,0,0,0,0,228.9,833.7,627.1,808.3,0,791.4,249.5,265.3,0,0,0,0,183.5,0,0,0
234.93316@1.19,359.2,0,0,0,400.1,203.8,0,313.8,1911,0,321.1,0,0,258,0,0,683,339.6,0,288.7,172.7,0,0,212,1365,0,0,0,652.1,0,397.8,210.4,937.1,259.4,282.6,274.6,0,218.3,242.5,255.4,995.8,0,0,191.4,703.3,0,0,0
310.97583@1.19,538.8,0,0,0,0,0,0,0,1167,0,211.2,154.7,0,140,325.1,244.6,1229,0,0,0,0,0,0,0,1164,0,0,0,0,0,0,0,902.8,0,147.6,170.5,261.9,187.2,0,160.2,571.2,0,0,0,490.6,0,0,0
293.03159@1.18,277,0,304,0,0,133.7,1122,0,853.7,0,0,0,0,0,1360,0,472.9,0,0,0,0,0,0,0,843.4,0,0,0,209.9,0,0,0,0,0,544.5,150,0,106.7,342.5,0,0,0,0,0,0,0,0,0
307.02044@1.19,0,0,0,0,119.9,0,0,0,1050,0,0,0,205.7,0,127.2,291.2,854.9,0,0,0,0,0,0,0,425.8,0,0,0,195.9,0,0,0,646,0,0,0,0,0,0,0,259.9,0,0,0,397,0,0,0
155.95539@1.19,2487,0,792.3,616.3,0,629.4,0,0,1628,0,983,580.3,895.6,991.2,617.2,528.5,3663,0,0,164.8,0,0,221.8,123.7,3176,0,0,0,2064,0,0,231.4,972.6,703.3,0,823.7,0,0,611.5,745.4,1790,0,0,0,2178,184,0,0
464.99146@1.18,0,379,346.3,446.3,0,565.4,319.8,601.6,0,361.2,577.8,723.3,0,453.4,316.8,771,0,0,0,0,0,0,0,0,0,0,0,0,0,0,0,0,0,509,648.5,689.9,0,665.2,531.9,677.9,0,0,0,0,0,0,0,0
422.82374@1.19,0,0,202.8,0,217.7,0,0,0,961.4,0,127.7,0,737.9,135.1,0,199.8,1103,0,0,119.6,142.4,0,144.5,164,715.3,0,0,0,760.1,0,0,0,866.3,0,194.8,0,0,180.6,0,0,650.5,0,0,0,897.7,0,0,0
119.12447@1.19,0,913.4,0,1256,2628,6839,2724,2387,1826,0,0,1401,6657,6722,6388,2586,1633,0,0,0,6208,6590,6992,6774,2051,1624,0,0,6520,6734,7199,6889,12060,9005,10900,10460,11050,10310,10640,14100,12980,4458,5966,4277,16440,9402,10330,8552
452.023@1.18,0,0,0,0,0,0,0,0,472.2,0,0,0,0,0,0,0,385.3,0,0,0,0,0,0,0,230,0,0,0,0,0,0,0,0,0,0,0,0,0,0,0,0,0,0,0,0,0,0,0
859.2137@1.19,0,0,0,0,0,0,0,0,0,0,0,0,0,0,0,393,0,0,0,0,0,0,0,0,0,0,0,0,0,0,0,0,0,0,0,0,0,0,143.4,174.1,0,0,0,0,0,0,0,0
374.92019@1.19,0,265,267.3,1137,120,490.7,258.6,342.4,131.5,833,1040,695.3,0,346.9,256.6,598.5,193.8,0,0,0,0,0,0,0,188.9,0,0,142.5,177.2,0,0,0,0,436.8,617.8,545.8,0,491,394.7,634.4,0,0,0,0,0,0,0,0
443.9943@1.2,0,0,262.8,0,0,189.2,376.2,183,0,0,458.5,0,0,0,874.4,355.5,0,0,0,0,0,0,0,0,0,0,0,0,0,0,0,0,0,0,219.8,156.8,0,113.8,525.9,0,0,0,0,0,0,0,0,0
252.93922@1.19,778.8,436.1,405.5,0,613.2,0,442.9,0,2628,434.1,406.7,482.5,1105,1073,378.5,1410,2556,0,0,0,0,0,0,0,1633,0,0,0,1570,652.8,980,0,1767,0,0,472.7,559.4,473.7,402.4,373.2,1117,0,192.6,0,1993,0,0,0
283.002@1.19,688.3,0,0,0,319.3,0,118,0,883.1,0,0,0,218.4,0,218.8,0,898.5,0,0,0,0,0,0,0,742.8,0,0,0,201.5,0,0,0,226.5,0,0,0,264.2,0,0,217.6,319.3,0,0,0,0,0,0,0
233.94603@1.19,1559,204.6,0,0,1296,166.9,0,164.6,3488,185.2,201.1,200.6,1378,241.4,0,0,3778,0,0,0,668.8,0,0,0,2562,0,0,0,1616,0,0,0,1775,164,0,207.8,1239,257.9,0,0,2571,137.9,0,0,2942,0,0,0
452.9741@1.19,126.2,0,0,0,0,0,0,0,998.5,0,170.6,1336,304.4,0,0,155,943.6,0,0,0,0,0,0,0,477.1,0,0,0,808.2,0,0,0,572.8,0,124.2,0,0,0,0,0,305.7,0,0,0,614.3,0,0,0
352.96356@1.2,129.9,2105,858.8,0,0,860,997.9,826.8,212.8,1253,1933,1253,273,1148,793.2,1716,197.5,0,0,0,0,0,0,0,230.7,0,0,0,0,0,0,0,143.6,776.6,1046,1235,0,1048,1051,853.6,0,0,0,0,0,0,0,0
443.00748@1.19,0,649.6,987.4,556.4,0,591,489.6,458.9,0,1434,931,830.9,0,594.7,315.4,1048,0,0,0,0,0,0,0,0,0,0,0,0,0,0,0,0,0,549.7,942.5,873.2,0,637.9,660.8,791,0,0,0,0,0,0,0,0
385.91921@1.19,130.3,0,0,0,0,0,0,0,0,0,371.7,0,0,0,717.3,0,0,0,0,0,0,0,0,0,0,0,0,0,0,0,0,0,0,0,0,0,144.5,0,0,147.6,0,0,0,0,225,0,0,0
252.14283@1.19,735.3,640.3,2015,552.4,931.8,2444,2243,1026,1134,909.4,907.7,967.2,1356,807.1,0,3028,2970,786.7,752,769.5,490.1,517.5,0,446.2,1240,0,0,0,4103,499,769.7,562.4,0,627.7,710.9,650.4,548.9,739.5,899.3,763.3,0,0,370.7,295,658.3,0,177.8,267.1
306.15766@1.18,0,0,0,0,0,0,0,0,0,0,0,0,460.9,0,0,0,0,0,0,0,0,0,0,0,0,0,0,0,440.6,0,0,0,830.7,0,0,0,285.4,0,0,0,515,0,0,0,750.4,0,0,0
154.9553@1.2,5539,0,0,0,1109,4451,4994,2245,8232,1817,2071,0,1953,1649,3899,1601,8286,0,227.1,323.1,1190,0,232,0,7363,233.8,0,0,4457,0,0,319.2,4916,3208,4915,5202,3604,4703,4884,3237,4296,0,176.3,0,4920,268.6,266.7,227.5
100.11126@1.19,11380,0,8729,0,17630,57840,17720,16340,10750,9578,9831,0,62570,55670,60590,18980,10740,11150,10450,10550,55050,56590,62020,67770,12230,10770,11350,11680,59080,56060,61240,59990,97080,88280,93570,94070,92970,84130,88890,92880,113700,42220,45940,35200,102700,103800,98180,99050
118.12188@1.19,21180,16710,16710,0,32750,106600,33780,30430,20610,17540,18280,0,118600,101500,112200,35190,19910,20620,19260,19530,106700,103500,112700,122900,23150,19660,20580,20780,108600,103100,111200,109100,181900,160100,165600,166600,163100,149800,155400,116200,203700,84320,80980,83110,178100,183100,171100,177700
294.95683@1.19,0,0,0,0,0,0,0,120.3,793,141.7,183.9,0,196.8,0,0,165.4,550.4,0,0,0,0,0,0,0,361.9,0,0,0,310.5,0,0,0,288.5,171.2,0,0,160.1,0,0,142.6,254.7,0,0,0,312.9,0,0,0
690.97071@1.18,0,0,0,0,0,183.1,150.6,0,0,256,0,228.1,0,230.9,0,281.3,0,0,0,0,0,0,0,0,0,0,0,0,0,0,0,0,0,275.9,319.5,464,0,335.6,276,265.8,0,0,0,0,0,0,0,0
532.90463@1.19,0,0,162.2,172.3,0,0,199.7,201.4,0,417.6,267.3,277.1,0,0,200.4,317.7,0,0,0,0,0,0,0,0,0,0,0,0,0,0,0,0,0,157.2,0,267.3,0,0,282.8,199.1,0,0,0,0,0,0,0,0
350.93053@1.2,263,213.8,213.6,196.2,227.8,191.7,296.5,0,229.9,0,1174,0,0,0,0,666.2,323.7,0,0,0,212.1,0,0,0,374.7,0,0,0,827,0,0,0,313.3,0,230.8,239.3,0,291.5,263.6,260.9,0,0,0,0,280.6,0,0,0
174.94428@1.19,8642,7480,8352,7206,6937,6417,7806,6732,14640,7899,9293,8364,9383,6335,8505,7294,13970,372.7,238.8,0,4456,0,224.9,280.4,12410,0,0,441,8416,0,214.7,227.2,8809,8034,7944,8370,6172,7718,8378,7469,8194,0,0,324.9,8971,296.1,206.3,182.2
406.87057@1.21,0,229.9,264.5,280.9,0,299,0,284.9,226,0,330.4,356.9,0,0,0,761.7,146.1,0,0,0,160.4,0,0,0,222.2,0,0,0,177.6,0,0,0,143.6,567.9,388.4,577.7,0,576.4,304.1,326.9,128.9,187.1,0,0,173.4,0,0,0
273.91132@1.2,530.7,0,380,1294,423.9,1596,389.6,320.5,331.9,0,0,0,3258,470,2561,615.5,288,0,0,0,1484,1435,1860,2252,377.5,0,206.3,226.8,3302,1423,2369,1535,0,317.2,299.7,265.8,393.9,0,227.8,346.2,0,147.4,249.9,0,0,0,166.1,0
247.03078@1.21,394.6,432,425.1,473.1,406.7,447.5,509.3,856,0,1121,0,0,519.8,465.4,545.8,773.3,836.8,447.5,0,0,343.8,245.4,0,0,664.1,251.2,386.4,386.7,653.8,277.5,302.7,0,556.9,514.5,0,598.5,0,549.7,0,546.5,264.3,0,244.5,0,470,247.6,0,0
186.92552@1.2,3663,0,689.8,1466,2231,485.5,886.8,588.1,6554,634.6,678.9,0,3139,608.8,1324,450.1,5812,302.7,0,876,735.3,0,0,356.2,4813,601.5,620.5,412.1,4057,0,0,0,3330,709.5,717.4,1213,0,651.8,680.8,591.1,1766,0,311.1,402.2,3146,0,0,274.3
416.75848@1.21,0,0,0,147.9,273.9,136.8,153.2,190.2,269.6,0,0,0,269.7,156.1,0,0,954.3,0,205.9,0,243.4,0,211.7,0,0,271.4,0,0,184.3,241.5,271.7,0,251,0,0,0,236.1,167.4,0,166.2,196.1,0,241.8,0,292.1,119.6,245.8,255.7
513.02553@1.18,0,0,0,0,0,0,0,0,597.6,0,0,0,273.5,0,0,0,723.7,0,0,0,0,0,0,0,209.9,0,0,0,436.9,0,0,0,332.3,0,0,0,0,0,0,0,233.2,0,0,0,362.7,0,0,0
309.98503@1.2,248.1,0,0,0,0,0,0,0,686.8,0,0,0,619.3,0,179.3,0,704.9,0,0,0,0,0,0,0,742.6,0,0,0,801.7,0,0,0,329.3,0,0,114.4,0,0,0,0,281.5,0,0,0,568.7,0,0,0
635.7304@1.21,0,0,0,0,0,0,0,0,0,0,0,0,0,0,0,0,239.9,0,0,0,0,0,0,0,196.9,239,0,0,325,0,0,0,357.6,0,0,0,0,0,0,0,163.3,0,0,0,0,0,0,0
272.8857@1.21,931.5,568.1,864.9,0,648.1,756.4,0,594.2,4339,590.6,713.3,506.3,1538,0,772.4,855.2,4417,649.7,0,0,674.7,565.3,568.8,0,4003,3319,1389,1678,4928,0,724.7,0,4025,800.1,0,663.6,752.5,850.5,0,0,3106,458.4,425.4,0,3463,0,0,506.9
134.90863@1.2,300.4,439.5,410.4,390,728.6,925.1,668.2,521.7,439.1,931.7,472.9,1602,1188,0,927.7,1679,0,1861,2249,891.6,0,0,1236,891.4,511.6,2183,1966,2113,1395,1155,699.6,609.7,675.2,362.1,427.2,285.7,512.1,0,827.6,587,963.7,3133,1547,2968,636.4,2697,1628,2436
526.69057@1.21,0,0,0,0,0,0,0,142,0,0,128.4,0,0,0,0,0,0,0,0,0,0,121,0,0,0,318.7,0,524.9,0,0,0,134.4,160.6,0,0,0,0,0,115.1,0,0,0,0,0,0,0,0,0
215.94033@1.2,1002,338,965.3,0,768,710.7,0,392.6,872.3,436,0,266.8,1217,353.7,328.3,296,987.1,0,267.2,0,831,0,0,0,1074,0,289.4,331.6,693.4,0,153.1,0,597,0,315,0,0,436.3,0,0,621.9,0,0,0,691.7,0,0,0
333.94034@1.2,325.2,605.7,1143,1120,244.6,731.2,742.9,554.7,928.5,1192,1140,1505,221.2,868.7,671.8,1500,928.4,0,0,0,148.3,0,114.3,0,331,0,0,0,504.9,0,0,0,646,836,889.9,966.5,0,975.8,1455,873.9,215.5,0,0,0,383.2,0,0,0
451.00844@1.2,233.6,270.6,661,1077,0,0,0,0,2238,4218,2077,5480,616.2,0,0,0,2348,0,0,0,0,0,0,0,1010,0,0,0,0,0,0,0,825.5,294.6,0,266.1,0,234.8,234.5,213.2,463.8,0,0,0,821.4,0,0,0
442.00318@1.2,0,1765,1559,1653,0,1368,1243,1391,0,2159,2120,2799,0,1322,1004,3281,0,0,0,0,0,0,0,0,0,0,0,0,0,0,0,0,0,1769,1669,2029,0,1766,2004,1875,0,0,0,0,0,0,0,0
370.87864@1.21,243.5,248.6,0,224.4,277.7,0,291.8,296.8,781.8,223.3,310.6,262.9,616,211.7,652.4,378.3,921.7,0,0,0,0,171.1,0,0,0,0,309,275,1157,0,0,0,722.9,0,245.2,314.5,0,189.7,354.9,266,310.4,0,148.1,0,779,0,0,132
383.92037@1.21,0,325.6,315.7,524.7,0,317.1,338.2,283.1,191,487.8,364.4,633.9,0,335.1,273.9,795.2,0,0,0,0,0,0,0,0,193.1,0,0,0,0,0,0,0,233,340.4,418,548.6,0,466.8,402,349.7,192.5,0,0,0,181,0,0,0
353.93865@1.21,0,254.5,1025,214.3,0,270,797,280.8,0,308.5,1553,239,198.3,228,1662,1570,207.2,0,0,0,0,0,0,0,0,0,0,0,224.8,0,0,0,0,247.7,323.2,0,0,0,632.9,266.3,0,0,0,0,181.7,0,0,0
351.97056@1.2,0,2505,2179,2353,0,2021,1766,1884,0,3109,2983,4057,0,1999,1314,4407,0,0,0,0,0,0,0,0,0,0,0,0,0,0,0,0,0,2525,2641,3005,0,2627,3190,2586,0,0,0,0,0,0,0,0
275.95374@1.2,283.6,211,200.7,179.4,165.2,208,0,208.1,716.8,208.2,257.8,220.3,372.1,173.2,304.1,0,553.2,0,0,0,0,189.1,0,191.1,207.6,0,0,0,390.1,208,253.3,145.1,235.8,0,277.6,288.7,0,233.1,0,214,168.5,0,0,0,281.2,0,0,0
468.86593@1.21,124.4,0,0,0,0,215.3,274.6,0,0,0,0,226.4,253.7,141.6,0,1287,280.2,0,0,0,0,0,0,0,163.6,0,0,184.3,0,0,137.8,0,295,0,224.7,257.5,0,197.1,325.1,237.7,201.6,0,0,0,231.5,0,0,0
421.78473@1.22,168,154.5,0,0,242.3,185.8,151.2,212.5,1016,0,0,0,665.6,0,203.3,217.1,641.4,0,0,0,149.3,0,0,210.9,431.3,1280,580.1,841.9,813.9,234.2,254.5,218.6,821.7,178.8,214.6,151.8,255.3,141.1,0,190.1,415.3,0,224.7,202.3,0,153.2,0,171.8
323.013@1.2,148.2,328,0,250.9,0,194.5,263.7,274.3,251.6,288.3,672.8,416.8,138,223,223.2,575.1,342.5,0,0,0,0,0,0,0,182,0,0,0,0,0,0,0,0,290.4,285.1,335.2,0,199,393.3,304.3,0,0,0,0,0,0,0,0
332.93402@1.21,1225,257,0,0,1115,224.1,275.6,0,5611,205.3,198.1,0,3775,266.9,365.2,228.6,5979,0,0,0,183.7,0,0,0,3226,349.4,313.5,254.3,6808,0,0,0,4347,240,0,0,812.8,253.4,251.2,0,3159,0,0,0,4618,0,0,0
594.90455@1.2,0,0,509.4,317.6,0,613,541,541,0,653.7,830.3,1084,0,453,645.9,1441,0,0,0,0,0,0,0,0,0,0,0,0,0,0,0,0,0,551.8,704.6,863.4,0,503.8,842.9,578.2,0,0,0,0,0,0,0,0
140.06954@1.2,2040,12280,0,0,2176,1966,3482,3493,18790,12150,6899,20280,3603,1448,2212,33600,21080,8448,6084,7011,1188,1360,1385,1219,6071,0,0,0,17420,1337,2020,1375,0,1394,3021,3060,1515,2462,4806,3084,4053,1494,1375,1700,4312,959.8,1068,1441
212.89397@1.21,6082,1119,1431,0,6168,1259,2874,1348,19730,1176,5808,1631,15960,988.7,4432,5442,21600,706.3,480.7,627.7,1452,693.3,688.9,0,13050,0,630.2,485.5,25220,0,605.5,611,17260,1073,1546,2435,4191,1124,2649,1195,12740,607.4,604.4,665.1,19500,512.8,583.2,432.5
302.91235@1.22,0,338.1,563.6,0,0,0,416.6,452.6,0,408.7,523.5,343.5,507.5,447.4,435.7,306.9,0,0,0,0,269.5,0,0,0,180,0,0,0,646.6,0,0,0,635.4,0,681.3,628.1,255,786.3,383.6,506,293.3,0,0,0,516,0,0,0
316.97155@1.21,246.4,260.9,0,0,0,1122,261.9,243.6,1070,0,226.4,865.4,1061,1332,1145,693.9,1316,0,144.5,0,1348,1264,1113,1121,794.3,927.1,270,251.2,1753,1213,1420,1310,673.2,238,291,273.6,166.7,300.4,0,0,651,0,0,0,730.7,0,0,0
284.96165@1.21,378.7,439.1,478.4,1079,0,398.4,385.1,430.6,1847,1020,556.5,1216,1270,617.6,351.2,1010,1687,0,0,0,184.9,0,0,0,1114,0,0,0,2136,0,0,0,1239,720,722,1017,341.8,441.1,416,849.4,1075,0,0,0,1528,0,153,0
334.94307@1.21,195.5,971,893.9,738.9,287,322.8,360.5,394.9,1442,1021,609.6,1216,1259,330,315.3,877.4,1673,0,0,0,213.3,0,0,0,847.1,0,0,0,2489,0,0,0,1240,407.7,0,873.5,277.6,405,750.9,312.2,858.4,0,130.6,0,1462,0,0,0
349.91171@1.21,0,267.4,232.5,0,0,253.5,362.8,202.1,235.4,182.8,353.8,290.4,257.7,0,799.1,321.9,291.9,0,0,0,231.3,0,0,0,0,279,0,195.4,273.2,0,137.4,0,215.5,295.6,330.7,313.7,0,373.8,275.1,224.3,219.7,0,0,0,199.2,0,0,0
461.05466@1.22,0,0,0,0,0,0,184.3,0,0,0,0,0,0,0,519.2,0,0,0,0,0,120.2,0,0,0,0,0,0,0,189,0,0,0,0,0,0,0,0,0,0,0,0,0,0,0,0,0,0,0
271.94579@1.21,255,1038,326.4,0,182.8,922,712.9,409.7,605.6,556.4,985.7,1316,0,829.8,0,1055,0,0,0,0,190.9,0,0,233.5,0,275.9,0,0,379.5,228.2,0,177,0,893.2,911.5,1233,231.1,1050,450,892.3,332.7,0,169.5,0,372.3,0,0,0
203.16324@1.21,0,0,0,0,252.4,249.6,294,232,0,0,0,0,0,203,316.8,560.3,0,245.5,264.7,326.6,180.1,472.6,405.9,474.4,315.7,598.2,461.5,393.9,583,504.8,444.7,317.1,307.2,0,189.6,122.6,271.5,164.5,230.7,223.4,220.4,0,189.3,184.5,229.4,0,0,0
437.08296@1.22,0,0,0,0,0,0,0,0,0,0,0,0,111.7,0,0,0,0,0,0,0,0,0,0,0,0,0,0,0,637,0,0,0,302,0,0,0,0,0,0,0,0,0,0,0,255.1,0,0,0
151.89717@1.2,1650,2359,2899,2447,2487,2500,3081,1461,3996,2126,2781,3265,1901,977.7,1468,4285,4591,4362,5854,6011,1665,3385,3371,3453,4200,7898,5818,7227,5195,3892,4564,3577,3414,1110,2025,1284,2653,1033,2915,1184,3546,3234,2309,2494,4033,2867,2621,4407
503.85471@1.21,0,0,214.3,168.3,0,293.1,302.2,243.4,131.2,170.5,319.7,718.9,0,0,226.2,903.5,0,0,0,0,0,0,0,0,0,0,117.4,0,0,0,0,0,0,227.1,0,345.8,0,269.2,354.1,257.6,0,0,0,0,0,0,0,0
256.89241@1.21,525.1,2858,2602,2511,368.4,2719,2840,2841,583.9,2501,3667,4863,672.7,1667,2728,7891,833.9,0,330.8,349.5,0,236.4,388.4,408,391.2,447,379.2,393.4,1042,282.3,334.7,0,573.1,2408,2834,3195,355.4,1745,4020,2411,273.4,325.7,361,359.5,778.1,297.9,0,0
317.02142@1.21,174.7,189.7,0,0,0,1122,223.7,220.5,785.8,207.4,204.1,0,1278,1332,1083,474.5,915.4,0,0,0,1602,1264,1113,1121,355.9,0,0,0,1360,1213,1420,1310,673.2,0,150.2,226.8,0,0,0,0,465.5,0,0,0,694.1,0,0,0
348.91355@1.21,1240,602.8,1316,1282,726.5,1351,1886,515.3,2284,1060,2557,1077,2681,667.6,4538,2179,2904,0,0,0,490.7,126.1,0,0,2098,1131,814.6,0,5266,0,300.7,0,1944,1609,1296,1637,367.8,0,1493,1606,1088,0,0,0,2657,0,0,0
330.94929@1.22,0,357.8,0,318.2,243.4,426.6,448.5,511.8,470.8,314.2,548.8,0,512.7,276.2,651.1,1106,490.3,0,0,0,179.2,0,0,0,1060,0,0,0,1648,0,0,0,470.7,303.5,0,384.5,251.6,0,515.7,382.2,294.6,0,0,0,0,0,0,0
424.9506@1.21,0,321.8,228.1,302.1,0,261.4,0,216.6,0,347,357.2,391.6,0,229.1,247.4,347.1,249.5,0,0,0,0,0,0,0,0,0,0,0,0,0,0,0,345,240.8,0,526.1,0,0,311.4,251.3,0,0,0,0,0,0,0,0
250.90633@1.22,1003,0,0,1237,0,2470,4754,2762,7022,1661,0,8203,0,1809,2903,18500,0,0,0,0,1703,0,0,5993,8292,36620,0,23420,21160,6121,11340,5391,12550,2065,1986,3794,2732,1844,1835,2720,0,0,0,2545,0,0,0,0
423.9914@1.2,0,631.4,574,622.1,0,370.4,314.3,326.5,0,630,704.1,998.5,0,463.8,197.4,969.4,0,0,0,0,0,0,0,0,0,0,0,0,0,0,0,0,0,564.8,693.7,673,0,586.4,715.8,393,0,0,0,0,0,0,0,0
243.90606@1.21,0,3735,2908,3173,397.6,2697,2312,2865,376.8,3727,3483,4284,0,2572,0,4670,1154,282.7,351.2,346.3,426.4,0,0,327.1,414.5,431,489.6,367.7,0,0,297.7,296.8,317.5,3199,3213,3299,0,2309,3112,2871,271.1,0,0,0,0,0,239.7,0
438.77227@1.22,149.9,247.3,236.7,0,195,253.3,268.8,211.7,195.2,263.3,236.8,689.9,0,147.2,283.4,862.2,257,0,317.1,180.9,0,0,176.7,235.1,240.8,609.3,529.8,996.2,338.4,212.8,237.6,0,276.5,0,240.8,272.9,0,0,353.7,0,214,0,225.6,216.5,0,0,204.1,0
500.83683@1.22,0,0,0,0,0,231.4,309.7,0,293.4,0,356.9,0,273.5,139.5,696.1,1224,396.4,0,0,0,0,0,0,0,309.8,0,0,0,765.5,0,0,0,296.9,166.8,255.5,244.4,0,197.6,318,176.1,170.6,0,0,0,294.7,0,0,0
384.87362@1.21,0,242.3,266.5,259.3,197.3,331.6,324.9,369.2,315,425.7,959.2,1035,266,244.6,313.4,1636,319.8,0,0,0,164.2,171.7,0,0,202,284.5,0,0,522.3,128.1,0,0,278.5,320.7,244.6,344.7,163,279.8,408.7,322.5,207,0,0,0,0,0,138.7,0
596.90396@1.2,0,137.9,154.5,0,0,156.9,240.8,141.5,0,0,524.8,248.9,0,0,415.8,641.6,0,0,0,0,0,0,0,0,0,0,0,0,0,0,0,0,0,202,197,236.8,0,0,337.5,157.4,0,0,0,0,124.5,0,0,0
569.65149@1.22,0,0,0,0,0,0,0,0,0,0,0,0,116.2,0,0,0,0,192.2,0,0,0,0,0,0,168.3,763.2,757,334.6,173.4,0,213.2,119.2,220.6,0,0,0,0,0,0,0,0,0,0,0,0,0,0,0
248.90962@1.21,0,9538,9153,9649,595,8241,6493,8154,0,10260,11150,10790,0,9109,7465,11610,912.5,897.8,1015,2730,0,0,708.9,0,1030,10110,4513,2950,6154,697.3,1033,485.3,1873,9714,5836,9886,725.6,8918,7891,9232,0,675.9,0,0,720.4,655.3,0,573
424.79505@1.22,266.1,234.3,176.1,0,295.3,249.2,254.9,0,1435,206.7,198.9,141.4,1337,228.8,313.7,374.2,1423,214.1,262.1,252.2,238.5,166,209.1,231.5,929.6,1246,951.1,594.3,2374,249.5,316.3,234.4,1207,241.4,278.5,239.4,260.3,185.6,251.9,262.2,858.3,0,135.7,0,1642,0,0,160.7
595.90017@1.21,0,0,239.8,0,0,209.8,297.7,178.7,0,155.7,449.3,183,0,183,590.1,929.7,0,0,0,0,0,0,0,0,0,0,0,0,0,0,0,0,0,203.7,256.2,294.5,0,0,327.5,186.3,0,0,0,0,0,0,0,0
430.90285@1.21,0,0,0,159.4,0,166.2,190.2,157.5,790.5,0,205.9,202.9,342.8,143.1,139.6,185.1,866.5,0,0,0,0,0,0,0,0,0,0,0,1168,0,0,0,648.1,199.7,206.4,0,0,180.3,0,0,288.1,0,0,0,696.7,0,0,0
435.03931@1.2,0,0,0,0,0,0,0,0,207.1,0,274.7,1064,0,0,0,115.3,254.4,0,0,0,0,0,0,0,0,0,0,0,0,0,0,0,0,0,0,0,0,0,0,0,0,0,0,0,0,0,0,0
484.84441@1.22,0,0,0,0,164.3,0,0,0,781.3,0,112.5,0,0,0,183.5,0,781.2,0,0,0,0,0,0,0,557,127.2,0,0,875.6,0,0,0,417,0,196.9,130.2,0,0,0,0,562.3,0,0,0,581.2,0,0,0
168.94362@1.22,676.3,6048,6428,6628,527.3,5304,5180,5483,651,6954,6650,8010,507.9,5292,4815,8224,882,0,344,468.2,482,294.4,412.1,0,796.8,0,619.2,0,0,0,0,0,587.8,6499,6375,7733,511.8,7026,6076,7018,593.1,441,244.9,0,595.2,0,377.2,317.6
146.09007@1.22,204.5,0,0,0,243.1,1588,477.4,501.3,349.5,0,359.8,325,0,583.5,801.3,406.9,0,316.8,0,363.3,659.7,653.4,0,630.2,279.9,329.2,328.8,401.8,685.6,647.2,0,1232,282.7,255.5,0,276,337.1,263.4,292.5,281.8,0,225,253.5,190.3,330.2,6634,0,3912
444.85485@1.22,0,148,555.9,0,123.4,154.6,179.5,145.1,0,0,179,234.6,0,217.8,0,240.3,200.4,0,0,0,0,0,0,0,0,0,0,0,214.1,0,0,0,0,220.4,0,245.2,0,231.4,202.6,223.1,173.4,0,0,0,0,0,0,0
514.85375@1.21,0,0,0,0,145.8,0,222.6,0,0,0,0,0,428.5,0,295.1,146.8,0,0,0,0,138.1,0,0,0,106.6,0,0,0,1304,0,0,0,581.8,0,122.9,0,0,0,134.2,0,0,0,0,0,512.6,0,0,0
413.05@1.21,0,492.3,368.8,370,0,314.7,247.8,281.1,119.7,554.5,598.5,833.3,0,279.4,198.8,570.3,0,0,0,0,0,0,0,0,0,0,0,0,0,0,0,0,0,0,0,547.8,0,264.8,302.2,267.5,0,0,0,0,0,0,0,0
289.94185@1.22,0,1990,2024,1755,195.5,1699,1714,1831,0,2182,2279,2459,208.4,1648,1484,2617,0,0,0,0,227.4,0,116.7,131.4,212.7,0,1659,898,0,176.1,0,130,0,1615,1489,1845,0,1763,1732,1769,136,0,0,0,0,0,0,0
314.91907@1.22,224.8,251.4,0,0,0,245.2,297.9,323,852.2,227.8,339.6,292.8,0,0,0,420.1,522.4,162.9,0,142.5,176.2,153,0,0,321.5,0,0,0,406.1,151,0,0,344.6,271.1,0,314,0,300.9,250,233.4,0,135.3,0,0,556.6,0,0,0
537.71407@1.22,0,0,0,0,0,0,0,0,256.3,0,0,0,228,0,0,354.9,226.2,0,182.4,170.6,129,0,177.6,0,130.6,1950,1136,593.4,1162,0,179.9,131.4,258.8,0,110.9,0,0,0,0,124.8,198.3,0,0,0,291.7,0,0,0
368.92567@1.22,0,246,326.8,264.2,0,380.2,1221,246.5,152.3,233.2,873.3,620.5,0,250.5,1225,1355,167.6,0,0,0,0,0,0,0,0,0,0,0,283.7,0,0,0,140.3,194.6,299.2,306.8,0,307.6,967.9,301.3,133,0,0,0,0,0,0,0
233.00989@1.22,321,1267,1128,599.3,19050,915.2,24550,1366,644,1034,1487,1118,18310,336.5,11890,893.3,0,0,276.6,0,12490,173,219.6,246.8,831,0,0,0,21290,200.7,194.5,189.1,18410,1141,6322,916.6,10200,424.9,14160,1189,12180,0,0,0,14280,0,0,205.2
346.9471@1.22,0,1120,624.7,1070,133.7,1275,1159,1348,234.1,1272,1597,2315,656.3,785.1,1239,3534,193.8,0,0,0,176.3,0,0,0,217.1,0,0,0,586.2,0,0,0,459,997.8,1300,1438,168.7,1070,1370,1230,151,0,0,0,282.2,0,0,0
247.88228@1.23,1336,992,1088,1019,1510,1091,1153,1137,1761,1152,1167,1264,1471,979.5,1270,1530,1278,4634,4631,2904,1053,1864,1838,1927,4030,3184,3363,3187,0,1900,2241,1941,1719,0,998.6,1175,1231,939.4,1589,0,0,2860,1376,1461,0,3230,1558,1869
229.99276@1.22,0,297.8,415.2,332.2,194.9,259.9,315.6,266.8,355.5,344.6,0,396.9,198.3,255.6,319,381.1,646.9,139.5,171.2,209,204.2,146.1,169.8,0,318.5,0,168.6,204.8,212.4,0,136.7,0,202.1,608,698.3,793.6,164.5,367.3,973.3,607.5,186.3,0,0,0,220.8,0,0,0
242.87168@1.24,926,0,0,515.4,896.7,772.9,886.1,856.1,0,768.5,0,951.4,0,633.6,861.3,1504,0,1109,1364,1325,0,785.9,839.2,825.6,1371,2625,0,2244,1795,858.7,1321,831.6,1466,0,830.9,0,686.4,588.8,964.8,750.4,981.4,597.3,0,0,0,0,0,860.3
328.89654@1.22,275.8,664.4,481.6,435.5,220.4,378.4,832.9,619.3,0,759.3,1139,1457,298.6,352.7,454.9,2280,373.1,0,0,0,133.2,166.1,178.6,0,300.4,0,0,0,218.9,154.1,246.3,0,348.3,391.8,495.3,738.5,256.6,530.2,1390,650.9,0,0,134.7,0,279.1,0,0,0
324.10873@1.23,0,0,0,0,0,0,0,0,0,0,0,0,246.6,0,177,802.3,0,0,0,0,0,0,0,0,0,0,0,0,329.9,0,0,0,0,0,0,0,0,0,0,0,199.7,0,0,0,0,0,0,0
473.79022@1.23,0,145.6,0,0,144,193.1,212.4,0,172.7,182.7,257.5,0,0,121.4,164.6,567.7,0,0,0,0,0,0,0,0,130.8,0,0,0,0,0,0,0,189,0,189.7,0,0,0,233.2,201.5,179,0,0,0,0,0,0,0
533.83025@1.22,0,192.8,0,0,0,135.7,168.7,217.9,0,145.8,210.8,0,0,0,154.2,581.7,0,0,0,0,0,0,0,0,0,0,0,0,0,0,0,0,0,0,0,108.9,0,0,233.7,107.7,0,0,0,0,0,0,0,0
402.86346@1.22,291.9,292.1,831.8,336.1,231.5,276.5,288.9,281.6,762.3,0,367.1,0,398,260.4,1271,481.6,820.1,0,214.3,171,183.8,0,0,156.5,452,0,0,220,440.7,146.8,213.3,115.6,383.2,278.5,0,371.1,0,258.9,279,290.2,314.7,0,0,0,873.9,0,0,0
554.66829@1.23,0,0,0,0,0,0,148.5,0,0,0,0,0,242.8,0,0,1007,0,146.1,251.6,178.5,0,0,0,0,218.6,2252,572.8,799.7,1083,0,287.5,193.1,372,0,128.3,0,0,0,0,109.5,201.9,0,119.4,159.9,0,129.6,134.3,0
291.97422@1.22,247.3,214.6,256.7,226.5,0,133.6,0,192.7,378.3,267.3,0,240.5,185.8,0,301.6,221.1,594.9,0,0,0,152.3,0,0,0,647.8,0,0,0,257.4,0,0,0,151.1,174.1,0,226.6,0,168.3,183.6,0,0,0,0,0,0,0,0,0
142.94674@1.23,8312,3054,3351,0,2000,4932,7669,9070,14650,6074,3043,7677,2864,3461,7471,1987,9803,1074,1056,1146,4583,1022,887.3,879.8,0,1012,827.6,1129,10380,0,931.2,954,2592,7186,11950,8150,5998,8223,9901,7393,0,853.4,884.8,708.8,11690,805.6,674.8,598.4
596.72543@1.23,0,0,0,0,0,0,0,0,0,0,0,0,0,0,0,246.6,0,0,0,0,0,0,0,0,0,999,0,240.9,249,0,0,0,0,0,0,0,0,0,106,0,0,0,0,0,0,0,0,0
186.07516@1.21,2096,9040,35890,0,1394,1426,4214,2943,17570,10620,17060,16730,0,1155,1697,30960,16400,4855,5448,6246,913.4,1021,980.4,1048,0,19740,4142,3364,4793,1023,1276,842.8,0,1729,2235,2652,1249,2481,3559,0,0,1090,976.8,1163,0,724.8,688,1486
593.90031@1.21,0,369.7,323.6,332.7,0,564.2,0,482.1,0,530.9,544.9,955.2,0,343.3,321.4,1194,0,0,0,0,0,0,0,0,0,0,0,0,0,0,0,0,0,421.1,405.8,567.9,0,389.9,842.7,353,0,0,0,0,0,0,0,0
340.13962@1.22,0,0,0,0,0,0,530.3,0,0,0,0,0,1297,0,1625,0,0,0,0,0,199,0,0,0,0,0,0,0,2928,0,0,0,0,0,0,0,0,0,0,0,0,0,0,0,0,0,0,0
491.67982@1.23,135.9,151.4,0,0,0,0,0,187.2,0,0,0,145.4,252.7,0,0,310,178.5,569.7,852.4,707.5,0,236.3,242.7,235.1,175.5,1425,1345,992.2,233.5,214.4,350.2,138.8,273.5,0,0,0,0,115.7,0,0,170.7,192.1,167.4,0,0,0,0,0
393.86081@1.22,0,254,346.2,370.2,141.2,0,213.7,289.9,0,0,273.5,0,0,809.9,211.3,226,0,0,0,0,0,0,0,0,182.6,0,0,191.8,166.1,0,0,0,193.1,814.3,304,367.8,117.7,371.3,312.5,363.8,0,0,0,0,0,0,0,0
441.03307@1.21,0,0,0,133.6,0,0,0,0,0,447.9,248.3,672.8,0,0,0,0,0,0,0,0,0,0,0,0,0,0,0,0,0,0,0,0,0,0,0,0,0,0,0,0,0,0,0,0,0,0,0,0
336.95049@1.22,0,0,365.8,264.6,239,0,539.5,274.8,383.3,247,0,343.6,0,187.4,339,257.4,423.8,0,0,0,192.1,0,0,0,230.6,0,0,0,870.4,0,0,154.5,388.8,205.6,301.1,0,0,0,387.4,0,323.4,0,153.1,0,425.8,0,186,0
348.03007@1.22,0,299.2,0,217.2,0,197.5,204.9,163.8,0,326.3,0,350.8,726.5,0,0,655.8,0,1076,1377,1480,0,0,173.6,0,0,4021,3175,2035,0,116.3,294.7,0,0,267.8,176.7,315.1,0,198.8,0,229.5,0,0,0,206,0,0,208.6,718.4
460.92426@1.24,0,0,0,0,0,0,125.9,160.6,0,0,129.8,0,327.8,0,149,0,0,0,0,0,0,0,0,0,0,0,0,0,729.9,0,0,0,0,0,0,0,0,0,0,0,0,0,0,0,197.8,0,0,0
486.8494@1.22,0,144.1,205.2,0,0,0,215.4,143.7,313,142.8,0,0,0,0,0,206.5,309.9,0,0,0,0,0,0,0,0,0,0,0,681.8,0,0,0,245.9,0,212,0,0,185.8,192.5,0,239.2,0,0,0,270.3,0,0,0
580.81718@1.24,0,0,0,0,0,0,0,0,0,0,172.2,0,182.3,0,0,229.4,198.1,0,0,0,0,0,0,0,135.8,0,0,0,704.4,0,0,0,245.4,0,0,0,0,0,0,0,198.3,0,0,0,272.9,0,0,0
534.70914@1.23,0,0,141.8,0,157.7,147.1,0,0,0,0,224,0,189.3,0,173.4,303,179.8,245.8,274.6,279.7,0,0,0,148.4,150.5,1375,1014,632.7,567.5,182.1,234.5,185.6,189.7,0,0,128.4,0,115.5,149.5,118.6,145.5,137.8,111,116,222.3,0,0,222.6
224.87667@1.23,390.9,0,1126,0,826,527.8,901.9,0,3695,710.9,1992,1082,2570,540.5,1600,2601,3856,0,636.3,593.8,624.6,458.7,602.6,603.1,2656,0,598.5,590.9,4271,566.5,613.7,450.6,3104,560.6,822.4,1140,604.9,501.5,920.1,642.9,2523,520.2,0,384,3450,0,1312,1463
532.69239@1.24,0,0,0,0,0,0,0,0,166.2,0,0,0,228.3,0,0,205.5,0,228.2,363,357.9,0,192.5,0,0,207.4,1263,1279,928,295.2,157.7,351.7,189,264.7,0,129.3,0,0,0,168.3,0,200.9,0,0,0,0,0,0,253.2
519.8089@1.21,0,0,0,0,0,199.6,0,189.5,517.2,0,155.9,195.9,216.7,0,181.1,332.4,386.4,0,0,0,0,0,0,0,191.6,0,0,0,260.3,0,0,0,293,0,138,206.3,0,0,225.3,140.6,231.4,0,0,0,300.8,0,0,0
150.94742@1.23,0,1041,961.4,998.7,710.8,1656,1925,2025,1155,1080,2620,4251,672.4,903.1,956.6,1300,1061,6172,774.6,0,0,735.2,757.9,1758,1068,1470,7363,1316,975.5,783.7,1016,843.3,960,956.5,1678,989,660.9,881.5,1093,2053,870.1,546.7,537.1,718.1,1002,0,0,864.1
362.95887@1.23,0,0,0,0,1593,0,2067,0,194.9,247.9,196.4,0,5414,138.6,2831,0,0,0,0,0,1282,0,0,0,0,0,0,0,9037,0,0,0,2996,165.4,322.6,142.2,937.2,205.3,1332,0,2040,0,0,0,3362,0,0,0
470.73656@1.23,213.8,0,229,142.9,0,188.6,193,0,279.2,155.3,228.8,0,290.5,183.5,192.4,1035,231.6,744.2,1048,1245,145.8,202.6,309.8,226.9,253.3,2745,1428,1203,2196,196,263.5,269.7,365.4,0,195.8,151.6,218,197.6,171.7,0,254.4,0,0,257.2,821.3,218.2,262.5,365.7
567.65462@1.23,0,0,0,0,0,0,0,0,242.3,0,0,0,0,0,0,280.2,264.7,251.9,361.6,615.2,0,109.3,119.1,116.5,143,1113,1166,899.7,317.4,167.5,0,0,0,0,0,0,0,0,0,0,198,0,0,0,268.4,0,0,167.2
134.11586@1.23,746,0,614,0,2490,20470,2352,2533,1119,688.8,741.8,641.4,34360,17120,22670,2529,835,842.9,647.1,705.3,22060,17910,22600,23530,831.9,637.2,783.7,0,22420,19210,21350,20040,45020,35800,37630,42580,37400,31890,35400,32360,50940,5067,5561,4580,38390,34710,34050,37820
209.95205@1.22,252.1,1713,2701,1731,157.7,710.1,949.9,1259,360.8,1537,1858,1581,303.1,1114,411.7,1237,330.3,0,144.5,0,0,0,0,0,0,0,137.6,0,373.8,0,0,0,215.3,1347,0,1325,233.5,1142,980.9,527.3,239.2,0,163.8,0,314.8,0,119.6,0
341.92476@1.23,224.6,380.5,438.7,356.6,123.2,453.5,477,468.1,234.1,403.3,853.7,1209,255.9,356.4,0,1430,722.4,154.4,0,0,0,0,0,187.4,0,207.3,0,211.7,0,0,177,0,231,373.9,442.2,477.4,0,321.4,575.4,0,160.3,0,0,0,225.5,0,0,0
513.85942@1.23,0,0,0,0,220.7,0,298.7,0,0,0,145.6,0,1015,0,518,0,0,0,0,0,116.5,0,0,0,0,0,0,0,1838,0,0,0,718,0,0,0,0,0,208.7,0,257.5,0,0,0,672.9,0,0,0
400.79013@1.23,0,513.4,500.4,951.9,0,946,786.4,1492,941.5,1218,1501,1634,416.1,833.6,1106,2732,0,338.3,947.1,0,211.3,326,319.9,320.7,405,3425,1487,639.7,2603,322.2,997.6,329.3,491.7,582.1,542.8,1491,299.9,1043,0,1471,333,300.8,0,244.9,1557,0,324.5,363.4
126.04984@1.23,366.1,334.9,742.4,406.4,247.1,402.1,375.4,0,349.7,812.1,581.6,776.3,324.5,0,389,1715,413.2,1444,1606,1811,305.3,752,862.1,644.9,388.3,3699,2216,2614,346.6,1052,1452,1015,357.6,328.6,0,780.8,305.3,0,764.1,309.2,285.7,1221,388.2,617,0,0,0,1381
483.82731@1.24,339.8,0,0,0,673.7,157.8,181.2,205.9,2292,137.6,233.6,178.5,1844,0,196.5,217.7,2447,0,0,0,0,0,0,0,1320,351.4,0,0,3020,0,150.9,0,2038,0,195.3,164.1,0,0,0,176.8,1463,0,0,0,2358,0,0,0
347.83934@1.23,366.7,747.5,630.3,1683,399.5,586,563.3,1231,1096,609.9,1446,2167,837.9,1340,1533,2695,1546,589.5,1794,1639,0,294.2,426.2,478.1,485.5,10510,5147,3088,4179,442.5,1646,473.4,1624,1843,643.2,1631,343.1,1805,658.3,1388,1045,348.2,361.3,365.1,1472,345.5,361.4,391.4
174.14434@1.22,0,316.3,0,443.2,490.6,397.9,374,369,496.3,0,432.7,521.8,393.7,306.4,562.6,579.2,465.8,462.6,427.7,1003,374.7,606.9,642.4,800.8,454.3,677.1,942,730.4,537.1,687.7,628.3,591.8,745.5,616.2,739.7,511.2,734.1,517,855.4,755.6,881.1,583.3,722.6,783.3,521.1,5885,509.1,1307
345.91695@1.23,0,654.8,1054,729.2,0,814.6,830.2,1148,0,972.2,1301,1424,242.9,298.7,1042,3666,237.4,0,0,153.8,151.5,228.7,177.1,203,0,527.3,410.8,212.2,306.6,0,275.2,0,219.8,368.4,682.1,521,0,537.5,1116,714.1,238,0,0,0,205.7,0,0,0
200.94341@1.23,610.8,6615,3792,9701,561.4,2979,1430,2393,0,4536,8428,2679,465.3,1668,2244,1770,416.8,677.9,0,700.5,460.9,0,603.5,610.4,0,793.6,601.7,811.7,0,489.8,628.4,0,547.3,1892,3994,4073,511.4,1916,3150,1892,392.6,0,501.1,411.4,0,532.4,421.4,679.5
482.82654@1.23,181,192.8,259.8,247.3,206.8,229.9,161.6,254.4,778.7,140.9,312.2,213.7,804.9,0,208.2,662.9,440.8,215.4,143.1,0,133.8,0,192.3,0,337.8,0,215.2,185.7,1131,0,0,0,323.3,165.3,199.2,201.9,198.1,230.4,211.2,0,0,0,0,0,716.2,0,0,0
457.0175@1.22,0,0,0,0,0,0,0,0,0,243.4,198.6,796.7,0,0,0,0,0,0,0,0,0,0,0,0,0,0,0,0,0,0,0,0,0,0,0,0,0,0,0,0,0,0,0,0,0,0,0,0
439.74984@1.23,0,220.3,0,0,0,241.1,0,301.3,1164,0,310.4,828.7,1137,179.3,265.9,2560,1371,978.6,1787,1392,239.9,332.6,332.5,368.6,831,5477,3861,2981,3200,377.5,1117,604.5,1303,245.3,187.7,238.8,271.5,227.1,323.5,234,989.1,307.3,166.7,299.7,1453,250.7,256.7,871.6
310.8341@1.24,1963,3137,3425,2893,889,4431,2796,2625,0,3227,4395,4471,385.5,2271,3832,7019,424.8,513,490.4,449.1,331,458.3,313,464.7,983.8,0,543,0,473.3,515.4,450.3,433.5,408,2867,3180,3154,419,2330,5181,2944,389.5,668,385.1,0,0,341.7,688.8,382.5
590.6284@1.24,0,0,0,0,0,0,0,0,155.9,0,0,0,177.9,0,0,270.9,245,201,428.5,293.5,0,140.2,0,0,178.4,1459,904.9,743,376,119.9,228.8,0,0,0,0,0,0,0,0,0,0,117.2,0,0,271.5,0,0,0
348.92383@1.22,711.1,568.1,1239,0,0,494.1,887.5,0,1415,409.3,1545,573.8,1413,515.8,2156,890.1,1798,0,0,0,323.6,0,0,0,0,0,0,0,2683,0,0,0,0,774,0,670.8,346.7,0,735.2,586.6,691.1,125,145.5,0,1443,0,0,0
339.78574@1.23,841.1,986.1,298.9,358.6,494,754.4,817.3,994.6,2454,0,1844,2324,1835,279,1665,3455,2358,2392,5067,3572,0,1193,1526,1400,1418,8435,7426,6126,5320,1299,2514,1398,1218,304.9,377.7,654.1,394.2,230.2,929.1,371.6,1963,749.8,569.9,807.5,3897,748.8,1016,2012
414.10324@1.23,0,0,130.6,192.2,0,0,0,0,0,1198,356.8,1586,0,0,0,0,0,0,0,0,0,0,0,0,0,0,0,0,0,0,0,0,0,0,0,170.3,0,0,166.3,0,0,0,0,0,0,0,0,0
421.1099@1.23,0,0,0,0,0,0,0,0,0,0,0,0,245.9,0,0,0,0,0,0,0,0,0,0,0,0,0,0,0,635.7,0,0,0,0,0,0,0,0,0,0,0,239.8,0,0,0,416.9,0,0,0
340.79532@1.23,1008,0,2882,0,0,403.7,2318,3512,2800,429.2,590,1558,2555,322.9,1294,1284,2973,1875,3313,2833,329.6,857.6,1084,1020,1501,6976,6055,2363,1798,1063,2166,1315,3301,0,3775,435,419.2,1210,3434,362.3,992.8,1077,340.6,649.2,2961,355.1,454.7,1137
499.82219@1.24,0,232,271.9,224.3,0,263.3,339.6,287.9,0,162.9,880.7,388.5,390.4,191.1,932.9,818.5,737.6,0,0,0,0,0,0,0,0,0,1139,366.4,1038,0,0,0,0,230.7,291.5,290,0,212,419.6,0,0,0,0,0,444.9,0,0,0
437.75179@1.23,312.2,325.8,359.3,272.3,406.1,682.5,386.6,876.7,2289,275.5,1081,2142,2235,258.7,871.8,4876,2558,1676,4068,3121,234.4,891.6,957.2,1019,1292,12150,8608,5695,7681,1104,2435,1140,2603,0,308.1,286.5,336.8,198.7,842.7,257.3,1725,475.2,232.2,367.7,3253,0,375.9,1327
416.84112@1.23,167,183.7,173.1,254.3,264.7,159,354.9,227.5,0,175.3,192.9,256.5,686.2,174.7,369.1,734.3,193.8,0,0,0,260.1,165,0,0,192.8,1246,761.2,527.2,1099,108.1,128.8,0,0,164.2,249.9,221.1,215.4,244.6,310.4,208.2,271.4,0,156,0,326.6,0,131.3,0
249.95867@1.24,261.9,571.1,0,676,0,375.6,448.3,504.1,258.1,0,1249,674.3,269.8,0,581.9,926.9,0,0,0,0,197.7,0,163,262.9,251.7,0,0,0,0,205.1,0,0,0,668.9,0,0,217.4,525.6,605.9,557,0,226.6,166.4,0,0,0,228.6,0
559.67827@1.24,0,0,0,0,0,0,0,0,203,0,0,0,199.7,0,0,777.5,244.7,216.8,326.4,315.5,0,0,146.4,0,0,1760,1165,950.3,1265,0,0,195.2,249.6,0,0,0,0,0,0,0,192.8,0,0,0,615.3,0,0,155.8
300.94033@1.23,180.7,0,650.8,0,403.9,147.2,385.3,309.2,260.1,251.7,0,0,865.6,160.2,571.6,264.6,0,208.3,0,0,304.4,0,0,0,219.3,0,0,0,1031,0,191.3,0,0,0,179.8,387.7,0,340.7,0,0,554,0,0,0,684.8,0,0,0
269.82884@1.24,1284,775.8,3590,1686,1659,838.2,1074,638.9,1141,0,1741,558.6,939.6,872,0,0,0,1074,1062,1100,844.5,1257,1127,1979,1462,0,840.2,0,0,2211,1272,0,1090,1755,824.8,2115,1516,1357,953.1,1358,1088,2252,2057,1748,857.8,2559,1098,0
497.81212@1.24,0,935.2,1195,897.7,0,1193,1262,1380,0,842.8,1820,2349,112.3,610.6,1125,4800,226.1,126.2,0,0,0,0,0,0,0,402,0,0,320.7,109.9,141.8,0,137.6,742.3,1106,1263,0,774.2,1688,823.4,0,0,0,0,207,0,0,0
110.04076@1.24,0,3233,0,0,0,3746,0,3258,0,3062,0,0,0,4652,1327,3472,0,0,0,1767,0,0,0,0,0,1490,1325,0,0,0,0,0,0,2801,2077,3527,0,2742,1749,1862,0,0,0,1154,0,0,0,0
287.80795@1.23,1710,1505,1354,1399,1688,0,1341,1470,2995,1725,1838,2685,3902,474.2,1893,2569,3618,4186,4925,4472,528.6,2213,3598,2179,2826,5614,5505,6658,1754,2390,4169,3732,3596,1114,551.4,1485,1592,987.8,1826,1314,2435,2475,1913,2050,4055,2001,1980,5221
304.88342@1.24,222.8,328.7,339.7,0,289.6,319.8,304.6,333.2,0,335.4,0,358.5,249.2,0,344.8,1053,378.1,219.4,326.1,341.5,271.7,218,249.2,188.9,0,247.6,0,0,238.8,246.3,299.1,237.6,248.7,304,332.1,339.5,239.1,309,0,288.1,339.1,166.4,239.1,0,339.9,0,0,258.7
535.78437@1.24,0,181.3,0,120.2,0,197.5,132.1,209.7,110.8,167.7,221.2,268.1,137.9,0,148.9,711,0,0,0,0,127.9,0,0,0,0,0,0,158.2,191.7,0,0,0,0,0,155.9,0,0,112.7,235.6,129.4,0,0,0,0,0,0,0,0
360.91729@1.23,0,172.9,238.8,0,0,115.1,188.4,147.8,0,778,217,0,290.3,0,171.6,127.6,138.6,0,106.8,0,0,0,0,0,0,0,0,0,605.5,0,0,0,204.8,175,238.3,204.8,0,221.8,240.4,0,167.6,0,0,0,0,0,0,0
495.77325@1.24,0,220.9,164.9,205.9,176.8,0,224,182,209.6,0,282.2,268.9,0,0,225.1,858.6,227.3,0,210.8,0,0,0,0,123.7,0,849.9,301.6,0,389,172.7,136,0,0,208.2,232.8,241.4,0,195.9,0,196.3,0,0,0,163.5,182.1,0,165.5,0
197.90174@1.23,1418,496,713.7,662.6,1418,803.6,746.2,587.7,2656,0,791.5,771.5,0,508.3,504.9,919.7,2487,2198,2723,3188,511.3,1790,1550,1215,2030,1575,1576,3252,924.2,1379,1908,751.8,1377,477.4,505.4,1008,543.1,477.7,0,452.4,1483,1475,542.1,618.2,802,600.8,570.6,0
556.6743@1.24,0,0,0,110,115.6,0,0,0,0,0,0,0,0,0,0,148.1,182.6,155.4,225.1,189.7,0,139.4,124.4,154.4,0,1244,347.2,290.1,217.2,187.5,214.6,183.7,204.8,0,113.3,0,0,0,0,0,0,0,0,115.1,0,134,138.4,0
586.64526@1.24,0,0,0,0,0,0,0,0,0,0,0,0,0,0,0,235.2,134.2,0,144,186.7,0,0,0,0,0,887.2,293.7,321,186.2,0,160.1,0,112.5,0,0,0,0,0,0,0,122.7,0,0,160.9,0,0,0,0
651.63517@1.23,0,0,0,0,0,0,0,0,0,0,0,0,0,0,0,0,0,0,143.7,0,0,0,0,0,0,1023,374.4,211.8,289.9,0,0,0,0,0,0,0,0,0,0,0,0,0,0,0,117.6,0,0,0
323.97832@1.24,0,0,158.5,0,0,0,0,0,0,0,0,144.5,491.1,0,0,0,0,0,0,0,0,0,0,0,0,0,0,0,341.2,0,0,0,0,0,0,141.7,0,0,0,0,189.2,0,0,0,236.8,0,0,0
364.93126@1.23,133.8,227.4,207.4,238.8,268,0,315.4,195.4,138.8,168.1,0,0,983,213.6,331.4,0,0,0,0,0,0,0,119.5,0,0,0,0,0,873.2,0,0,0,360.1,0,192.6,0,219.7,159.5,234.3,134.4,267.8,0,0,0,338.8,0,0,0
329.87556@1.24,0,220.9,354.2,346.7,295.6,254.6,359.2,282.3,0,383.2,299.2,0,344.2,239.5,379.8,263.8,776.8,219,321.6,306.8,263.4,313.3,296.9,308.7,705.1,432.4,0,427.3,771.6,298.8,0,294.1,276.1,306.3,0,0,249.7,311.1,289.7,252.4,307.2,0,215.6,208.5,300.5,0,209.7,0
498.82184@1.23,0,829.4,1002,776.2,0,502.8,818.9,893.8,228,582.4,1304,1535,226.1,365.1,951.2,3278,276.4,0,0,0,0,0,0,131.2,183.9,0,307,0,278.6,0,0,0,0,627.8,1018,602.7,0,296.8,667.9,344.9,191.5,0,0,0,152.7,0,0,0
137.01045@1.24,0,10910,699.9,2278,657.2,6967,3370,7766,0,7949,624,1793,0,8709,1777,11590,545.8,7652,3219,3976,683.1,0,736.6,1011,0,3362,2578,3210,0,794.2,463.2,963,0,5684,1326,2992,761.7,5103,1153,2435,0,1541,1839,2293,0,1206,1622,2370
330.92595@1.23,278.4,0,0,544.5,261.1,380.9,868.9,1557,901.6,641,0,1147,1181,270.5,1331,1749,850.8,0,0,0,199.7,0,0,0,534.2,0,0,0,778.9,0,0,0,290,332.3,3110,614.7,184.3,0,487,382.3,242.8,0,113.1,123.3,825.9,0,0,0
492.00206@1.24,0,0,117.5,0,0,0,0,0,0,697,246,1031,0,0,0,0,0,0,0,0,0,0,0,0,0,0,0,0,0,0,0,0,0,0,0,0,0,0,0,0,0,0,0,0,0,0,0,0
588.63163@1.24,0,0,0,0,0,0,0,106.2,326.7,0,0,166.1,313.2,0,0,961.6,591.7,300.7,782.5,552.6,0,121.6,156.6,153.3,183.7,2932,2097,1155,847.2,0,381.7,213.3,460.4,0,0,0,0,0,0,0,286.2,143.7,0,113.4,510.9,0,0,209.1
431.83105@1.24,440.9,255,0,241,339.9,0,155.1,242.2,1189,0,0,0,1079,157.6,188.8,257,1134,223.7,219.7,0,170.9,0,164.8,0,990.3,0,301.7,0,349.1,160.4,206.5,213.2,891.2,146.8,195.1,161.7,281.4,234.8,200.5,0,456.9,122,0,0,1055,0,0,184.4
429.89124@1.24,0,152.4,184.3,0,129.8,0,0,124.1,0,125,162.6,0,0,0,0,0,261.5,0,0,0,0,0,0,0,164.2,0,0,0,723,0,0,0,216,0,0,0,0,0,0,0,147.7,0,0,0,255.8,0,0,0
445.87019@1.24,0,0,345.3,184.9,0,369.5,298.3,309.7,152.1,0,327.3,0,0,252.2,272.1,365.7,0,0,0,0,0,0,0,0,0,0,0,0,494.5,0,0,0,147.9,323.3,215.9,354.6,0,0,0,201.4,0,0,0,0,0,0,0,0
665.75851@1.23,0,0,0,0,0,0,0,0,0,0,0,0,185,0,0,0,0,0,0,0,0,0,0,0,0,0,0,0,449.4,0,0,0,0,0,0,0,0,0,0,0,0,0,0,0,0,0,0,0
555.66812@1.25,0,0,0,0,0,0,0,0,0,122.2,0,0,201,0,0,252.7,0,154.6,244,272.2,0,0,0,0,202,1722,1067,609.5,381.2,190,277.3,147.9,255.7,0,0,0,0,0,0,0,113.3,0,0,0,207.4,0,0,161.3
250.87296@1.24,6278,5813,8201,5888,9029,7901,9066,7922,22540,1981,12270,10550,18450,3291,9949,38130,20980,15810,28460,23590,3114,9189,12140,10630,14170,130600,96030,44860,24380,10780,22290,11550,23190,4067,6448,6706,5639,3200,9947,4702,15940,8264,4333,5082,26190,6593,6017,13940
144.04641@1.24,0,0,1835,501.3,409.2,0,1410,1596,0,0,1971,2025,0,0,1062,4169,0,0,738.2,579.8,423.6,376.5,560.5,0,550.2,0,2558,0,802,0,687.8,517.3,941.3,1933,4602,3970,0,2538,3234,5897,539.6,554.5,527.4,0,493.6,3137,556.4,387.1
264.95012@1.24,254.1,0,511.7,425.6,1366,336.3,1618,427.3,969.2,383.4,885.4,385.9,1819,441.4,1704,550,944.7,860.6,1079,1267,1800,0,0,115.3,327,1130,1603,1628,645,147.6,0,178.9,557,269.3,383.8,675.2,444.6,0,371.3,314.9,479.9,0,136,0,1071,172.7,201.2,185.5
232.86377@1.24,1582,0,1602,0,1819,1583,1892,2846,5626,0,2022,4822,6490,1306,10010,9100,6704,5500,7598,6970,1296,2814,3660,3382,4740,34290,14990,12390,24620,3564,6201,2166,7094,1202,6357,1716,1354,1238,3674,1402,5301,1656,1275,1432,6830,1422,2861,5080
402.76672@1.24,465.7,921.6,984,713.8,1137,570.1,1254,983.2,3183,723.4,1785,1914,3560,346.9,1394,6248,3238,1944,3656,3400,317.6,1185,1412,1848,2081,18370,13140,9209,13530,1464,2897,1579,3816,424.1,1091,1175,746.2,349.5,1363,895.3,2090,1429,339.4,438.6,4320,1054,480,2085
485.83473@1.25,0,0,0,211.5,0,167.7,0,122.4,327.3,0,145.3,0,0,0,0,0,553,0,0,0,0,0,0,0,0,0,0,0,703.7,0,0,0,214.9,0,168.7,147.2,0,0,0,0,0,0,0,0,341.1,0,0,0
553.66417@1.24,124.9,0,0,0,212.1,0,0,123.8,769,0,0,216.1,760.4,103.9,238.4,1627,698.9,309,1584,910.8,148.7,246.2,264.7,418.1,358.2,3226,3215,1847,2242,292.3,918.2,270,911.8,0,0,153.7,0,0,230.6,119.8,734.5,231.2,135.9,155.5,1173,0,186.7,587
220.9085@1.24,544.9,761.1,792.2,650.2,818.1,684.8,787.1,1738,2615,0,1777,3557,1622,569.3,964.3,3820,2896,1725,2837,2897,566.2,758.6,1262,944,1826,9794,7620,4252,7441,972,2066,848.3,1425,637.4,672.5,552.9,553.8,442.8,922.4,596,2488,734.7,552.1,597.5,3201,541.9,617.6,1071
501.72385@1.25,0,156.9,0,0,0,112.9,0,0,190.8,0,0,0,200.2,163.2,106.7,190.3,0,243.2,223,175.1,189.8,232.9,0,161.4,236.1,814.1,1204,312.3,245.9,238.6,223,152.9,197.8,0,123.8,195.1,112.9,149.3,0,174.6,0,175.3,0,0,230.3,0,0,207.3
136.93547@1.25,0,4143,2081,2009,1944,4077,3670,5148,5715,1680,5157,7273,11820,1349,3420,17510,7465,6001,11740,7587,1284,4310,4820,8539,5667,24940,8523,19400,18220,4368,7312,4641,12100,1396,3330,3036,1490,1169,7001,1447,5130,3790,2682,2691,5498,1834,3041,5582
224.85931@1.24,811.3,917.8,0,713.7,0,0,918.5,606.8,1994,747.4,905.5,1906,0,527.9,837.5,1395,2138,709.3,709.4,658.3,470.6,565.6,600.1,606.2,0,528,660.7,632.6,0,564.5,622.9,0,0,612.3,930.2,806.7,577.7,488.6,0,657.4,0,622,412.6,536,1655,568.3,603.1,0
418.06449@1.24,0,0,0,0,0,0,0,0,0,219.9,0,394.9,0,0,0,0,0,0,0,0,0,0,0,0,0,0,0,0,0,0,0,0,0,0,0,0,0,0,0,0,0,0,0,0,0,0,0,0
445.00394@1.22,0,282.9,445.7,177.5,0,0,0,0,0,229.6,654.4,502.9,0,0,0,0,0,0,0,0,0,0,0,0,0,0,0,0,129.4,0,0,0,0,0,0,0,0,0,0,0,0,0,0,0,0,0,0,0
499.75911@1.24,0,232,266.6,231.9,226,263.3,498.8,233.4,1076,204.8,0,393.8,794.8,196.4,0,1717,662.2,378.9,1000,1025,0,253.7,261.2,345.1,346.5,6858,4296,1807,3952,300.6,904.2,267.2,1051,225.7,284.5,290.3,0,209.2,632.2,0,392.3,181.9,140.4,199,1082,193.6,172.5,420.5
182.92313@1.25,3510,1431,6119,1394,1727,1631,3443,1589,12580,1457,1707,1869,2418,1108,1844,2415,10450,12730,5894,10270,2509,8164,7689,1895,9541,19580,16630,12130,2908,8326,9315,1887,9331,2193,1344,1466,5528,0,1513,1109,1559,7348,2862,1383,10240,3055,2440,1957
288.82208@1.24,1841,0,7257,0,1434,584.5,1638,3785,2211,1706,0,2183,3286,365.2,1437,3196,2754,949.8,0,2420,0,1855,1974,888.8,872.7,4213,3778,3551,4559,1842,1077,2052,2048,1765,4907,2275,1555,4341,3376,2082,2907,823.6,2033,0,2447,1152,1650,1080
481.79755@1.25,0,0,0,192.3,180.6,0,181.5,0,606.1,0,0,201.6,305.8,0,221.1,282.5,325,195.9,0,237.2,0,0,0,0,255.4,241.9,902.8,0,402.1,0,0,139.6,0,0,180.7,0,197.8,140.1,183.1,201.7,249.3,0,0,139.5,299.6,0,0,0
260.86757@1.25,3045,1352,10160,8860,2811,1203,3211,7657,5706,2234,1821,4012,9977,1939,3105,6167,5265,3770,5656,5240,810.4,2304,2880,2692,4698,22610,9719,14410,17570,2395,4347,2135,5177,2539,7915,2903,2233,5109,8222,1108,3666,1191,810.1,686.9,5607,904,1741,3036
304.79761@1.24,2799,2279,2845,1831,2452,2218,2346,2178,6246,2301,3053,8469,10880,1477,2973,2967,6135,4017,6073,6129,1458,2671,3181,2926,4815,18600,14690,7200,16680,2619,5170,2729,6056,1861,2254,2463,1829,1414,3362,1776,4200,2386,1372,1811,6091,2239,2236,4379
548.9684@1.24,0,0,166.1,0,0,0,0,0,0,484,193.4,776.5,0,0,0,0,0,0,0,0,0,0,0,0,0,0,0,0,0,0,0,0,0,0,0,0,0,0,0,0,0,0,0,0,0,0,0,0
369.78403@1.25,1262,795.2,476.8,436.6,797.7,367.4,409.6,0,419.8,659.3,464.5,1072,0,385.1,293.4,1383,377.3,796.3,436.5,488.8,918.8,1249,560.1,495.6,455.8,1647,1183,0,947.4,518.5,0,811.6,427.8,322.8,841.1,810.1,375.8,375.9,676.9,367.9,0,455.5,1128,1026,384,921.1,861.7,428.1
249.86577@1.25,1801,1415,3031,1394,2499,3342,2527,3632,9056,2285,6907,3763,5488,1293,3045,8509,9821,5298,8086,7927,956.9,3336,3616,4038,3894,57540,15790,21020,19480,6479,7118,6428,6002,1364,1837,1985,2434,1252,4964,2186,4948,4610,1766,3094,6929,3550,3335,4956
335.95329@1.24,0,301,816.5,340.8,0,0,153.5,0,0,0,868.8,0,144.1,0,0,144.8,202.9,0,0,0,0,0,0,0,0,0,0,0,117.2,0,0,0,0,0,0,0,0,0,0,0,108.7,0,0,0,0,0,0,0
196.89422@1.26,946,592.8,755.7,704.7,0,955.5,969.1,945.2,6498,1433,819.5,988,1140,640.3,1007,1025,1274,2479,1166,3107,540.9,925.2,823.7,5658,2882,1653,8530,1857,0,4412,2342,1001,1246,641.2,828.5,861,1185,653.3,1860,0,2368,1801,717.9,824.9,1268,805.4,673.9,2306
234.92386@1.25,372,406.5,452.3,0,417.6,398.1,384.8,336.3,565.7,345.1,497.6,540.4,712.1,309.2,393.5,672,743.4,520.5,646.7,664.5,249.5,382.1,295.6,384.9,513.5,0,0,0,989.9,395.5,578.7,385.6,0,361.1,318.4,345.3,0,0,424.2,314.2,546.8,342.9,308.1,317.7,770.2,329.2,313.5,427.7
369.83388@1.25,0,423.8,476.8,436.6,0,309.8,240,345.4,315.2,403.4,437.3,528.4,207.1,293.8,0,0,231,0,406.4,406.9,231,317.9,262.8,232.6,267.7,0,0,0,571.1,279.6,0,0,233.6,311.2,384,377.5,227.8,366.2,354.7,298.9,0,276.5,194.6,0,344.5,0,336.3,310.7
180.9079@1.25,81660,66700,82560,69210,72220,14360,16070,15380,27730,79100,121300,20460,22750,10570,17190,25660,149800,124400,29290,28870,10520,86470,115700,18510,135800,39110,35730,33510,28390,0,23630,18140,24090,11590,13550,14110,12570,10200,16540,11580,20720,16260,12240,78080,145000,69140,85110,20960
181.91813@1.26,1096,1014,957.2,1027,952.8,886.4,780.7,926.1,1755,2232,1117,1174,6814,4022,940.3,7583,1571,2485,3530,6128,533,0,0,779.2,2732,2024,1907,1413,1665,4880,1250,4661,6613,1794,0,1737,1390,1676,1734,783.9,5502,0,1620,1587,1474,3797,813.7,854.8
242.86807@1.25,2203,4888,2220,2289,1926,818.1,905.1,875.9,3396,1996,690.7,1227,2841,3466,797,1845,3755,1320,3232,3485,587.5,3710,3411,0,3136,13540,12020,8613,2147,1675,2303,1783,1421,1663,979.9,851.7,555.5,1654,2042,681.9,5944,891.6,637.7,694.2,2382,707.4,1610,1691
210.91297@1.26,1668,1281,0,1143,490.6,468.5,602,572,2947,508.3,634.2,537.5,654.3,457.1,521.3,368.5,4836,2135,2324,4758,408.8,974.9,0,545,0,5276,800.3,2778,0,811.1,670.3,534,801.6,441.5,589.6,445.3,463.8,424.3,566.1,328.6,0,486.1,0,455.7,2189,457.8,641.4,1274
240.87599@1.26,5724,785.7,790.7,557.5,929,665.2,780.6,861.2,0,760.2,622,0,942.3,705.5,581.4,0,0,1174,1189,1207,0,1028,1045,0,1195,1179,1280,0,512.5,0,1068,805.9,1052,796.6,789.2,868.2,805.6,737,934.9,778.1,889.2,985.6,860.5,866.2,0,974.9,1011,1027
401.77056@1.25,326.1,0,283.3,0,0,274.1,331.2,333.1,1322,250.3,365.1,380.4,0,194.2,283.6,3044,975,570.5,1401,845.1,248.9,335.1,373.8,397.3,506.6,1971,4652,1979,3547,268.4,1151,386.4,545.3,261.3,298.5,307.6,269.8,266.9,0,264.6,764.8,363.1,284.1,274.2,1363,321.1,322.6,668.7
361.93502@1.25,0,146.3,236.2,174.5,0,0,264.4,138.1,0,156.2,136.2,173.5,548.5,0,296,0,0,0,0,0,228.1,0,0,0,0,0,0,0,1285,0,0,0,0,0,230.4,0,0,0,0,0,328.9,0,0,0,522,0,0,0
337.01124@1.24,0,283.9,358,179.2,186.6,0,0,0,327.8,0,417.1,0,0,0,0,0,359.1,0,0,0,0,0,0,0,0,0,0,0,662.5,0,0,0,0,0,0,0,0,0,441.7,0,296.6,0,0,0,402.2,0,0,0
231.86558@1.26,1955,584.5,812.1,495.6,1648,0,586.6,898.6,1377,561.3,3548,1058,1872,676.4,1755,3324,3370,1414,5782,3340,701.7,1734,1758,1689,2798,8182,3170,0,2530,1652,1660,2176,2797,1138,0,1310,1594,684.9,800.7,468.9,2120,1502,1603,1207,1876,1448,1430,2367
184.90653@1.26,1534,707.7,801.5,722.3,1264,514.4,0,668.5,2195,1550,824.4,2814,866.9,895.1,1378,746.1,1040,928.7,2304,4755,409.9,593.3,1240,765.6,692.6,1685,6011,6215,1144,868.6,831.3,718.5,921.2,375.6,2332,1051,0,437.7,2280,0,798.1,988.6,943.6,0,952,610.8,624.2,3693
298.84117@1.27,740,0,543.2,566.6,882.8,601.2,1395,546.7,784.8,412.2,1321,0,517.5,0,0,799.3,507.1,640.5,715.7,691.2,634.2,914.6,1028,0,1003,0,0,843.1,824.2,754.6,0,963.5,845.6,657.6,481.9,570.6,731.6,377.1,0,691.7,672.5,760.1,791.3,0,0,795.5,868.2,832.7
185.898@1.26,26440,20140,21220,19430,26910,29810,15450,29740,42900,23400,27730,37850,40350,20390,29820,45630,44010,36130,45540,41970,19760,28050,30720,33010,35550,63580,57180,51160,53890,28340,38710,31920,40110,22780,12970,13550,21780,10750,32060,13400,36470,28610,21230,13060,43340,14210,23230,32670
303.80123@1.26,1253,1028,1246,456.8,423,466,466.4,473.8,1654,389.6,851.4,1138,797.7,0,488.3,809.7,3773,1422,1241,1129,282.7,1055,1270,688.3,1699,1638,1424,1091,790.8,0,1779,623.8,810.1,0,755.1,551.2,845.6,351.8,526,387.5,1247,1100,409.6,0,1709,752.2,547.1,1730
163.90036@1.26,914.5,768.5,788.7,2776,811.9,0,825.7,1461,1233,578.3,678.9,878,1311,609.1,664.8,881.8,0,0,1332,1294,982.1,939.9,769.5,876.3,6218,1877,8796,1645,0,628.5,1240,4179,1161,678.1,0,618.6,701,532.4,761.9,0,5396,925.6,759,1165,1183,0,595,1120
347.8434@1.25,0,1755,585.5,681.6,441.2,542,0,0,645.1,1810,689.1,588.8,829.6,0,0,1580,908.6,0,1095,1069,323.3,456.5,434,0,0,0,0,0,2458,362.8,949.3,458.1,840.8,0,541.6,0,370,0,561.1,545.5,486.4,276.1,0,301.5,1079,386.2,335.6,499.1
155.95807@1.26,678.3,2389,1131,883,0,473.5,2679,2625,0,2175,1269,842.8,2221,0,1119,0,1244,2365,5389,3758,1541,0,333.8,195.7,0,637.5,2763,2015,655.2,288.2,0,295.5,0,2061,1289,2565,489.4,717.8,2258,599,631.2,264.7,1091,1304,634.6,0,0,228.7
193.92413@1.26,44430,23320,6379,22300,7416,6660,7112,7084,11130,5582,7500,8539,9498,4661,7365,10640,0,62350,12690,60340,4780,8054,8902,8632,10150,16330,15420,14480,11160,8052,11060,8238,10040,5044,6272,6143,5642,4690,6983,5161,8139,7116,5518,6134,9630,6152,6337,8513
487.86642@1.27,0,227.9,632.4,321.1,0,0,179.9,0,0,0,379.7,275.2,0,0,0,0,0,0,0,0,0,0,0,0,0,0,0,0,0,0,0,0,0,0,0,132.8,0,0,249.6,0,0,0,0,0,0,0,0,0
252.83033@1.27,2668,7415,7226,6681,2988,2506,2601,2500,2945,1850,2063,2261,2729,2067,2520,1849,0,2987,2768,2968,2259,3216,21790,24390,3488,24300,3378,3089,2736,3235,3460,19600,3214,3914,4759,4625,2541,1960,9755,2184,2773,3035,12520,11200,2778,6172,2905,3060
264.8308@1.26,2528,0,653.9,890.9,2208,919.4,916.3,903.9,1277,918.7,858.2,759.3,981.4,852.6,1105,954.5,972.3,1372,1352,1520,911.7,1241,1039,7350,1414,1426,1563,1450,1069,979.3,1308,1262,1190,740.8,556.6,673.9,919.2,761.4,801.5,775.9,799.2,1210,1078,998.7,1099,1000,1044,1266
162.89864@1.26,134400,16240,17490,15500,18670,16460,18050,17140,30210,16110,19810,22310,24140,12360,18480,26000,30630,27650,32980,31510,12550,20300,21680,21970,0,0,39260,37140,0,0,26970,21260,26730,13670,15210,16440,15440,11680,17680,0,22440,19630,15360,16570,27640,18370,17500,25580
433.77141@1.27,240.2,248.4,244.6,222.8,0,207.8,0,0,315,220.4,0,222.7,0,218.1,280.7,1383,341.5,294,808.6,1341,144,271.5,269,288.1,294.3,1984,1141,1267,1265,0,377.9,252.9,335.6,212.1,255.3,230.2,197.8,0,300.5,215.6,294.1,176.5,0,187.5,318.3,170.3,250.2,271.1
342.88913@1.28,223.1,408.5,532.6,406,142.8,0,288.6,0,0,548.1,626.7,302.2,253.1,180.1,287.8,0,0,289.5,266.6,235.3,0,0,0,0,0,213.5,707.5,332.8,263.8,0,173.2,128,0,0,478,0,0,0,0,0,197.1,0,0,0,0,208.1,211.1,203.3
251.8374@1.27,4525,1343,1893,2982,998.5,0,1043,896.6,1205,865.7,886.5,969.7,972.6,0,904.4,1071,1137,7770,849.9,1214,834.7,2133,1073,1045,6132,1456,1016,1266,1126,1039,1282,1159,1138,669.6,0,1031,886.9,766.4,0,0,1009,1069,790.3,4188,939,1018,984.5,1090
223.85871@1.27,0,0,345.4,326.7,372.9,413,357.5,322.2,389,385.4,629.4,388.8,344.5,281.1,0,641.6,374.5,1353,2706,1762,0,0,376.5,0,381.1,1159,1100,1387,631.9,517.6,1042,327,0,0,0,342.5,0,251.3,341.1,0,0,342,333.9,295.4,373.1,288.5,0,306.2
283.83551@1.27,3189,1878,486.5,511.8,3008,1110,2246,1224,3507,2826,2125,880.3,2886,2057,2196,3064,3336,3735,4700,3972,3035,3258,3212,3230,3720,3807,3847,4379,2961,3101,3838,3172,3330,1371,2141,1413,2243,723.7,2565,1096,3138,2121,2483,2890,3159,3143,2612,3317
164.90043@1.27,3824,788.9,3038,585.3,840.5,879.2,833.1,817.5,1420,770.9,714.7,1138,963.7,2572,935.2,1394,1332,1230,6815,6860,581.9,683.4,988.4,994.8,1239,2077,9863,1844,1034,944.3,1021,1854,957.4,646.6,752.7,753.4,541.3,0,847.7,510.1,7594,832.4,696.9,599.3,1239,1830,1739,1154
335.81359@1.27,0,356.2,431.6,310.4,874.4,364.4,330.8,292.2,2663,370.8,419.3,979,496.4,313.9,395.9,1563,447.9,873.8,973.4,905.1,324.2,412,729.7,1720,1119,2408,1785,2220,2409,414.3,987.9,0,515.8,323.3,0,254.7,313.4,288,369.2,319,1452,686,349.4,348.3,838.4,394.4,385.7,987.9
247.96159@1.26,0,769.2,954.9,721.3,0,0,0,392.4,0,630,0,364.6,0,226.9,0,0,283.7,157.2,162.3,163.9,176.9,185.5,0,0,153.7,226.5,183.9,0,251.5,0,103.7,0,0,0,0,0,135.3,0,0,341,0,0,0,0,249.2,0,141.8,0
175.91907@1.27,105900,11570,12290,11500,0,12350,13580,13370,21560,11540,14750,16630,18150,9313,14470,0,21580,0,23290,22450,0,15000,16240,16300,0,30340,28640,27230,22620,15370,20370,15600,0,10420,11660,11970,10950,0,13630,9903,16310,14030,10860,11780,19620,12760,12520,17720
298.98621@1.28,0,0,321.1,325.9,0,0,0,140.1,399.3,0,0,437.6,109.7,0,153.6,201.1,0,215.6,0,0,0,0,0,0,143.4,0,0,0,192.4,0,0,0,0,208.2,303.9,0,0,285.1,238,242.2,0,243.4,800.1,923.4,184,370.1,561.3,309.1
461.73765@1.28,263.2,257.1,167.6,209.1,217.2,223.3,215.4,0,1627,211.7,0,211.6,304,0,0,465.2,737,0,486.9,637.9,255.9,0,324.9,236.8,0,914.9,1445,445.3,337.7,199.7,883.1,656.8,400.9,0,167.2,0,0,0,164.6,137.6,353.3,0,188.6,0,0,0,190.7,0
124.00045@1.3,699.3,942.8,0,795.8,650.6,611.5,622.5,435.3,637.8,1184,432.5,711.6,0,613.8,0,529.2,563.9,868.4,523.3,495.9,590.2,23520,9678,24000,685.7,1326,523.6,0,533.9,9022,1365,9422,559.5,0,591.3,760.8,403.9,614.3,0,494,0,26750,7935,17680,0,16760,2009,16500
262.94525@1.3,145.6,261.4,0,401.3,0,241.6,0,0,171,235.4,405.9,0,0,0,201,169.8,0,348.5,649.7,1060,0,0,0,0,0,247.4,405.3,0,0,0,0,0,0,0,0,0,0,0,314.4,338.1,0,0,0,150.7,0,0,0,0
446.79629@1.31,0,272.1,291.7,229.6,204.3,228,215.6,213.2,0,0,0,219,0,0,187.6,256,0,280.5,0,365.1,0,0,0,0,0,341.9,1265,335.8,172.3,0,0,0,0,0,0,229.1,0,182.6,167.1,211.7,0,0,0,0,215.1,0,0,0
202.96459@1.32,235.9,334.1,0,379.3,255.3,0,408.5,1375,0,0,531.8,365,277.8,0,0,319.2,0,223.3,246.7,0,204.4,221.4,202.6,235.7,291.5,452.3,0,0,0,189.9,182.6,176.7,264.4,312.1,1196,0,0,489.8,612.3,0,0,0,0,0,248.4,243.4,208,0
374.83806@1.34,0,220.7,425.5,0,0,0,205.8,624.5,0,0,0,158.8,0,143.5,0,138.6,189.5,0,226.7,0,0,133.5,0,0,0,179.8,180,160,0,0,0,0,0,181.3,994.8,281,0,294.1,342.5,211.3,0,0,0,0,0,0,0,134.2
304.85946@1.35,178.6,487.2,0,0,0,305.4,0,360.2,0,309.1,264.4,0,299.5,0,283.9,0,516.4,0,314,326.3,126.2,0,225.7,0,267.2,418.2,956,309.3,265.7,0,0,156.4,257.4,260.4,385.5,347.2,0,306.4,329.8,304.5,207.5,0,193.5,222.7,0,145.5,176.4,0
384.82965@1.37,0,232.9,314,248.3,142.2,245.3,0,1389,0,0,253.2,252.6,0,0,177.1,0,0,0,0,0,0,162.5,0,0,138.9,226.4,0,0,0,0,0,0,0,226.6,1592,302.5,141.9,0,899.6,0,0,0,113.2,155.7,224.5,0,0,130.2
173.91322@1.39,0,1116,1055,0,0,0,0,0,6161,0,1442,1558,1877,1015,5351,5960,1789,1636,1867,1735,869.3,1089,1518,6198,1302,2740,15190,11880,8410,4792,1270,5675,0,825.5,1172,0,1154,1037,1382,830.6,1604,4129,1041,1072,8583,759.6,0,1407
273.31979@1.4,154.1,0,0,0,155.3,0,0,0,217.8,0,0,0,0,0,0,0,0,0,200.7,245.3,0,0,233.3,0,0,1163,450.6,378.1,389.4,0,278.3,161.7,0,0,0,0,0,0,0,0,0,0,0,0,0,0,0,0
501.68934@1.39,0,0,0,0,0,0,0,0,149.1,0,0,0,243.2,0,0,326.5,188.8,0,197.3,116.6,0,159.8,0,179.3,245.3,850.4,338.8,303.1,305,171.2,217.5,0,294.2,0,0,0,0,0,0,141.1,214.1,0,0,0,251.6,0,0,0
535.64909@1.41,0,0,0,0,0,0,0,0,0,0,0,0,0,0,189.9,224.1,126.7,129.2,0,0,0,0,177.6,0,164.9,580.1,312.8,202.3,197.5,198.2,206.1,223.4,232.1,0,0,0,0,0,0,0,0,0,0,0,0,0,0,0
150.95054@1.4,749.4,666.7,509,689.8,714.4,738,691.9,731.2,1051,0,883.9,1068,1015,741.6,0,4816,5712,928.8,1276,5811,0,0,967.5,2017,0,6785,1423,1438,4585,909.5,976.8,875.7,1109,646.7,729.9,0,800.9,667.9,0,713.1,4186,842.7,771.8,0,4762,0,697.4,1033
553.64974@1.4,0,0,0,0,0,0,0,0,177.4,0,0,0,321.6,0,0,710.3,244.9,149.9,255.3,274.8,0,0,0,152,169.4,1028,638.5,573.8,581,0,0,173,270.6,0,0,0,0,0,0,0,168,0,0,0,341.8,0,0,0
233.34617@1.41,178.8,0,0,0,235.9,284.4,250.6,0,0,0,0,0,301.2,0,0,354.5,0,0,258.5,0,0,217.4,285,169.4,311.6,758.2,541.4,1150,1585,253.1,359.5,0,336.1,191.4,157.5,0,0,0,239.6,140.9,172.1,0,0,0,344.7,0,0,0
270.83672@1.42,397.4,304.6,439.7,0,421,2082,1178,492.3,448.7,368.1,436.3,383.2,416.3,378.7,855.1,1729,359.2,0,0,486.7,267.4,383,424.4,1399,461.1,556.4,414.5,1194,3050,404.5,352.2,1099,469.6,460,2627,0,279.9,954.7,555.3,468.2,1839,341.6,268.4,371.6,891.7,314.2,0,323.4
345.79605@1.41,379.7,298.1,320.9,291.7,373.4,394.7,1219,0,0,0,0,394.1,1330,0,0,2456,1428,421.5,405.4,425,0,292.2,363,442.5,367.4,3132,1574,520.1,2724,1450,397.3,762.9,709.3,278.1,1130,0,328.6,358.7,357.8,412.4,403.7,312.3,299.9,300.1,2502,0,273.3,669.3
499.72419@1.42,0,0,146,0,0,128,0,216.8,0,0,0,200.5,616.4,0,245.6,1223,265.8,190.4,272.9,274.9,0,221.2,210.4,237.6,221.2,1398,802.3,531.2,842.1,176.6,257,239.3,377.9,136,126.1,118.6,165.8,0,150.5,140.6,209.8,0,0,198.3,672.3,0,130.3,228.5
196.89513@1.42,831.4,0,793.4,751.1,884.1,1028,3971,1010,1342,0,3593,1088,7161,759.6,1080,7437,1322,1189,7211,2697,642,4064,1096,905.4,2577,2117,1866,8848,8429,1094,3774,1145,6234,4041,3301,2306,1673,521.8,2543,784.6,1181,2295,777.5,792.8,6230,661.5,4191,3322
163.89849@1.42,4616,866.2,762.6,783.2,3708,938.2,955.4,1899,7288,923.1,944.8,4953,5497,2486,4816,5558,1416,5696,6408,6561,770.4,0,5346,5341,1207,11690,1707,8878,6094,818.4,5410,1047,0,878.1,2805,3174,2882,657.7,1057,789.8,1203,5812,0,2132,7273,4269,3985,1052
321.79804@1.43,369.3,280.7,271.1,252.6,447,0,388.6,341.2,1955,305.9,353.4,1067,2207,390.4,570.4,2121,2092,1082,1711,1432,353.7,966.3,512.3,1187,565.4,4267,3330,1897,4010,1419,1760,926.2,1661,331.1,320.1,365.2,406.7,276,448.5,342.6,1310,326.6,383,448,1285,399.3,427,481
193.92123@1.42,0,6123,24050,5523,34690,47240,37760,31320,70200,25570,30000,58480,59660,20940,48360,12920,61280,10500,84520,11760,26710,39250,9103,9508,10360,18160,93440,14200,82070,40490,71690,44230,71490,27600,31510,33460,37450,30220,46030,29350,44090,35610,21940,28760,55280,6059,30170,8865
164.89953@1.42,859.3,3410,764.8,0,1083,3898,4199,3796,7188,3777,3723,4083,5587,704.7,1165,8762,7136,1334,1517,1368,2585,1031,4460,5082,5747,13670,1820,7602,7707,4374,5512,2126,6391,928.6,3378,3840,3660,2877,6774,2939,0,4328,839.7,3332,8636,4521,1165,4822
180.9058@1.43,14570,13220,15210,12490,16250,85110,98740,18000,23850,0,18950,21280,24240,70320,119000,0,25370,21860,26320,24590,74300,16730,18330,19100,21080,0,31650,30420,32240,99690,22980,83160,23910,74350,73130,81500,13320,49850,18000,85770,20810,15780,69490,13490,26000,0,13880,18690
402.76104@1.42,381.6,329.4,452.2,353.4,848.7,1168,1183,1368,782.3,346.9,1127,1887,1190,272.3,1536,1892,919,0,1227,973.3,351.6,1145,1172,1080,587.4,0,0,1633,2476,1251,1920,1338,1139,325.3,429.7,614.6,370.5,327.3,1233,0,2097,330.3,361,521.3,2571,0,375.4,1606
461.72491@1.43,261.1,147,260.4,0,0,0,190.4,0,323.2,274.3,0,264.2,1678,258.7,347.8,1592,1118,1744,2196,1192,254.1,224.5,382.9,901.3,0,4218,1866,2801,2577,378.9,998.8,343.6,1721,0,222.4,226,267.7,179.2,153.9,146.6,1452,304.6,0,266.6,1717,0,340.4,398.5
175.91632@1.43,14990,44350,45690,42400,102000,16830,58360,57350,118000,70090,58500,65460,23900,39500,60900,26110,149700,21840,133800,24780,64500,88620,94010,19760,21630,36060,30160,160100,186200,110600,158500,18750,149000,79330,92980,84630,66470,54450,76720,46610,105100,96230,71590,85620,25020,14150,70020,128400
459.7345@1.43,249.1,0,187.3,192.6,267.9,201.5,177.7,164.7,322.8,186.5,0,311.5,346.8,254.2,0,367.5,306.1,339,1721,354.3,230.1,242.3,342.5,329.2,277.2,1715,1987,422.4,1189,362.7,1486,334.8,0,168.2,234.5,189,0,216.1,204.2,153.6,0,0,242.3,0,1663,237.3,213.1,325.2
381.76447@1.43,1717,212.3,322.5,0,910.9,205.1,347.3,263.2,2253,421.8,251.8,1587,1918,361.4,395.4,2086,2903,1290,2652,669.7,383.9,974.4,2253,1981,2303,4583,3470,3716,2503,1798,2571,1463,2445,262,216.1,316.5,991.4,204.9,376.3,230.9,1877,1743,0,419.1,2770,1321,637.3,1748
419.76199@1.43,267.2,239.7,252.6,171,281.2,0,254.2,274.5,869.3,276.4,226.4,315.7,369,197,284.1,1814,260.5,1795,1051,550.8,268.4,307.9,305.9,305.2,347.9,3057,2581,1079,2217,234.4,743.5,361,326.7,261.2,301.2,198.9,202,204.4,245,0,323.5,199.8,0,265.8,1494,0,223.3,232.1
260.86102@1.43,837.3,8469,1974,1285,1978,5424,1383,1528,1716,839.4,11300,1616,1970,0,1341,2512,1832,1435,2074,1857,679.5,2199,1129,1202,1426,0,2816,2565,3203,2949,2724,3097,2042,943.9,1609,1152,1652,1017,1533,5738,1641,1688,709.7,1951,2235,0,2684,2598
222.86938@1.43,444.5,432.3,541.6,464.8,420.8,2134,2651,2553,450.5,307.1,572.4,492.2,345.1,0,0,1760,0,0,1132,552.8,0,469.5,0,414.7,422,657.6,1357,1475,2181,369.7,1224,398.6,0,509.7,1821,0,447.6,461.8,3096,2010,308,427.9,324.3,0,2015,0,436.2,380.3
192.91896@1.43,703.4,681.7,543.3,0,819.3,6155,5891,6289,938.1,624.1,0,890.5,1005,624.3,0,4303,1027,961,1103,1048,535.4,801.4,0,778.2,0,8334,7017,5900,1088,837.6,898,708.4,898.8,5621,4777,4807,545.9,5393,4532,4828,858.7,758.6,680.6,744.3,998.7,0,635.7,0
250.86755@1.43,2295,2085,2646,2025,9283,4214,4383,12270,6915,6766,4160,11920,8796,6670,5326,12870,7656,5800,9369,8145,4104,10690,4914,5429,4980,0,0,12640,0,9551,7920,5177,9037,6075,7137,7165,5001,5451,4534,5626,6465,10000,5290,4978,10210,6930,6486,5596
162.89631@1.43,20520,62490,66090,60130,22650,118600,78370,81620,32670,92310,78630,159400,221000,17410,24890,36200,34540,29970,36720,33710,76960,155400,26590,26970,204400,0,42990,40780,42270,147400,202000,102500,34450,122000,19800,91990,19200,77290,24390,18560,193300,158500,73730,123600,36730,136700,120800,29280
231.86172@1.43,1758,675.3,747,587.5,2125,3906,925.5,1525,2887,681.6,609.9,900.5,1292,619.2,2603,1415,0,965.3,1139,2181,731.2,0,916.5,832.4,2146,2131,1719,3330,1749,823.9,2080,1034,1347,2880,4878,886,709.5,3244,3894,680,1003,1987,668.4,1432,1449,2588,2265,2103
251.83181@1.44,811.6,624.9,783.9,776.1,1181,1349,1355,3752,1431,3471,1014,3855,6520,3043,4870,4267,1400,0,5044,6615,3506,3251,6229,6539,1247,7226,6701,8267,7978,4818,1124,5481,5589,4642,3575,4047,5119,4801,3882,4750,7566,1157,4226,1000,5856,898.2,1003,6658
252.82618@1.43,18000,1855,1778,1776,17920,10030,10580,9370,20500,8967,8577,10200,20710,10620,13630,21050,14580,16230,22830,16060,11060,12640,3472,3554,20610,4092,25750,17040,28540,15030,17050,3399,14590,4606,4076,4584,12470,7723,2769,8190,16510,17680,1958,2667,20290,8160,12210,17550
240.87545@1.43,1204,3981,829,904.7,1134,854.7,1064,3149,7543,1279,1098,4138,5537,1009,4057,4058,7485,7786,8876,9220,3459,5126,4680,5561,6964,11050,10790,8635,4546,4277,5952,6378,6135,912.5,851.5,1659,1234,763,1031,850.7,6340,7545,5852,6305,6818,7169,5343,5164
401.75438@1.43,300.9,217.3,319.3,0,307.1,326,309.1,325.7,428.2,266.4,237.4,372,1377,272.5,0,721.4,1033,407.6,532.4,412.4,0,330.6,344.4,275.9,415.2,0,847.9,775.3,0,363.7,1005,373.9,1694,227.9,242.8,0,0,266.2,331.7,0,1252,254.4,243.2,284.7,670.4,0,270.1,1094
341.79927@1.43,1927,343.2,0,349.4,425.1,356.9,747.4,357.7,501.3,352.1,339.3,1595,549.6,366.3,1523,757,1211,1167,1052,2106,392.3,1369,1554,1548,847.6,638.3,576.1,562.4,577.2,1343,850.3,467.4,486.4,352.4,360.9,1751,0,306.7,394.7,371.4,1332,1641,859,429.4,558.2,1818,1063,1137
279.83061@1.43,1693,2316,683.4,647,3705,3649,2839,2580,4926,2864,2449,2674,4075,642,3941,2370,4358,4612,3585,3588,2766,3167,4293,2626,4353,5734,961.7,3870,3188,3870,4035,761.4,3540,2734,2476,2669,2693,761.9,2492,755.8,2736,3622,1261,1860,3597,646.5,572.3,3197
331.79933@1.43,2376,296.7,2190,2536,541.6,388.6,986.4,401.5,2436,0,456.3,1809,1838,443.8,1024,1600,2880,1542,2617,1293,444.1,567,609.6,452.6,612.7,3798,2481,2751,596.6,541.8,3180,544.3,533.7,436.2,415.5,368.5,518.3,385.2,418.2,406,2151,466.9,1407,1767,2438,421.9,486.5,2075
303.80086@1.44,1227,445.3,1940,424.5,2654,1572,2258,3264,2089,945.4,551.5,1988,3384,404.8,2269,3067,931.2,2047,942.3,930.4,408.8,1448,1670,736.6,2128,6324,1223,0,5425,1087,1871,1547,4084,2228,1750,1547,891.6,2004,2884,521.4,2357,503.2,726.2,2289,2605,1504,459.9,1296
298.834@1.43,4309,762.6,0,680.1,1102,659.6,1134,665.2,5991,2659,769,3012,7477,2853,2882,3401,5429,3588,10600,4867,946.7,5288,5030,5639,4754,1394,10110,11210,1400,4851,6385,4459,6504,602.9,640.7,1208,2999,611.9,1110,2260,5302,5958,3646,4569,7314,900.6,1058,3693
264.82907@1.43,4416,1608,3110,819.1,2917,3182,3622,1011,8763,4243,1017,4205,9987,3499,4108,4576,1730,5965,5933,8056,4651,5847,7208,1230,8083,10040,11510,7206,5989,5382,6988,5066,5562,1053,937.7,3916,4940,2603,3337,1667,5278,5132,5687,5135,6776,5670,5384,6724
253.83513@1.43,0,708.6,639.5,484.8,2945,1526,6754,3429,1023,840.9,871.3,2463,5240,707.2,4178,4172,755.3,1052,1043,0,2912,803.2,934.7,820.5,701.7,5331,990.3,998.8,5171,881.8,1036,930.7,1093,5368,1254,5680,0,3188,5989,5231,0,841.3,0,2130,4606,570.9,779.4,968.3
229.8698@1.44,7285,1249,1153,7285,7173,1067,1172,1129,9269,4691,1537,5409,7510,1448,6374,6232,8455,9007,11340,12010,5362,8457,7551,9804,9177,14790,12960,15270,9895,7218,11600,7171,15690,1072,2261,1234,5688,2895,1239,996.5,9294,5122,4626,8140,10810,4536,7614,8344
304.79389@1.43,2447,1861,851.5,875.7,1064,3630,4476,3410,1636,1764,1418,1559,1989,1559,3266,13880,1828,1562,1788,1908,2320,2917,2507,3734,3141,3352,2698,0,2895,3983,1637,1283,1772,2310,2327,2582,1540,1991,1503,2497,1580,2428,853.4,1915,2269,2307,2398,1357
247.87406@1.43,9295,1370,4399,1335,8235,1214,1401,1239,15420,6193,1865,7315,11570,1684,8049,10300,15600,10960,13940,17430,4826,7694,13510,10700,11630,21050,26230,16550,20410,10910,13370,9818,14290,1925,1215,1892,8083,1039,2633,1134,10860,7410,7641,8930,13710,6555,7572,9569
197.89949@1.45,451.5,519.7,702.7,552.4,896.1,632.3,908.9,500.5,0,698.3,772.9,0,1141,702.5,795,1261,1186,1115,1350,1207,654.1,896.7,0,950.7,0,1863,1648,1650,1386,952.7,1147,1054,1105,532.6,481.2,678.7,624,492.3,617.5,619.6,919,740.8,551.7,632.1,1058,436.8,0,808.1
284.79885@1.43,612.5,602.8,4518,742.6,433.6,518.5,2606,512.4,654.9,1750,0,592.3,456.5,394.4,1855,687.1,624.7,670,718.5,711.4,507.7,603.9,0,2212,626.5,4961,3944,3678,2516,465.9,0,403.4,565.9,533.3,1690,0,572.6,1487,524.6,419.4,454.6,2572,418.2,555.7,3069,502.3,542.8,588.6
447.73001@1.44,376.5,251.6,269.8,238.2,365.6,164.7,188.2,236.3,2055,336.6,0,307.7,364.8,325.9,363.2,334.6,1530,332.7,388.9,1144,323.6,472,1263,1344,406.8,0,1222,1413,286.2,490.2,408.5,1186,1831,237.8,0,179,0,0,232.6,235.6,0,1199,397.1,359.9,397,0,393,404.4
179.9065@1.44,0,1662,1671,1235,2014,1703,1774,1759,18700,1581,2188,8477,12890,1856,2290,13050,17210,2743,3240,12720,1678,2248,9089,2480,11370,19830,21530,14720,15800,10720,12040,2365,14340,1719,1647,1688,5836,1496,1922,0,8986,2176,1790,2064,16030,8107,7017,13650
242.86655@1.43,2545,660.4,780.9,3094,905.6,3844,5533,3990,4365,1768,788.5,6756,1392,0,4166,8040,1433,1124,3482,1348,3424,884,0,4139,1059,2399,1900,0,11280,2135,4003,2621,6589,2104,4578,870.2,718,2250,3329,549.7,1134,3944,2341,2906,1633,3626,730.4,3652
347.80476@1.43,1290,337.2,351.2,374.2,0,352.3,293.4,301.2,607.6,437.5,370.3,485.8,1308,374.2,925.2,673.1,1526,1263,1606,1341,408.9,534.2,552,602,2136,1110,950.7,723.2,1529,547.2,1931,1687,1745,353,0,359.4,455.1,329.8,347.4,355.9,498.3,2293,445.5,465.5,1367,1081,1315,1415
329.79438@1.44,5477,601,529.4,684.3,3374,0,523.1,456.3,5028,3056,826.6,1259,5485,2597,2722,2667,5890,6195,4754,4083,2910,7635,4986,6890,5725,4593,6637,6919,5478,4816,4014,5010,4625,593,0,595.2,3973,486,520.9,0,3830,5192,3864,4228,4659,4269,5054,5766
151.89642@1.44,5111,2455,1896,1591,4848,2453,2437,2415,11260,3056,3176,4306,13880,4774,9804,6450,7717,8859,12100,7676,3199,6936,6621,10150,8440,24830,16510,11160,23090,4742,7571,4860,14000,2917,2299,2906,3366,2306,2850,2605,11660,7006,3943,4143,17150,7922,5535,7397
271.82984@1.44,1152,337.5,366,0,415.5,371.2,1854,377.3,0,411.9,320.9,443.4,1856,371.5,1809,1160,484,531.6,1803,929.4,0,1441,1584,1671,1306,1949,672,1440,2022,432.7,1375,883.8,1270,305.8,305.7,1530,385.9,350.2,1286,319.4,1939,381.2,0,842.2,1749,2288,401.7,1229
269.82674@1.44,6669,3499,895.2,1680,3731,1660,1700,854.9,8564,3910,2167,4539,14210,2099,4281,5991,10070,7313,10880,8713,4321,7173,6831,4564,10230,9176,7578,7755,5311,4823,6816,6207,10270,1425,1308,961.7,3660,1352,1775,638.9,7216,5358,3206,4415,8786,3929,5750,8014
369.7588@1.44,1664,298.7,318.8,341.7,1145,278.3,0,301.9,2922,761.5,262.2,535.1,2542,1474,1449,1074,3621,1088,2410,2739,1047,1480,3454,2757,3818,510.5,1904,2618,861.2,2264,2850,1440,2231,338.9,243.1,771.6,1248,263.6,345.7,485.4,2057,2290,1060,1149,2275,2101,1867,2259
234.83698@1.44,879.8,3672,3869,3319,942.9,3926,4050,2863,5212,620.3,1122,4612,959.3,3240,4777,5765,4269,5271,6699,5621,752,944.7,955.9,4440,1036,1322,1274,6139,4015,3427,4270,835.6,5150,1142,4589,4519,826.9,4901,4873,4636,4218,3512,756.4,771.9,6377,636.1,2217,3646
292.83501@1.44,614.5,1632,3536,3691,0,544.8,2260,2781,3693,579,1983,4004,3054,1602,595.8,2508,4226,840.1,3445,3583,514.8,2543,1898,1268,3319,4742,3178,3480,2810,2407,3090,685.9,3056,1703,523,599.7,2083,578.8,0,623.4,2341,1608,570.3,607.8,2931,2894,2057,2960
254.84324@1.44,626.5,550.3,405.7,0,3585,493.4,556.7,592.5,2526,0,560.4,0,646.2,443.2,492.5,623.7,822,588.8,2965,5886,551.1,2380,717.2,3473,705,2566,734.7,2124,893,3219,2405,3235,807.5,1261,1168,804.7,652.8,462.1,429.8,701.4,2935,2714,1516,1540,785.4,2586,2872,524.3
161.90858@1.44,1675,1352,958.4,1256,1586,11180,8563,11020,11870,1601,1591,1962,2115,1220,0,9208,10860,12270,8993,11360,1267,1793,1823,5809,2092,22450,12440,14090,9003,1347,10860,1672,10580,8572,8357,8096,1432,8652,7307,7058,1987,3826,1357,1424,9223,1560,1491,1858
182.91959@1.44,1572,3538,1116,989.1,7434,8676,5105,10490,2357,9183,0,11800,10270,7532,10550,15120,2438,2265,2677,2476,1136,1729,0,7854,1987,3355,0,2652,19030,1605,2124,8733,2337,3998,7428,7622,1394,3401,7257,5642,11680,1727,2674,5856,2446,5427,1430,8576
310.8373@1.44,402.3,1757,771.5,2666,1481,552.9,551.2,0,3700,555,1580,815.3,3092,933.8,560.8,598.7,2844,722.4,3115,3578,1555,602.1,2015,3264,2216,4284,3867,3022,3196,540.4,2297,2573,3346,522.3,491.2,415.7,470.1,357.6,582.5,498,2453,1423,461.3,2199,2942,483,1020,1907
352.75709@1.44,2528,440.4,360.4,381.4,2116,398,452.5,1641,2551,549.2,454.6,1515,2484,1835,1833,1648,2066,2006,3027,4489,497.3,3280,3597,3768,2726,5005,650.5,2852,2290,1997,2667,605.4,3968,0,331.8,445.1,0,0,1255,357.3,2035,606,2275,2414,3718,1634,2443,2052
173.91433@1.44,1132,6789,7053,7247,5716,4983,6317,6398,1905,1304,4952,6720,1775,0,1185,1682,1891,7413,9216,6544,1002,5466,5682,1338,1725,11640,2049,2097,1964,1232,7098,1269,9639,1145,0,5291,1116,1010,6423,4437,1467,976.1,5134,1167,1678,6778,1210,1472
414.75583@1.44,1593,374.8,319.1,349.8,1695,328.9,318.3,317.1,3434,1062,384.3,567.6,3324,1015,0,1756,2520,2617,2601,2270,580.4,1284,1393,2140,1443,3527,1245,2794,2714,2214,3316,1511,1506,353.4,232.9,362.7,1206,302.2,345.5,0,3212,2287,2084,1767,2176,2088,1865,2310
328.80277@1.45,3464,0,7204,4837,2155,440.3,440.2,0,4056,2228,1709,743.7,843.4,1543,1620,1775,4153,729.6,3860,2928,0,802.2,675,650.8,3504,4083,0,2016,812.3,3694,0,701.2,2660,463.8,0,1762,706.3,457.6,1562,578,3027,610.1,609.1,2509,1745,744,2304,821.2
152.94625@1.45,877.7,0,1342,978.7,961.7,4504,1367,6959,1249,1144,0,13320,5430,2174,8699,8029,1353,0,19920,11490,697,743.8,4702,5273,1103,12800,4461,3435,1685,5073,1214,0,7549,4517,4555,5387,3040,5421,4355,4196,4869,1162,1454,0,1411,0,1190,1267
184.8972@1.45,1466,0,8210,9448,0,3181,3422,4514,886.3,2333,6454,580.1,6295,1495,1844,4427,5633,1862,2972,936.6,550.5,668.4,0,3991,0,9295,1219,0,1184,2043,3759,2780,4579,1682,1831,2995,562.6,2762,1125,810,704,1991,476.8,2753,4200,1638,407,752.7
181.93221@1.45,2006,31460,0,43080,4387,411.7,7985,17000,1044,933.5,39950,17250,1054,742.8,6209,1516,1354,3627,1366,1282,4055,953.3,4053,5158,1142,10400,9543,11000,9162,0,0,765.6,1079,1566,17030,13860,2908,3506,15020,15570,0,4039,1427,899.3,7122,856.5,2284,6868
210.91512@1.46,461.6,0,9495,0,731.2,3707,3257,3912,648,1764,5512,3883,601.3,1444,1272,1653,649.7,1746,2104,0,465.2,0,1035,456.1,542.1,783.3,4202,1609,638.5,1474,610.6,665.2,599.4,3397,3645,3831,1922,3310,3269,3623,2141,0,2005,1636,659.2,418.3,1327,1479
197.90404@1.46,2598,2656,2402,3242,1468,522.8,1871,3040,3235,759.5,2698,3820,5609,1113,3074,1145,2949,2357,1407,3828,635.3,2334,1760,2768,1122,11070,9853,3345,4763,2588,1151,2706,3681,479.3,2393,1682,1912,0,518.1,588.4,4229,2223,634.1,684.8,1072,1822,3141,2166
312.81061@1.46,2058,1383,2970,2012,421.3,1692,1553,1674,539.9,1344,2496,0,1786,285.9,386.1,484.9,2333,1806,2321,2578,351.6,1723,411.7,1742,2370,569.2,2083,1102,2078,1544,2290,2107,2126,0,1152,400.9,1083,279.1,1476,1217,479.3,462.5,275,403.8,2080,424.9,309.6,1581
224.84585@1.46,467.4,7392,8465,7021,697.6,6099,6751,6790,546.5,748.6,7528,6098,2115,2130,2053,3483,0,608,581.8,515,547.3,534.3,1678,588.8,0,865.5,791.9,0,883,493.2,2312,410.9,736.7,4509,5352,4823,460.5,4027,6656,4807,1830,1376,0,527.9,824.1,0,511.8,577.9
275.85882@1.47,481.2,1612,446.6,1609,398.6,450.3,419.1,1645,619,1103,2120,2437,1487,458.6,1392,475,1521,1193,2607,2215,349.2,437,410.9,0,1437,2885,2616,421.6,534,325.4,459.6,410.2,443.5,410.3,444.2,409.2,307.6,0,405.4,0,1786,0,0,0,1723,407.2,0,445.8
314.81305@1.47,499.3,2352,4437,3687,452.4,2687,983.5,1753,572.1,1395,3330,2008,384.1,2241,2626,2725,1650,1244,577.1,2956,503,1209,822.9,1844,527.9,446.3,2640,2719,3358,996.6,0,0,1070,506.3,1671,2317,0,995.1,2647,2402,1216,447.4,448.7,434.8,517.5,360.1,382.8,0
133.92411@1.47,1476,1190,822.4,1115,1499,19630,15070,18030,1639,1482,1089,0,1278,0,1298,875.1,1586,1576,1624,1199,0,1289,1340,1350,0,0,1498,0,1297,1415,1243,1339,0,16930,13590,16860,1399,17760,11550,12290,1017,1073,1018,1346,1268,1276,988.1,1215
302.81959@1.47,973.3,2882,7467,5622,1032,3718,4356,4388,444.3,0,4562,2383,430.2,487.8,337,1931,549.3,1053,1479,583.5,416,428.4,326.5,0,390.2,4096,434.2,0,0,1101,0,395.2,401.1,1753,4931,4083,419.4,2540,4332,3529,0,343.2,1272,349.6,555.1,326.5,333.1,315.5
348.03024@1.49,0,0,0,528.5,0,0,0,200.7,0,0,0,0,0,0,0,0,0,275.7,483.6,340.1,0,0,0,0,0,1467,1274,874.6,130.1,0,0,0,0,0,0,0,0,0,0,0,0,0,0,0,0,0,0,232.9
288.84001@1.47,396.6,6848,1019,5194,468.8,3180,2938,960.5,529.4,1426,6559,1571,476.6,1474,737,561.6,488.2,820.1,0,500.1,400.8,432.1,316,342.6,306.6,598.6,416.6,601.9,577.2,462.9,0,412.6,438.5,1520,0,2225,434.4,841,2048,1477,473.9,1224,316.6,341.1,422.6,346.3,410,0
172.08388@1.49,0,330.4,464.2,329.2,942.9,1734,468.1,517.8,0,0,378.6,260.9,3560,2475,3029,431,205.7,276.3,211.6,0,3184,2898,3189,5017,228.8,201.9,234.2,233.3,2579,3073,3596,2422,245.2,268,291.3,319.4,245.1,266.4,210.1,0,267.5,213.2,177.2,220.5,262.4,0,203.7,204.8
438.82002@1.48,0,334.1,1295,390.5,0,677.2,357.1,893.4,0,260.4,293.2,945.4,0,281.5,560.9,1224,0,187,0,0,118.1,0,0,0,0,184.3,194.3,136.4,0,141.6,0,0,135.8,267.8,296,317,0,230.1,276.9,220.3,171.3,0,0,0,0,0,0,0
294.90734@1.48,0,0,789,0,0,328.2,381.3,450.6,0,220.1,619.3,376.2,0,290.2,272.2,343.4,0,0,650.6,720.8,161,0,173.9,124.4,140.4,0,740.3,513.7,0,0,0,0,0,230.9,889.7,409.2,181,303.1,426.7,396.1,0,166,200.9,225.2,0,181.4,0,257.2
386.82574@1.48,191.2,2138,1267,2289,234.9,2303,1617,2294,271.7,971,835.9,989.1,223.7,854.3,1008,1248,0,273.9,0,282.9,184.6,274.6,218.2,242.7,0,405,0,0,336.1,0,260.6,0,0,1799,2035,2312,233.7,1551,1817,1708,0,230.3,0,0,0,225.1,0,0
274.84386@1.49,385,2549,3015,1591,337.2,2742,1358,2613,425.4,1697,2028,3024,0,2112,2249,2201,272.8,349.6,0,347.7,294.6,0,269.5,282.6,303.8,0,1271,341.5,0,236.6,250.9,0,315.6,1546,1728,2210,329.8,1273,1595,1970,254.3,326.3,0,331.8,363.4,0,308,333.3
329.86427@1.48,219.1,484.8,602.1,0,219.4,355.7,382.5,421.8,466.4,322.6,900,0,230.5,259.9,280.9,232.9,0,261,0,288,0,0,148.2,242.5,202.3,221.5,173.9,0,0,162.8,195.7,0,0,341.6,546.4,405.9,142,313,332.1,427.4,0,186,192.1,145.6,173.1,182.1,150.7,221.2
422.94125@1.49,0,0,254.1,324,0,637.8,476,354.7,0,576,242.8,0,0,523.1,322.6,402.1,0,0,0,0,0,0,0,0,0,0,0,0,0,0,0,0,0,210,0,223.8,0,205.7,164.4,193.6,0,0,0,0,0,0,0,0
372.81298@1.48,0,4948,8640,6849,299.6,410.9,387.2,439.6,0,288.1,5762,0,0,309.3,227.4,264.4,0,0,0,351.6,291.2,0,307.4,0,0,0,0,0,286.2,418.8,180,0,298,258.7,921.9,436.7,0,262,385.2,795.1,0,251.7,195.5,228.6,0,291.6,284.7,0
378.90442@1.49,0,1221,1378,0,179.8,1750,838.7,1738,136.4,270.6,1095,279.5,162.3,211.6,250,292.6,0,230.3,0,226.7,136,0,176.3,0,0,273.4,0,221.7,134.9,0,114.4,177.2,0,869.2,551.6,607.6,157.6,1014,361.4,324.6,153.5,0,188.2,140.9,0,149.8,217.6,156.8
187.92552@1.48,0,1482,2039,832.2,531.8,2216,922.2,3152,589,474.7,1504,1562,644.5,1509,589.8,968.7,0,548.6,634.6,0,523.9,0,509.2,546.7,553.9,0,0,475.9,701.9,522.3,452.4,497.5,0,727.9,1917,1177,575.8,1439,1715,1213,585.6,496.8,447,0,0,502.4,532.9,551.3
165.05017@1.48,1011,12140,16680,19490,0,704.5,820.4,0,1013,1004,1946,1040,0,0,0,751.8,1144,2879,4194,3751,781.5,1329,1254,1236,928.8,8330,4505,3727,0,0,1375,1142,0,867.1,725.1,1029,983.9,626.4,857.7,1775,1089,1385,1485,1520,689.1,1182,1429,1584
251.90527@1.48,0,0,0,0,292.9,1140,719.4,797,190.5,248.8,5715,2024,236.5,265.1,256,0,0,0,274.7,0,235.5,282.7,317.8,0,0,238.8,0,285.5,0,242.3,300.3,263.8,0,524.1,365,0,193.2,0,461.2,0,0,0,214.5,0,322.9,0,304.2,319.6
229.95816@1.48,198.5,5096,6392,0,223.1,2453,2241,3732,232.9,1675,3452,2843,210.1,1104,938.1,1174,212.1,0,287.4,320.4,199,219,239.9,248.8,196.1,307.5,284.3,359.7,230.2,183.4,257.3,228.7,224.7,736.2,2305,1581,0,770.3,1320,1103,233.5,204.7,202.8,215.1,144,179.3,231.4,173.2
157.94869@1.49,666,3651,5375,5524,659.4,3862,4956,3886,646.3,687.3,3981,774.6,613.2,0,0,417.8,0,3214,9643,3879,611,636.6,716.6,633.4,671.5,5319,7139,6116,495.7,532.1,564.8,607,487.8,3251,4388,1567,0,3878,3383,3687,556.5,915.3,3614,817.5,496.3,3663,3740,838.5
166.0114@1.5,0,3165,0,2321,0,1679,594.4,729,0,3640,780.9,2754,524.7,2702,762,1273,0,8135,1401,3398,597.9,3188,1068,2611,624.2,9175,1574,3647,513,4164,925.3,2238,711.5,1379,714.3,888.6,0,1393,0,781.9,664.7,4632,883.6,2249,572.6,4218,715.6,2175
243.87335@1.48,545.6,1619,3436,4179,0,531.2,1084,1103,509.5,445.1,835.3,920.5,435.8,291.6,1472,443.4,468.9,477.6,520.1,0,340.4,0,363.3,404,466.2,358.4,456.7,480.3,454.9,415.6,447.9,353.3,0,392.6,1602,1075,430.5,484,572.9,912.7,445.4,400.4,344.1,1132,429,394.9,474,326.8
102.94254@1.5,2402,38760,47640,44610,13070,36310,38700,42580,2502,23390,37520,34510,2530,15210,19530,20710,2242,2519,2651,0,13280,0,2170,2375,2430,2514,2545,2481,2898,2192,2175,2106,2568,30630,35730,35850,9290,30970,26680,40030,2416,2241,2050,2221,15620,1926,2274,2205
155.9533@1.49,361.6,3164,7903,4654,392,663.2,742.6,802.2,426.7,533,1400,660.3,327.4,523.7,503.6,498.1,259.2,1053,1394,2093,411.1,373.6,376,398.6,345.5,3195,2007,1701,0,376,345.3,0,348.6,473.7,2023,744,321.5,600.5,1614,638.5,312.4,433.7,475.9,0,268.2,0,482.3,444.1
335.87351@1.49,0,457.7,959.9,0,194.1,415.1,328.3,292.9,0,0,414.4,286.3,186.6,235,182.7,0,0,181.2,188.5,0,279.8,233.9,216.4,0,0,0,0,0,214.8,188.1,306.2,161.2,216.6,673,333.7,0,262,579.2,322.7,377.1,0,194.6,214.2,221.8,304.7,216.6,255.9,294.7
224.91631@1.49,0,4515,6416,4776,0,2740,2864,4391,0,1067,5868,2039,0,1317,1357,1827,0,427.3,0,467.3,0,0,0,0,354.5,0,0,532.6,477.7,512.3,0,457.5,532,739.2,1326,1325,348.2,558.7,1252,1109,0,432.4,343.7,0,481.2,0,350.7,402.8
286.93035@1.49,0,1513,1063,1471,0,589,933.7,1584,0,506,922.6,1634,0,581.5,784.1,1927,208.3,383.7,268.3,253.5,328.2,0,275.1,343.2,286.5,347.5,0,0,1050,350.8,299.6,0,239.8,0,715.5,698.6,273.4,486.5,1470,877.3,0,196.5,0,0,291.4,0,0,0
261.90695@1.49,0,1108,935.2,2574,295.9,1178,1210,545.1,0,732.1,603.9,787.3,265.8,572.1,389.6,820.8,139.7,240.3,0,267.9,0,0,0,161.3,157.7,208.2,0,0,0,0,253.3,161.9,0,425.5,421.3,0,172.7,350.2,501.4,355.1,0,0,188.4,0,0,0,223.9,233.7
152.06692@1.49,407.9,1199,0,0,0,995.4,486.6,574.7,444.7,1646,560.8,676.9,0,549.6,549.7,729.8,308.2,1416,4190,2952,454.8,657.4,854.5,735.7,333.1,8906,8493,5396,484.7,681.3,1805,608.1,466.8,735.6,521.9,580,408.3,0,481.6,506.1,478.9,763.6,539,632.1,440.9,336.2,539.1,894.1
142.94518@1.49,1401,25140,25180,27310,1557,6973,7720,6166,1375,5528,29960,7878,1276,5874,4580,5960,1346,1297,1287,1284,1236,1139,1178,1178,1243,1353,1015,1263,1248,1110,0,1114,0,4581,7319,7927,1104,3284,4888,5850,1180,1042,1043,1050,1229,1015,1057,1057
346.92473@1.5,0,1523,1853,2515,0,608.8,1105,1032,0,263.7,1385,984.7,0,313.9,0,315.2,0,0,169.2,0,0,0,0,0,0,0,0,0,0,0,0,0,0,321.7,739.1,393.1,0,310,365.9,384.5,0,0,0,0,0,0,0,0
390.82368@1.49,190.6,1023,1255,1020,0,836.3,425.1,873.2,240.7,238.8,1393,332.3,215.1,308.3,0,263.1,238.7,185.8,277.7,0,189.6,271.7,0,0,191.4,436,0,0,2344,132.8,282.2,0,190.5,307.6,358.5,324.1,0,0,322.5,225.9,230.8,221.2,222.3,0,319.7,175.1,202.9,274.7
245.09571@1.5,0,0,562.8,615.7,3075,1490,1480,942.9,0,0,418.6,982.5,1859,1590,2222,1713,491.1,2938,2111,2676,2806,1710,1196,1915,626.4,2579,2107,2561,1895,2024,1624,1836,3336,1512,1114,1202,3540,2056,1380,1064,1348,2092,2605,1859,2151,0,1511,2026
469.84307@1.49,0,0,877.2,376.1,0,0,232.5,251.4,0,0,390.1,156.2,0,0,0,143.5,0,0,0,0,0,0,0,0,0,0,0,0,0,0,0,0,0,151.7,256.9,213.1,0,0,188,0,0,0,0,0,0,0,0,0
380.92638@1.49,0,442.9,633.7,586.3,0,400.3,311.6,314.3,0,0,460,302.1,0,0,130,0,0,0,0,0,0,0,0,0,0,0,0,0,0,0,0,0,0,285.1,261.2,254.3,0,225.8,218.7,173.4,0,0,0,0,0,0,0,0
442.89355@1.5,0,487.9,788.8,773.2,0,203.4,178.9,244.4,0,0,584.5,195.8,0,0,0,0,0,0,0,0,0,0,0,0,0,0,0,0,0,0,0,0,0,127.4,278,256.7,0,0,208,0,0,0,0,0,0,0,0,0
223.92468@1.49,0,1820,10780,3212,209.4,330.7,0,334.7,249.5,189,1819,443.7,0,236,202.6,259.1,0,422.4,636.3,1281,226.3,233.6,271.9,227.1,0,1372,0,1175,215.2,211.9,214,218.5,0,324.7,470.3,375.2,0,0,379.4,0,0,0,255.6,276.2,0,0,239.5,280.3
203.93309@1.49,329,568.3,525.7,972.9,0,676.1,625.5,1239,532.1,429.2,360.6,456.2,437.9,300.6,389.3,440.8,479.8,477.4,0,481.3,395.3,339.2,431.8,0,320.8,396.6,531.6,496,423.7,393.7,356.5,368.1,0,1230,2159,776.9,0,440.3,743.9,0,445.7,433.5,0,388.1,299,353.3,449.2,380.7
239.90875@1.5,476.9,1043,1321,0,0,338.4,361.8,410.7,0,0,536.1,407.4,0,329.7,345.8,0,468,2453,1877,1953,360.2,733.4,0,550,325.2,2772,1712,1612,0,1504,599.4,1269,0,341.4,403.4,409.2,333.9,368.4,410.4,359.9,338.1,410.1,445.7,416.5,326.6,0,470.4,513.9
201.02148@1.5,0,5833,7145,5306,0,2277,1962,1627,0,2141,5032,2513,304,2292,1220,1904,0,0,0,395.5,0,0,0,0,0,315.3,0,253.3,315.5,0,215.6,326,292,631.5,866.9,862.7,210.7,0,870.7,683.6,0,247.2,251.5,0,191.5,0,0,0
159.94593@1.5,0,4085,7177,18860,401.5,3152,1982,3491,0,620.3,13810,1584,378.9,555.7,516.5,517.9,482.2,432,471.1,486.2,321.8,398.9,364.6,0,0,410.5,418.6,448.8,275.6,0,299.3,431.8,343.6,1251,1596,3385,0,2278,1111,921.8,327.5,0,481.9,0,0,386.2,0,412.6
283.00508@1.5,0,720.1,803.8,2559,0,176,0,240.8,0,0,378.9,316,0,113.9,0,134.8,0,0,0,0,0,0,0,0,0,0,0,0,0,0,0,0,0,433.9,473.1,577.1,0,397.8,358.8,390.8,0,265.2,361.3,542,0,0,414.8,378.4
370.83915@1.5,0,1057,3611,2979,207.4,343.2,378.6,993.1,273.2,0,2566,614.2,304.4,335.9,0,295.1,0,309,264.7,0,0,264.5,0,0,0,0,276.8,0,313.1,0,295.6,299.4,262,0,1040,291.4,0,0,393.3,346.3,0,0,0,287.6,300.4,303.2,304.2,372.4
303.02431@1.5,0,329.2,767.7,370.2,0,239,3042,379.1,0,151.6,318.5,212.7,0,114.8,112.7,0,0,0,0,0,0,0,0,0,0,0,0,0,0,0,0,0,0,183.9,559.6,267.1,0,188.4,568.7,0,0,0,0,0,0,0,0,0
321.03922@1.5,0,201.2,177.9,0,0,0,1596,178.8,0,0,166,0,0,0,0,0,0,0,0,0,0,0,0,0,0,0,0,0,0,0,0,0,0,126.2,398.2,0,0,0,344.2,0,0,0,0,0,0,0,0,0
364.87433@1.49,0,999.5,1395,448.9,0,1322,826.7,1084,0,525.1,359.4,377.3,125.6,445.3,262.1,310.7,0,189.1,0,151.8,0,0,0,0,0,132.5,0,122.7,0,0,0,0,221.3,303.9,299.6,337.1,0,269.2,297.2,249.1,0,0,0,0,0,0,145,0
170.95028@1.49,1719,18890,28920,22980,0,7204,5888,2270,0,8293,20920,9785,1082,1457,1162,6975,1648,1733,1289,1592,0,1274,1271,0,0,1661,1645,1589,0,1181,1314,1164,1222,1300,8080,6185,1216,1177,7363,6491,1304,1239,1222,1160,0,1241,1093,0
154.96015@1.5,554.3,2281,2646,11040,700.7,3826,4783,6861,457.5,1496,2094,1655,596.4,1187,935.8,1159,588.6,678,787.5,568.3,619.2,0,542.2,438.6,535.6,0,542.8,0,609.1,349.2,495,443.8,0,2685,4615,2656,566.9,2251,4194,4603,1361,334.3,2111,454.6,657.7,472.9,521.7,435.4
272.94858@1.5,0,1200,0,0,0,0,599.9,671.7,0,665.3,987.1,499.4,0,808.4,589.1,612,0,0,0,141.6,0,0,117,124.6,0,0,0,0,188.2,0,0,0,0,335,550.7,493.8,0,0,764.8,456.4,0,0,0,0,223.8,0,0,0
202.97736@1.5,228.9,1293,865.6,774.2,0,2450,2134,1472,240.4,355.5,682.9,482.8,0,288.4,313.7,274.9,273.4,237.1,300.7,244.3,275.9,0,251.6,0,172.2,227.7,217.9,230.7,245.5,254,266.7,0,199.2,1142,1168,1154,0,995.9,1004,800.8,200.2,241.5,285.5,0,217.2,0,164.6,244.3
174.91947@1.5,475.7,6324,7498,11770,405.9,4233,5004,8810,490.7,3397,4603,4728,445.2,2829,2359,2997,0,470,367.9,481.1,0,398.1,413,374.4,355.4,433.6,554.4,444.2,486.9,0,430.9,380.1,322.3,2632,6651,6450,445.6,2312,5882,5953,411.2,297.8,405.6,302.3,470.9,302.5,384.9,394.5
184.98157@1.5,250.8,920.8,2910,1546,232.4,1905,2213,2147,220.4,610.5,1948,2592,239.6,479.9,454.7,457,198.7,380.4,452.8,569.6,174.6,221.7,196.2,0,0,381.9,0,0,222.7,0,217,0,0,939.4,1270,1113,139.7,781.9,1392,931.8,0,213.4,231.8,259.5,0,238.6,0,262.4
328.87135@1.5,0,1037,1306,1134,0,997.1,773.1,646.1,235.6,272.4,1522,763.5,0,0,325.2,307.2,0,198.5,136,266.2,154.4,215.6,191.1,281.1,158.9,200.5,0,193,0,0,222,0,0,302.3,1076,693.6,0,325.6,671.7,659.1,213.7,0,0,233.6,0,0,0,0
428.86063@1.5,0,1697,1232,1445,0,253.6,318.3,552,0,204.6,1081,545,0,0,0,0,0,0,0,0,0,0,0,0,0,0,0,0,141.7,0,0,0,0,0,317.7,308.5,0,0,289.2,0,0,0,0,0,0,0,0,0
430.86602@1.5,0,1674,1941,1479,0,0,489.8,619.4,0,126.1,727.7,279.4,0,155.1,132.2,174.1,0,0,0,0,0,0,0,0,0,0,0,0,0,0,0,0,0,0,349.8,303.5,0,195.5,291.4,0,0,0,0,0,0,0,0,0
459.84245@1.5,0,328.1,2015,1294,0,161,242.3,252.2,0,135.6,377.6,245.1,0,0,0,0,0,0,0,0,0,0,0,0,0,0,0,0,0,0,0,0,0,209.2,252.1,0,0,134.6,179.8,170,0,0,0,0,0,110.2,0,0
313.98795@1.51,0,874.5,1229,1197,0,0,0,202.1,0,0,732.3,250.7,0,0,0,0,0,0,0,0,0,0,0,0,0,0,0,0,0,0,0,0,0,0,242.5,0,0,0,0,211.6,0,0,0,0,0,0,0,0
347.01848@1.5,0,1227,1256,1284,0,0,405.1,618.6,0,159.8,603.8,531.8,0,0,0,0,0,0,0,0,0,0,0,0,0,0,0,0,0,0,0,0,0,0,0,293.8,0,0,297.6,0,0,0,0,0,0,0,0,0
422.81627@1.49,0,339.6,371.9,400.5,172.1,0,0,0,166.8,0,1024,248.3,136.9,0,211.5,0,0,0,0,178.9,0,136.5,0,0,0,246,168.5,0,228,0,0,0,0,214.1,259.6,249.5,0,0,281.1,243.1,193.5,124.8,0,0,0,0,0,0
529.86699@1.5,0,261.6,664.3,400.6,0,0,0,216.6,0,0,602.1,0,0,0,0,0,0,0,0,0,0,0,0,0,0,0,0,0,0,0,0,0,0,0,220.9,135.8,0,0,200.8,0,0,0,0,0,0,0,0,0
432.82989@1.5,0,970.7,1097,354.2,0,0,0,0,0,236.8,371.5,328.8,116.8,188.4,191.4,213.8,0,0,0,0,0,0,0,0,0,0,0,0,0,0,0,0,0,315.4,1111,349.2,0,0,295.2,0,0,135.6,0,0,222.5,172.5,0,0
400.81575@1.5,176.5,1805,2248,2405,192.5,301.2,316.5,896.7,239.3,243,2963,1290,0,179.1,221.8,264.3,119.5,212.7,163.2,232.9,206.1,237.1,0,188.1,0,0,0,0,277.6,159.5,0,696.4,0,0,283.2,373.5,237.2,261.9,336.9,321.2,261.7,0,186,0,0,0,205.2,0
374.84998@1.5,0,1222,2920,1690,176.5,302.3,0,420.8,0,0,1056,321.8,164.3,191.1,214.3,0,0,0,0,0,0,139.6,0,0,0,0,159.9,0,195.5,0,0,0,0,0,1016,397.5,0,0,791.5,0,0,0,0,0,0,0,0,0
200.961@1.5,431.8,7024,27250,13490,0,2567,771.1,1627,0,3784,12070,7113,703.3,2142,1174,2010,0,618.6,341.6,0,436.8,502.9,588.3,0,358.3,0,0,0,675.4,668.7,0,589.1,507.8,776.1,0,897,0,650.9,1200,2097,550.7,723,628.2,503.6,754.5,696.9,662,0
380.86413@1.5,0,1993,2452,2663,116.6,752.4,316,341.1,0,237.1,1347,351.8,0,171.1,0,0,0,0,176.5,0,188.8,0,0,0,0,0,0,0,0,0,0,0,0,307.8,287.6,296.4,0,229.4,0,0,0,0,0,0,0,0,0,128.1
113.9522@1.51,14130,159300,103600,186500,16880,142100,154200,210800,14180,18830,157200,147500,12890,16960,16060,15910,13520,13460,11000,13650,15740,12010,12080,0,14320,13480,13760,13660,14260,12020,12290,11670,12910,167700,163500,167200,13760,132400,157300,159700,12710,11400,11930,11380,13280,11420,11640,0
360.85648@1.5,0,1565,1348,2729,263.6,1153,1694,1428,0,631.1,920.8,881.5,0,611.1,318.8,664.1,136.9,0,0,167.3,0,168.5,0,173.8,0,0,0,199.1,0,185.6,0,0,173.5,617.7,999.2,996.9,0,356.2,2331,537.8,212.3,0,0,160.5,0,0,0,0
388.84818@1.5,191.4,1132,1654,1541,0,0,1753,1722,244.9,271.2,402.7,362.9,0,302,191,265.9,246,0,0,276,0,0,0,0,0,1407,0,260.1,259.6,0,236,0,173.9,305.5,0,397.9,206.3,309.2,395.1,275.8,0,0,133.5,188.8,201.8,161.2,212.3,134.7
392.81065@1.5,0,698.5,1445,1614,0,265.4,252,349,194.9,259.4,0,392.5,0,0,229.3,0,200.5,201.2,184.2,235.8,0,0,130.9,0,0,0,177.7,0,0,0,0,0,0,268.5,337.6,329.1,170.1,226.5,352.1,211.5,0,0,194.2,0,200.3,0,188.6,0
277.91861@1.5,0,1199,1018,2045,0,539.5,0,563.5,0,352.4,381.6,652,0,329.2,0,0,0,0,0,0,137.4,0,0,0,150.2,0,0,0,0,163.9,0,0,0,348.7,0,382,0,294.4,374,199.7,0,0,0,0,178.3,0,0,0
373.88234@1.5,0,475.9,751,867.5,0,255.7,274.4,292.3,0,128.2,971.1,343.2,0,165.1,0,0,0,0,0,0,0,0,0,0,0,0,0,0,0,0,0,0,0,193,0,244.2,0,0,289.6,164.6,0,0,0,0,0,0,0,0
300.86194@1.5,358.1,17530,19150,18780,493.4,0,4435,4288,2573,3150,9461,5091,1050,511.7,0,540.6,3363,553.2,4317,0,476.1,345.5,498,456.5,0,2946,3056,572.6,436.9,2289,0,342.4,491.4,634.4,822.1,529.5,478.6,1574,2578,2106,457,457.5,504,0,493,360.1,369.9,2223
446.86236@1.5,0,750.6,1231,2121,0,237,330.7,696.4,0,158.2,401.3,302.2,0,111.7,0,0,0,144.8,204.8,168.5,0,0,0,0,0,0,0,0,0,0,0,0,0,176.3,288.8,341.9,0,0,275.7,0,0,0,0,105.4,0,0,0,0
264.93843@1.5,0,1079,931.6,1079,0,543.6,0,475.1,210.1,543.8,909.2,565,0,0,300.1,0,0,354.9,0,681.2,0,161.4,173.9,228.2,0,229.5,0,245.2,0,185.4,139.3,206.3,196.3,236.5,0,0,151.7,0,0,0,213.1,217.8,192.5,0,0,0,217.6,0
201.9786@1.51,294.8,2525,13730,4670,258.4,1002,636.7,1186,368.4,1066,5617,1313,0,483.3,0,283.9,0,332.5,264.8,441.8,483.7,643.8,639.9,615.5,220.1,295.3,295.1,0,650,0,577.9,0,320.4,382.2,1301,682.3,300.7,0,1325,659.6,330,223.1,260.5,0,243.6,0,242.2,250
214.94289@1.51,0,3520,2179,3430,213,741.4,1487,1551,270.8,366.7,1507,937.2,182.9,0,219.5,247.9,0,266.8,195.9,263.9,0,194.5,254.7,287,249,212.2,143,0,234.7,235.3,234.4,287.4,220,430.7,1468,1429,275.3,590.8,1376,1093,244,0,239.5,0,191,0,186.1,208.1
215.942@1.5,189.4,1836,3672,561.4,137.1,386.9,1442,1275,132.8,0,1886,342.8,0,263.2,245.3,207.3,114.8,222.4,0,0,0,0,0,153.5,121.9,0,194.4,128.5,0,0,0,158,0,0,1473,702.2,0,0,1013,672.3,171.4,0,170.2,0,120.3,133.6,192.5,0
342.87905@1.5,0,708.8,3172,3035,338.1,622.7,565.1,498.2,154.5,315.8,1558,827.5,0,310.9,182.2,259.2,0,395.3,416.6,431,234.4,171.8,147.4,184.8,0,245,795.5,288,334.1,0,210,0,227.4,652.6,0,389.4,168.4,0,0,0,149.8,145.8,237.2,217.9,179.9,208.2,258.9,256.9
304.88015@1.5,0,464.7,1934,1960,0,944.6,503.1,466.4,0,275.2,1546,421.2,0,379.7,0,404.4,0,0,255.5,235.6,0,273.6,0,0,0,0,0,0,206.9,180,206.7,0,304.2,400.5,0,403.4,0,338.4,449.7,804.4,0,178.9,228.4,175.2,282.8,210.4,140.8,0
402.88658@1.5,0,904.7,3121,1321,0,276.9,341.3,704,0,0,998,320.7,136.2,0,0,0,0,0,0,0,0,0,0,0,0,0,0,0,0,0,0,0,0,193.6,794.4,556.2,0,0,744.4,0,0,0,0,0,0,0,0,0
270.8534@1.5,2221,597.3,653,3200,343.1,486.7,2000,2801,442.3,991.7,2755,519.5,392.2,377.1,382.1,424.6,439.9,295.9,386.4,399.6,0,384,408,372.3,0,1796,0,424.1,0,333.3,335.8,258.5,2111,432.9,0,440.7,1739,356.8,1040,1933,352.3,235.3,340.1,342,354.1,334.7,349.5,0
384.83509@1.5,0,1546,797.2,2781,138.9,0,351.5,838.9,0,262,1705,961.7,0,253.6,252.3,175.2,0,0,224,0,0,188.6,0,0,0,0,156.4,0,151,0,0,0,184.5,266.5,392.1,364.4,134.6,198.7,379.4,308.9,166.2,0,0,160.3,0,0,135.9,0
436.8913@1.5,0,253.9,355.2,865.3,0,178.3,0,175.9,0,131.7,304.3,230.3,0,0,0,0,0,0,0,0,0,0,0,0,0,0,0,0,0,0,0,0,0,0,207.8,0,0,0,0,0,0,0,0,0,0,0,0,0
439.82141@1.51,0,330.2,492.3,884.5,147.5,203.7,289.4,0,0,179.7,338.7,263.8,0,0,197.7,0,0,0,144.4,0,0,0,0,0,0,0,0,0,0,0,0,0,0,178.8,270.4,263.3,0,190.2,263.5,0,145.5,0,0,0,0,150.2,151.8,131.3
500.87621@1.51,0,0,467.8,1488,0,0,0,0,0,0,351.1,196.2,0,0,0,0,0,0,0,0,0,0,0,0,0,0,0,0,0,0,0,0,0,0,177.1,171.2,0,0,0,0,0,0,0,0,0,0,0,0
502.84376@1.51,0,328.9,375,850,0,0,210,248,0,114.8,285.9,150.1,0,0,0,0,0,0,0,0,0,0,0,0,0,0,0,0,0,0,0,0,0,0,0,211.3,0,0,264.1,183.7,0,0,0,0,0,0,0,0
517.82297@1.5,0,310.4,308.7,691.6,0,0,202.9,225.5,0,0,258.2,162,0,0,0,0,0,0,0,0,0,0,0,0,0,0,0,0,0,0,0,0,0,0,203,160.5,0,0,192.6,0,0,0,0,0,0,0,0,0
418.88478@1.5,0,1259,1515,1547,0,267.3,267.2,203.9,0,149.6,1034,276.5,0,0,0,139.8,0,0,0,0,0,0,0,0,0,0,0,0,0,0,0,0,0,0,287.8,0,0,151.2,0,0,0,0,0,0,0,0,0,0
271.90288@1.51,0,2416,3406,4697,263.1,258.7,0,604.9,170.4,256.7,2121,983.5,192,228,0,0,0,0,0,271.4,194,0,0,152.4,0,0,0,0,0,0,180.6,211.6,0,0,0,391.2,218.9,0,420.7,0,258.9,0,0,165.8,175.3,0,188.7,210.1
247.02061@1.5,188.1,618.7,1285,2046,287.5,469.9,474.3,471.6,0,551.5,404.5,495.5,0,0,0,497.5,0,0,0,350.9,0,381.5,458.6,0,304.5,0,0,0,401.6,441,390.4,479.8,0,0,494,0,0,308.7,460.3,433.9,397.5,285.7,335.7,286.2,408.4,0,337.4,323.4
350.8652@1.5,0,440.3,793.9,1121,0,0,319.7,325.6,0,237,387.8,310.1,0,208.3,232.2,239.4,113.1,0,194.8,226.5,0,0,0,0,0,0,210.2,0,0,0,0,0,0,158.4,0,290.9,0,156.8,314.3,0,0,0,228.7,129.3,0,0,0,164.1
467.88188@1.5,0,290.3,780.5,1071,0,174,147.2,204.6,0,0,353.6,165.2,0,0,0,0,0,0,0,0,0,0,0,0,0,0,0,0,0,0,0,0,0,0,168.1,176.4,0,0,151,180.9,0,0,0,0,0,0,0,0
470.84048@1.51,0,333.7,1408,1145,0,0,188.1,256.3,0,0,364,232.1,0,0,0,0,0,0,0,0,0,0,0,0,0,0,0,0,0,0,0,0,0,147.5,284.3,225.1,0,0,172.9,196.8,0,0,0,0,0,0,0,0
484.85074@1.5,0,361.6,1143,1279,0,0,173.8,0,0,0,368,221.8,0,112.6,0,0,0,0,0,0,0,0,0,0,0,0,0,0,0,0,0,0,0,0,0,194.7,0,0,261.4,231.9,0,0,0,0,0,0,0,0
369.82974@1.5,0,1035,560,1579,221.6,260.2,0,294.2,258.3,0,450,340.2,231.3,0,244.7,259.8,0,0,0,296.5,0,239.8,0,228,233.5,0,0,303.7,0,252.8,243.4,0,203.4,0,322.5,0,0,0,332.7,287.9,222.4,280.8,0,0,0,262.4,272.2,275.3
225.89705@1.51,536.6,8038,11990,9143,407.4,371.7,551.6,1027,598.7,0,9716,1037,501.3,429.7,460.5,326.2,565.5,621.9,470.2,587.6,0,533.4,369.4,355.8,583.6,546.8,478,508.6,563.3,0,364.9,383.6,435.5,386,1145,710.7,0,480.9,495,506.1,445.3,414,477.6,428.5,447.7,474.6,333.3,0
404.85157@1.51,0,1299,952,435.1,0,319.9,897.1,670.1,0,0,0,321.1,0,315.2,305.2,252.8,0,0,0,0,0,0,0,0,0,0,172.5,0,0,0,0,0,0,291.5,384.5,503.3,0,246.9,378.4,284.6,0,0,0,0,0,0,287.6,192.9
427.82492@1.5,0,1304,1895,1380,0,227.1,286.8,277.3,0,138.5,396.2,297.3,0,150.9,132.5,147.1,0,0,0,0,0,0,195.4,136.8,0,0,0,0,0,0,0,150.7,180.8,142.8,0,239.8,0,198,296.3,255.2,0,135.1,0,0,0,116.2,0,136.3
285.89007@1.51,263.2,2407,1334,676.7,245.7,0,454.1,1157,240.7,281.9,1158,422.5,275.8,0,0,0,317.8,0,297.1,368.1,190.1,177.9,0,165.5,0,337.5,0,256.3,295.8,0,213.4,262.1,187.6,350.9,1264,554.5,236.9,0,738.2,779.7,0,292.8,0,154.5,261.9,265.2,0,278.4
178.0931@1.51,0,742.6,8069,735.5,0,0,0,0,0,0,2220,0,296,0,227.3,262.1,0,0,0,0,273.4,0,0,414.2,0,0,0,0,271.9,0,0,301.7,0,0,0,0,0,0,0,0,265,0,0,0,433.7,0,0,0
310.91782@1.5,0,663.3,920,1018,0,286.9,318.9,0,0,246.5,790.9,441,0,236.9,0,0,0,0,0,0,0,0,0,0,0,0,0,138.8,0,0,0,0,0,297.6,328.6,0,0,0,367.1,0,0,0,0,0,104.7,0,0,134.5
322.8563@1.5,0,411.5,1342,389.1,0,0,399.7,335.5,0,284.7,399.4,353.3,166.2,245.5,0,0,0,188.5,249.6,178.9,220.1,191.1,0,119.2,0,0,0,0,262.1,223.4,220.8,0,0,283,321.4,0,0,210,0,316.8,0,160.5,205.6,0,179.1,0,191.8,0
327.86921@1.5,0,589,958.5,737.3,0,272.2,350.1,266.4,532.6,382.5,601.1,0,0,0,0,0,0,0,0,0,232.8,0,0,0,0,0,0,0,0,0,0,0,0,0,362.3,413,0,237.9,418.7,351.4,406.8,0,0,291.8,0,0,0,0
331.93476@1.51,0,287.2,681.6,0,0,0,286.6,225.6,0,0,303.7,223.4,0,0,0,152.4,0,0,0,0,0,0,0,0,0,0,0,0,0,0,0,0,0,225.2,271.8,221.5,0,144.3,0,142.8,0,0,0,0,0,0,0,0
406.90768@1.5,0,341.7,896.7,772.3,0,306.1,945.8,0,0,0,326.7,285.8,0,178.2,0,139.5,0,0,0,0,0,0,0,0,0,0,0,0,0,0,0,0,0,195,317.1,239.1,0,0,299.3,252,0,0,0,0,0,0,0,0
474.89842@1.5,0,349.5,297,603.7,0,244.8,368.3,0,0,294.5,308.1,317.3,0,287,0,0,0,0,0,0,0,0,0,0,0,0,0,0,0,0,0,0,0,144.8,315.9,230.5,0,0,277.5,242.8,0,0,0,0,0,0,0,0
445.87727@1.51,0,236.6,740.8,441.6,0,0,166.2,268.7,0,0,308,252.4,0,129,0,0,0,0,0,0,0,0,0,0,0,0,0,0,0,0,0,0,0,0,0,219.1,0,0,0,0,0,0,0,0,0,0,0,0
463.8438@1.5,0,290.1,708.6,333.2,0,0,226.5,0,0,0,278.7,214.1,0,0,0,0,0,0,0,0,0,0,0,0,0,0,0,0,0,0,0,0,0,143.6,221.3,0,0,0,217.4,0,0,0,0,0,0,0,0,0
487.88479@1.5,0,339.2,1177,473.2,0,0,0,243.1,0,0,353.9,144.9,0,0,0,0,0,0,0,0,0,0,0,0,0,0,0,0,0,0,0,0,0,0,237.2,230,0,0,213.8,0,0,0,0,0,0,0,0,0
511.83425@1.51,0,315.6,1428,388.1,0,0,187.4,143.1,0,0,335,199.7,0,0,0,0,0,0,0,0,0,0,0,0,0,0,0,0,0,0,0,0,0,0,205.8,154,0,0,188.5,0,0,0,0,0,0,0,0,0
527.85983@1.52,0,216.4,806,370.2,0,0,0,150.7,0,0,255,201.7,0,0,0,0,0,0,0,0,0,0,0,0,0,0,0,0,0,0,0,0,0,0,203.2,0,0,0,0,0,0,0,0,0,0,0,0,0
540.83127@1.51,0,300.5,1177,376.6,0,117.3,0,0,0,0,313.7,194,0,0,0,0,0,0,0,0,0,0,0,0,0,0,0,0,0,0,0,0,0,0,187.3,0,0,0,204.7,147.3,0,0,0,0,0,0,0,0
246.04646@1.51,0,421.6,0,581.1,0,0,360,399.3,0,300.9,445,328.1,317.2,287.3,0,209.2,180.1,380.1,386.7,374.4,325.6,326.3,220.6,0,146.5,267,0,296.6,0,176.5,300.5,0,255.5,257.5,404.2,430.5,0,277.1,339.3,336.4,0,316,389.4,287.1,275.5,0,253.5,283.5
464.92768@1.51,0,325.6,351.6,333,0,0,0,200.8,0,0,0,125.6,0,0,0,0,0,0,0,0,0,0,0,0,0,0,0,0,0,0,0,0,0,0,0,0,0,0,0,0,0,0,0,0,0,0,0,0
242.95348@1.5,112.7,3443,5278,5586,148.2,0,376.8,853.9,131.4,0,5722,756.2,191.6,301.1,0,262.8,148.1,0,178.9,0,144.2,221,142.6,180.3,0,241.9,235.1,209.1,253.4,137.1,194.3,232.8,0,320.6,1282,1789,0,0,1071,1444,196.7,145.2,206,0,228.9,223.4,247.1,0
498.84705@1.51,0,657.6,863.9,902.3,0,159.2,0,0,0,0,567.2,237.5,0,0,0,0,0,0,0,0,0,0,0,0,0,0,0,0,0,0,0,0,0,129.6,148.3,0,0,0,199.5,0,0,0,0,0,0,0,0,0
426.83805@1.51,0,1191,794.9,1717,129.6,0,0,326.5,161.4,229.4,1008,247.7,0,0,169.1,153.8,0,0,218.2,185,0,0,0,0,0,0,209.5,0,0,0,119.2,0,0,0,0,0,0,0,325,271.3,0,0,205.2,0,126.7,0,136.2,201.6
345.1878@1.51,0,0,140,130.3,168.1,2347,0,0,0,0,0,0,0,0,2363,194.4,0,0,193.6,171.6,0,1335,808.1,1407,0,0,0,0,1597,1126,620.8,1288,0,0,0,0,0,0,0,0,0,0,0,0,0,0,0,0
322.02323@1.51,0,393.9,316.4,381.9,0,0,284.3,0,0,369.4,244.7,306.5,0,225.6,0,0,0,0,0,0,0,0,0,0,0,0,0,0,0,0,0,0,0,0,0,0,0,0,0,0,0,0,0,0,0,0,0,0
168.9433@1.51,580.2,12670,11100,18050,0,0,823.4,2543,471.7,542.7,7573,5164,536.9,600.1,570.3,0,609.8,0,624,625.3,0,381,501,0,0,464.8,0,0,457.6,465.6,478.6,0,472,789.7,0,0,0,0,1534,0,479.2,0,0,0,0,0,418.5,366.9
300.99842@1.52,0,3058,6281,0,0,0,203.9,671.8,0,171.6,2983,1698,0,0,0,0,0,0,0,0,0,0,0,0,0,0,0,0,0,0,0,0,0,0,492.7,1495,0,0,465.8,328.5,0,0,0,0,0,0,0,0
539.83383@1.51,0,294,924,397.4,0,0,0,0,0,0,657.4,188.4,0,0,0,0,0,0,0,0,0,0,0,0,0,0,0,0,0,0,0,0,0,0,185.8,0,0,0,0,0,0,0,0,0,0,0,0,0
345.92223@1.51,0,643.5,1364,1489,0,174.2,363.6,397.5,0,167.9,438,344.3,0,0,174.8,183.3,0,0,0,0,0,0,0,0,0,0,0,0,139.7,0,0,0,0,0,391.2,355.3,0,0,0,226.9,0,0,0,0,0,0,0,0
424.80855@1.51,0,1077,1243,2057,0,248.7,250.2,278.8,0,0,405.3,309.7,0,217.9,181.4,0,0,0,0,158.1,0,0,0,118,0,0,0,184.6,0,0,0,0,179,203.5,309.4,270.3,0,190.6,220.8,151.5,0,0,0,124.4,0,0,170.3,0
442.82174@1.51,0,1019,2202,2180,182.7,0,272.5,0,115.8,171.7,688,314.9,0,171.1,0,0,0,0,0,0,184.3,133.1,0,0,0,0,0,135.8,0,0,0,0,0,212.6,285.9,310.8,0,239.2,232.7,198.3,160,0,0,0,204.7,0,192,0
486.87035@1.51,0,633.8,1064,1101,0,0,0,248.2,0,144.7,382,0,0,0,0,0,0,0,0,0,0,0,0,0,0,0,0,0,0,0,0,0,0,238.4,254.9,227.3,0,0,0,0,0,0,0,0,0,0,0,0
488.88593@1.52,0,955.9,1165,1893,0,0,0,253,0,0,483.9,204.8,0,0,0,0,0,0,0,0,0,0,0,0,0,0,0,0,0,0,0,0,0,132.8,0,222.9,0,0,240,0,0,0,0,0,0,0,0,0
494.98479@1.52,0,402.7,803.1,872.2,0,0,0,0,0,0,252.2,0,0,0,0,0,0,0,0,0,0,0,0,0,0,0,0,0,0,0,0,0,0,0,0,0,0,0,0,0,0,0,0,0,0,0,0,0
396.83018@1.51,108.5,1175,1245,2151,0,0,0,341.6,0,236.5,1036,349.3,0,0,0,169.3,0,144,0,192,0,0,0,0,0,137.6,178,0,0,0,105.7,0,230.7,0,0,0,0,215.3,305.5,0,0,0,129.3,0,146.4,0,0,0
455.82748@1.51,0,943.2,2633,1761,0,153.5,210.3,0,0,210.7,1211,249.6,0,0,0,152,0,0,0,0,0,0,0,0,0,0,0,0,0,0,116.4,0,0,150.5,0,287,0,0,171.7,196.2,0,0,0,0,0,0,0,0
415.84955@1.52,0,930.9,992.1,1270,0,0,0,0,0,234.5,845.3,332.9,0,0,0,0,0,0,0,0,0,0,0,0,0,0,0,0,0,0,0,0,0,193.3,213.2,0,0,0,269.5,0,170.6,0,0,0,178.6,0,0,0
452.81111@1.52,0,661.1,1887,2123,0,205,196.5,270.5,0,0,1274,322.9,0,116.4,214.8,0,0,158.1,0,0,0,0,0,0,0,0,0,0,0,0,0,0,0,0,230.9,262.2,0,0,185.1,182.6,0,0,0,0,0,0,0,0
517.13343@1.52,0,0,265.9,0,0,0,0,174.5,0,173.9,226.2,0,0,0,152.5,381,0,0,0,0,0,0,0,0,0,260.6,117.6,143.2,0,0,0,0,0,0,0,0,0,0,0,0,0,0,0,0,0,0,0,0
353.85837@1.52,137.9,421,1357,936.7,121.7,178.1,577.8,291.9,0,145.7,400.2,325.9,0,0,0,194.6,0,0,0,0,0,138.1,0,0,0,0,0,179.5,0,0,0,0,0,0,286.6,287.8,142.3,189.9,252.9,255.6,0,0,0,0,223.4,146.2,187.7,0
394.84128@1.51,0,409.7,916.3,1136,0,289.3,281.1,0,0,210.8,366.6,306.9,0,0,0,0,0,0,174.7,0,0,0,0,0,0,0,168.7,0,0,0,0,0,0,221.1,0,325.6,0,0,0,278.2,0,0,0,139.1,0,122.9,0,0
420.86027@1.5,0,377.5,806.8,1083,0,225.3,175.9,226,0,201.9,357.3,278.4,0,0,0,0,0,0,0,0,0,0,0,0,0,0,0,0,0,0,0,0,0,154.5,164.5,199.4,0,0,0,130.1,0,0,0,0,0,0,0,0
524.80625@1.51,0,293.4,1554,746.5,0,0,149.8,222.1,0,109.6,336.8,217.5,0,0,0,0,0,0,0,0,0,0,0,0,0,0,0,0,0,0,0,0,0,0,0,131.9,0,0,0,0,0,0,0,0,0,0,0,0
453.93092@1.52,0,382.4,1121,1829,0,0,0,185,0,0,318.6,198.8,0,0,0,0,0,0,0,0,0,0,0,0,0,0,0,0,0,0,0,0,0,0,0,0,0,0,0,0,0,0,0,0,0,0,0,0
460.85513@1.52,0,353.6,1182,974.3,0,0,257.2,205.1,0,0,337.5,223.2,0,0,0,0,0,0,0,0,0,0,0,0,0,0,0,0,0,0,0,0,0,171.6,0,223.6,0,0,251.9,246.5,0,0,0,0,0,0,0,0
558.90284@1.52,0,447.8,777.4,950.9,0,0,0,0,0,0,364.8,181.8,0,0,0,0,0,0,0,0,0,0,0,0,0,0,0,0,0,0,0,0,0,0,146.1,0,0,0,0,0,0,0,0,0,0,0,0,0
575.9061@1.51,0,356.7,539.3,458.1,0,0,0,0,0,0,207.9,0,0,0,0,0,0,0,0,0,0,0,0,0,0,0,0,0,0,0,0,0,0,0,0,0,0,0,108.2,0,0,0,0,0,0,0,0,0
197.00119@1.52,230.3,3643,3565,6174,0,0,284.3,1926,0,0,2201,705.4,172.4,191.9,226.3,234.4,0,0,393.1,395.6,0,222.7,209.4,287.9,0,193.2,224.1,320.6,232.4,0,0,252.7,0,0,0,2683,186.5,166.2,1149,0,0,0,0,164.4,210.2,0,193.2,157
443.86493@1.52,0,679.6,538.8,1063,0,0,195.3,0,0,166.8,394.6,265.1,0,0,0,0,0,0,0,0,112.3,0,0,0,0,0,0,0,0,0,0,0,0,0,0,294.3,0,0,0,163.1,0,0,0,0,0,0,0,0
414.83737@1.52,0,577.4,1848,1756,188.6,0,0,370.9,196.3,0,1338,309.4,0,202.4,0,239.5,0,0,200.1,0,0,167.5,0,0,0,215.3,0,235.2,0,163.9,150,0,0,189.2,286.7,241.7,157.1,0,229.6,0,0,131.1,0,0,0,236.3,0,233.4
447.85201@1.51,0,322.4,369,385.5,0,205.8,0,0,0,189.1,483.2,230.7,0,0,158.8,0,0,0,0,0,0,0,0,0,0,0,0,0,0,0,0,0,0,158.1,242.8,192.2,0,0,0,158.9,0,0,0,0,0,0,0,0
288.93405@1.51,106.1,2013,1519,2035,0,0,376.5,0,0,608.4,950.5,653.3,0,0,0,0,0,425.1,309.9,421.7,0,0,190.7,181.1,0,355.3,0,0,159.9,0,257.4,0,0,0,378.6,0,0,0,0,362.6,154.3,164.6,207.3,0,0,260.5,208.4,188
275.95492@1.51,0,775.5,1097,949.4,0,0,0,0,0,396.3,483.4,594.1,0,234.9,0,0,0,0,234.9,173.6,0,0,0,0,0,0,0,0,0,0,0,0,0,0,260,0,0,0,329.4,207.6,0,0,0,0,0,0,0,0
292.93211@1.51,0,868.8,1179,888.3,181.3,475.3,0,386.2,0,243.6,775.7,306.3,0,0,0,216.5,0,0,179.7,207.1,230.8,0,0,0,0,0,187.6,0,0,0,0,0,0,389.3,0,316.9,0,0,0,0,0,0,0,0,0,0,0,0
336.91797@1.52,0,1464,2007,1647,0,360.4,295.5,0,0,362.3,1366,0,0,0,190.1,221.7,0,0,0,0,0,0,0,0,0,0,0,0,0,0,0,0,0,0,0,285.1,0,230.7,0,230,0,0,0,0,0,0,0,0
434.99029@1.52,0,909.9,808.7,1796,0,0,190.6,0,0,0,467.7,235.9,0,0,0,0,0,0,0,0,0,0,0,0,0,0,0,0,0,0,0,0,0,0,0,197.1,0,0,0,0,0,0,0,0,0,0,0,0
440.85768@1.52,0,1089,2455,2350,0,0,191.3,0,0,0,1272,313.7,0,155.7,109.9,0,0,0,0,0,0,0,0,0,0,0,0,0,0,0,0,0,0,228.8,216.4,0,0,0,0,0,0,0,0,0,0,0,0,0
514.85562@1.51,0,538,797,1186,0,0,198,220.3,0,0,332.1,205.1,0,0,0,0,0,0,0,0,0,0,0,0,0,0,0,0,0,0,0,0,0,0,0,0,0,0,175.4,0,0,0,0,0,0,0,0,0
410.84629@1.51,0,413.8,370.6,683.8,0,172.7,214.1,325.6,0,228.4,1149,221.6,0,0,0,0,0,0,0,159.3,0,0,0,0,0,0,0,0,0,112.7,0,0,0,252.2,247.7,0,0,0,216.8,265.4,0,0,0,0,0,138.1,0,0
417.85534@1.52,0,288,495.8,995.3,0,179.2,268.7,215.1,0,201,708.3,265.6,0,0,0,0,0,0,0,0,0,0,0,0,0,0,0,0,0,0,0,0,0,192.5,0,259,0,0,248.6,0,0,0,110.5,0,0,0,0,0
479.18321@1.52,0,2213,2245,2072,0,945.9,874.2,1262,0,688.3,3963,3918,0,181.6,967.9,2177,0,418.8,584.4,747,0,150.3,182.4,0,0,1671,1527,1243,0,0,258.4,0,0,548.3,865.7,773.5,0,300.5,1464,830.6,0,176.2,0,144.3,0,0,180.7,225.4
121.98664@1.52,629.1,1150,10740,8710,576.7,3460,12130,11030,700.3,511.9,9267,6004,524.8,586.8,561,567.9,646.7,7787,4233,7474,583.7,3037,1732,0,0,11280,0,0,508.5,0,3012,0,568.9,1906,10460,7861,0,0,9379,7998,0,2437,1457,1442,371.7,2707,2239,2325
314.90775@1.52,0,763.4,1391,748.1,148.1,0,0,692.6,127,313.2,833.1,495,0,193.9,0,0,0,0,0,205.5,0,175.5,208.2,155.6,0,0,0,191.8,168.5,0,175.9,0,196.3,356.8,0,616.6,0,298.2,603,0,0,0,0,0,0,121,0,199.7
483.86762@1.53,0,371.9,1164,1329,0,0,161.9,190.4,0,147.9,817.3,197.7,0,0,0,0,0,0,0,0,0,0,0,0,0,0,0,0,0,0,0,0,0,0,0,0,0,0,0,0,0,0,0,0,0,0,0,0
202.03533@1.51,290.2,1927,7668,2696,0,379.1,0,0,262.6,419.2,3631,622.5,0,422,349.4,0,251.1,219.8,305,296.4,0,593,556.5,355.5,0,242.9,0,173.4,0,0,0,0,0,0,384.8,444.2,168,187.3,0,0,0,0,0,0,0,183.5,253.1,120.5
344.91933@1.51,0,477.2,0,1008,0,299.1,766.1,407.4,0,304.7,596,0,0,215.8,0,0,0,0,0,0,0,0,0,0,0,0,0,0,0,0,0,0,0,0,0,434.1,0,283.1,607.2,405,0,0,0,0,0,0,0,0
359.89504@1.52,0,424.4,533.6,1570,0,0,0,0,0,0,329.8,237.2,0,0,0,0,0,0,0,0,0,0,0,0,0,0,0,0,0,0,0,0,0,0,254.9,252.6,0,0,240.6,0,0,0,0,0,0,0,0,0
365.85456@1.51,0,395.2,445,771.1,0,0,239.3,0,0,198.7,337.5,236.1,0,161.6,0,148.4,182.5,0,0,0,0,0,0,0,0,0,0,0,0,0,0,0,0,0,313.2,272,0,0,0,207.3,105.4,0,0,0,0,163.3,0,0
433.9797@1.52,0,604.7,519,1367,0,0,0,0,0,0,207,201.7,0,0,0,0,0,0,0,0,0,0,0,0,0,0,0,0,0,0,0,0,0,0,0,144.1,0,0,0,0,0,0,0,0,0,0,0,0
504.9263@1.52,0,243.4,281.5,453.2,0,0,0,0,0,0,0,0,0,0,0,0,0,0,0,0,0,0,0,0,0,0,0,0,0,0,0,0,0,0,0,0,0,0,0,0,0,0,0,0,0,0,0,0
515.85449@1.52,0,343.4,382,846.9,0,0,0,180.2,0,0,273,218.2,0,0,0,0,0,0,0,0,0,0,0,0,0,0,0,0,0,0,0,0,0,0,0,0,0,0,185.4,0,0,0,0,0,0,0,0,0
516.9522@1.52,0,302.4,357.6,816.1,0,0,0,0,0,0,282.2,151.8,0,0,0,0,0,0,0,0,0,0,0,0,0,0,0,0,0,0,0,0,0,0,0,0,0,0,0,0,0,0,0,0,0,0,0,0
546.97418@1.53,0,266.3,0,861.5,0,0,0,0,0,0,0,0,0,0,0,0,0,0,0,0,0,0,0,0,0,0,0,0,0,0,0,0,0,0,0,0,0,0,0,0,0,0,0,0,0,0,0,0
556.87166@1.51,0,334.7,388,936.7,0,0,0,0,0,0,275.5,179.8,0,0,0,0,0,0,0,0,0,0,0,0,0,0,0,0,0,0,0,0,0,0,148.1,134.2,0,0,141.4,0,0,0,0,0,0,0,0,0
571.86477@1.5,0,283.1,336.2,791.3,0,0,0,0,0,133,249.4,228.3,0,0,0,0,0,0,0,0,0,0,0,0,0,0,0,0,0,0,0,0,0,0,0,0,0,0,0,0,0,0,0,0,0,0,0,0
598.85794@1.53,0,227.6,373.8,579.1,0,0,0,0,0,0,251.3,0,0,0,0,0,0,0,0,0,0,0,0,0,0,0,0,0,0,0,0,0,0,0,0,0,0,0,142.3,0,0,0,0,0,0,0,0,0
646.94064@1.53,0,298.2,303.6,509.5,0,0,0,0,0,0,0,0,0,0,0,0,0,0,0,0,0,0,0,0,0,0,0,0,0,0,0,0,0,0,0,0,0,0,0,0,0,0,0,0,0,0,0,0
132.06975@1.52,0,13680,81190,17150,0,0,0,0,0,0,35750,841.7,0,0,0,0,0,0,0,0,0,0,0,0,0,0,0,0,0,0,0,0,0,0,0,0,0,0,0,0,0,0,0,0,0,774.3,0,0
268.98968@1.52,0,3307,4985,7402,0,0,244.6,0,0,280.5,2168,515.9,0,133.5,0,0,0,0,182.1,0,0,0,0,0,0,0,0,0,0,0,0,0,0,0,0,215,0,0,180.6,220.1,0,0,0,0,0,0,0,0
383.94214@1.52,0,1430,3641,3291,0,0,143.4,0,0,0,1131,260.9,0,0,0,0,0,0,0,0,0,0,0,0,0,0,0,0,0,0,0,0,0,0,201.2,0,0,0,0,0,0,0,0,0,0,0,0,0
160.07536@1.52,507.2,13520,68850,9933,511.5,0,0,0,0,620.9,30120,1242,602.3,0,525.7,452.9,588.2,0,0,0,641.4,662.6,0,625.5,0,0,430.1,0,0,626.1,0,695.5,701.3,0,0,0,0,0,708,0,729.3,656,704.7,658.1,557,0,734.8,0
425.88871@1.52,0,831.3,1434,546.6,0,0,0,0,0,0,885.1,290.7,0,0,0,0,0,0,0,0,0,0,0,0,0,0,0,0,0,0,0,0,0,0,0,212.8,0,0,0,0,0,0,0,0,0,0,0,0
401.8321@1.52,111.8,402.5,1325,1404,151.9,227.9,293.3,229.7,0,177.3,361.2,311.1,195.3,196.6,0,151.2,0,0,158.2,137.9,0,0,0,0,0,174,0,0,0,0,0,0,0,0,0,279.7,0,0,230.6,290.4,0,0,0,0,0,0,0,0
416.88828@1.52,0,458.6,1056,1051,0,0,286.4,158.2,0,208.1,390.9,301.7,0,0,0,0,0,0,0,0,0,109.8,0,128,0,0,0,0,0,0,0,0,0,0,0,248.9,0,0,259.6,187.9,0,0,0,0,0,0,0,0
458.91254@1.51,0,416.7,897.7,996.6,0,0,226.4,0,0,0,0,242.2,0,0,0,0,0,0,0,0,0,0,0,0,0,0,0,0,0,0,0,0,0,0,168.1,0,0,0,0,203.8,0,0,0,0,0,0,0,0
468.86177@1.51,0,351.5,1031,1212,0,148.7,0,0,0,0,369.1,219.7,0,0,0,0,0,0,0,0,0,0,0,0,0,0,0,0,0,0,0,0,0,0,210,0,0,0,0,0,0,0,0,0,0,0,0,0
482.84674@1.52,0,340.2,1742,1073,0,0,219.5,153.6,0,113.8,396.7,226.2,0,0,0,0,0,0,0,0,0,0,0,0,0,0,0,0,0,0,0,0,0,0,0,0,0,0,257.3,151.6,0,0,0,0,0,0,124.6,0
530.87333@1.52,0,443.6,1366,1280,0,0,205.7,0,0,0,377.9,166.2,0,0,0,0,0,0,0,0,0,0,0,0,0,0,0,0,0,0,0,0,0,0,148.8,0,0,0,0,0,0,0,0,0,0,0,0,0
542.86476@1.52,0,299.2,953.8,902.3,0,0,0,168.9,0,0,261.6,135.3,0,0,0,0,0,0,0,0,0,0,0,0,0,0,0,0,0,0,0,0,0,0,0,0,0,0,0,0,0,0,0,0,0,0,0,0
599.86151@1.52,0,0,743.6,809.3,0,0,0,0,0,0,256.5,113.5,0,0,0,0,0,0,0,0,0,0,0,0,0,0,0,0,0,0,0,0,0,0,0,0,0,0,0,0,0,0,0,0,0,0,0,0
330.99417@1.52,0,788.5,1048,1214,0,0,150.1,0,0,179.4,0,292.6,0,0,0,0,0,0,0,0,0,0,0,0,0,0,0,0,0,0,0,0,0,0,207.4,155.7,0,0,0,137.6,0,0,0,0,0,0,0,0
387.91834@1.52,0,1475,2144,2555,0,0,0,0,0,0,393.5,326.7,0,0,0,0,0,0,0,0,0,0,0,0,0,0,0,0,0,0,0,0,0,0,296.8,0,0,0,244,230.4,0,0,0,0,0,0,0,0
407.89686@1.51,0,708.9,488.9,1529,0,0,173.1,224.3,0,124.4,0,274.4,0,0,0,0,0,0,0,0,0,0,0,0,0,0,0,0,0,0,0,0,0,0,208.1,146,0,0,203.5,0,0,0,0,0,0,0,0,0
412.85507@1.51,161.5,942,1915,1525,0,232.9,217.1,301.6,0,223,497.4,314.3,0,232.1,0,0,0,0,0,0,166.6,0,0,0,0,0,0,103.8,0,0,0,0,0,0,0,296.3,0,0,320.6,0,0,103.9,0,0,0,0,0,0
252.9316@1.52,260,636.2,0,932.3,323.9,540.4,1907,1296,0,358.9,704.4,1248,0,0,0,397.8,431.2,768.5,530.6,530.7,257.7,1086,328,1232,0,774.5,451.3,744.5,0,1036,0,0,467.4,0,0,565.3,0,372.5,0,0,401,0,1811,391,0,445.2,679.8,0
298.91077@1.52,237.8,884.5,956.9,3290,0,418.5,361.7,379.8,257.9,362,1454,422.6,0,288.5,234.5,0,193.8,0,276.5,337.4,179.5,0,281,275.6,231.2,472.8,388,0,11140,2173,299.5,228.7,295.3,0,0,1040,246.3,894.9,0,435.8,258.6,876.3,2760,0,299.5,710.6,1104,1213
220.06319@1.52,0,177.4,1222,204.5,0,0,0,0,0,0,337,0,0,0,0,0,0,0,0,0,0,0,0,0,0,0,0,0,0,0,0,0,0,0,0,0,0,0,0,0,0,0,0,0,0,0,0,0
235.95043@1.52,309.2,554.9,1495,747.3,0,271.3,0,0,0,317.6,0,464.5,0,0,0,0,110.1,230.6,0,247.9,0,115.4,0,151.2,0,0,197.9,252.6,0,0,0,0,0,221.6,281,232.2,0,146.6,0,249,0,0,0,0,0,134,167.7,207.4
242.04455@1.52,0,410.3,1877,396.6,0,141.7,144.8,255.9,0,183.4,572.9,291.7,130.1,0,0,0,0,0,149.4,0,0,0,0,0,0,171.8,0,0,0,0,106.1,0,0,0,232.6,291.3,0,115,248.1,0,0,0,161.7,0,0,0,0,0
273.951@1.51,0,540.2,1472,608.8,0,0,0,0,0,246,0,248.7,0,173,0,0,0,0,0,0,0,0,0,0,0,181.3,0,0,0,0,0,0,0,0,196.4,0,0,0,273.7,0,0,0,0,0,0,0,0,0
311.85294@1.52,0,444.7,1158,445.2,0,285.3,352.1,304.3,192.1,300.7,0,350.4,0,210.8,0,212.1,0,0,0,0,205.4,169.9,0,0,0,222.9,226.9,0,270.1,225.5,0,174.2,0,232.9,289.3,247.7,190.2,239.8,0,259.5,0,0,165.7,0,207.8,221.4,202.7,188.5
473.86477@1.52,0,366.9,746.2,394.8,0,0,0,0,0,0,344.3,0,0,0,0,0,0,0,0,0,0,0,0,0,0,0,0,0,0,0,0,0,0,0,265.9,0,0,0,0,161.4,0,0,0,0,0,0,0,0
497.84981@1.52,0,361.9,1018,428,0,0,0,0,0,0,336.9,215.2,0,0,0,0,0,0,0,0,0,0,0,0,0,0,0,0,0,0,0,0,0,0,211.5,0,0,0,0,137.6,0,0,0,0,0,0,0,0
526.87402@1.52,0,294.5,660.4,393.8,0,0,0,0,0,0,0,144.5,0,0,0,0,0,0,0,0,0,0,0,0,0,0,0,0,0,0,0,0,0,0,0,132.1,0,0,0,0,0,0,0,0,0,0,0,0
528.88253@1.53,0,288.9,794.8,410.1,0,0,0,156.8,0,0,207.3,0,0,0,0,0,0,0,0,0,0,0,0,0,0,0,0,0,0,0,0,0,0,0,0,0,0,0,0,0,0,0,0,0,0,0,0,0
554.86809@1.53,0,268.3,818.5,407.2,0,0,0,0,0,0,0,0,0,0,0,0,0,0,0,0,0,0,0,0,0,0,0,0,0,0,0,0,0,0,0,0,0,0,167.9,0,0,0,0,0,0,0,0,0
349.81666@1.52,0,796.1,380.2,355.4,0,257,284.5,304.9,0,0,320.8,0,0,181.4,229.6,233.3,347.2,0,469.7,266.2,178.5,0,0,0,0,592.6,324.2,368.7,379.1,239.9,269.2,0,345.6,268.9,286.9,265,0,0,0,0,0,0,243.4,202.5,0,0,307.6,278.9
390.97203@1.52,0,433,325.4,437.4,0,0,0,0,0,0,0,162.5,0,0,0,0,0,0,0,0,0,0,0,0,0,0,0,0,0,0,0,0,0,0,0,180.4,0,0,0,0,0,0,0,0,0,0,0,0
341.9195@1.51,0,3297,4073,5175,0,0,258.3,0,0,210.3,2568,901.8,0,0,0,0,0,178.5,0,186.1,0,0,0,0,0,0,0,0,0,0,140,123.8,0,0,0,202.3,0,136.8,298.1,236,0,0,0,0,0,0,0,0
512.84385@1.52,0,853,1024,1640,0,148.9,134.3,0,0,0,715.5,222,0,0,0,0,0,0,0,0,0,0,0,0,0,0,0,0,0,0,0,0,0,0,145.4,157.2,0,130.6,0,0,0,0,0,0,0,0,0,0
174.05624@1.52,191.4,1097,9189,2038,0,331.3,0,331,187.2,418,3842,428.7,231.9,0,0,284,175,0,0,245.6,0,0,190.4,0,0,220.4,141.6,0,0,247,0,0,0,0,397.5,377,0,204.9,367.9,290.1,162.2,210.2,161.3,189,208.6,257.2,172.6,0
398.84613@1.52,0,626.5,2907,2941,103.5,187.1,286.9,302.8,147.9,191.4,2022,0,0,234.6,158.9,237.5,0,0,136.3,174.6,0,0,0,0,0,0,0,0,0,0,0,176.6,0,0,270,295.5,0,0,0,0,0,0,0,0,126.3,187.3,188,0
444.85478@1.51,0,493.9,1332,1284,0,0,287.4,0,0,245.1,844.5,304.1,0,0,0,215.6,0,0,0,0,0,0,0,0,0,0,0,0,0,0,119.3,0,0,0,0,0,0,0,0,0,0,0,0,0,0,0,0,0
358.98215@1.53,0,492.9,1042,1157,0,0,0,177.9,0,0,389.5,189.4,0,0,0,0,0,0,0,0,0,0,0,0,0,0,0,0,0,0,0,0,0,0,0,0,0,0,0,125.4,0,0,0,0,0,0,0,0
600.90186@1.53,0,533.3,1091,1206,0,0,0,0,0,0,344.7,0,0,0,0,0,0,0,0,0,0,0,0,0,0,0,0,0,0,0,0,0,0,0,0,0,0,0,0,0,0,0,0,0,0,0,0,0
269.91054@1.52,159.3,1313,1881,3044,150.9,252.1,318.1,239,217.6,202.6,948.9,352.5,147,0,134.5,0,194.9,0,0,0,0,0,226.1,0,128.4,236,245.9,0,180.4,0,0,0,193.2,240.6,292.3,293.8,0,164.1,0,254,0,218.5,0,0,0,0,0,0
368.83296@1.53,0,1535,1688,1440,0,173.8,380.1,284.2,172.8,238.5,1196,293.8,0,255.9,176.1,252.8,0,239.2,187.8,0,134,224.1,0,203.2,194,0,217.6,174.2,0,208.4,165,146.9,167,179.8,249.1,251.5,159.8,0,262.8,0,0,0,183.8,0,0,247.9,180.9,0
382.97363@1.53,0,1091,1794,2530,0,0,0,0,0,0,1248,294.4,0,0,0,0,0,0,0,0,0,0,0,0,0,0,0,0,0,0,0,0,0,0,0,164.7,0,0,0,0,0,0,0,0,0,0,0,0
290.08987@1.53,0,938.7,3092,3612,0,0,0,0,0,0,626.5,0,0,0,0,0,0,0,0,0,0,0,0,0,0,0,0,0,0,0,0,0,0,0,0,131.1,0,0,0,0,0,0,0,0,0,0,0,0
429.87649@1.52,0,373.5,1314,1005,0,0,177.7,264.5,0,0,376.3,251.1,0,0,0,0,0,0,0,0,0,0,0,0,0,0,0,0,0,0,0,0,0,0,184.4,184.8,0,0,0,0,0,0,0,0,0,0,0,0
456.87136@1.52,0,441.3,1044,1593,0,0,0,0,0,0,379.1,233.8,0,0,0,0,0,0,0,0,0,0,0,0,0,0,0,0,0,0,0,0,0,0,0,196.2,0,0,233.3,170.2,0,0,0,0,0,0,0,0
513.91892@1.53,0,351.5,787.3,697.8,0,0,0,0,0,0,293.3,0,0,0,0,0,0,0,0,0,0,0,0,0,0,0,0,0,0,0,0,0,0,0,0,0,0,0,0,0,0,0,0,0,0,0,0,0
279.93038@1.52,0,1894,776.6,2900,0,0,0,0,0,223.5,339.6,210.5,0,0,190.3,132.2,0,0,0,131.8,0,0,0,0,0,0,0,182.6,0,0,0,0,0,317.6,148.6,0,0,0,0,0,0,0,0,0,0,0,0,0
405.0254@1.52,0,555.5,434.8,1076,0,0,0,0,0,0,238.7,175.7,0,0,0,0,0,0,0,0,0,0,0,0,0,0,0,0,0,0,0,0,0,0,0,129.7,0,0,0,0,0,0,0,0,0,0,0,0
496.8705@1.53,0,567.7,423.7,779.9,0,0,0,0,0,0,301.3,210.8,0,0,0,0,0,0,0,0,0,0,0,0,0,0,0,0,0,0,0,0,0,0,0,0,0,0,0,137.5,0,0,0,0,0,0,0,0
472.88138@1.53,0,483.4,1325,1460,0,132.5,177.1,0,0,0,583.8,291,0,0,0,0,0,0,0,0,0,0,0,0,0,0,0,0,0,0,0,0,0,0,0,200.6,0,0,0,0,0,0,0,0,0,0,0,0
502.16901@1.53,0,315.8,282.1,194.1,0,232,0,240.9,0,336.9,748.6,775.2,0,0,0,0,0,0,0,0,0,0,0,0,0,0,0,168.3,0,0,0,0,0,0,0,175.6,0,0,213.3,0,0,0,0,0,0,0,0,0
343.89191@1.54,0,1654,1318,2703,0,0,276,276.1,0,248.7,1053,393.8,0,142.3,0,0,0,0,0,0,154.1,0,0,0,0,0,0,215.3,0,0,0,0,0,167.8,0,328.6,0,0,204.1,0,0,0,0,0,0,0,0,0
485.87841@1.54,0,748.4,960.2,845.7,0,0,0,0,0,130.5,365.5,212.1,0,0,0,0,0,0,0,0,0,0,0,0,0,0,0,0,0,0,0,0,0,0,0,0,0,0,0,0,0,0,0,0,0,0,0,0
450.83276@1.54,0,0,1168,404.2,0,0,0,211,0,0,534.7,244.1,0,0,0,139,0,0,0,0,0,0,0,0,0,0,0,0,0,0,0,0,0,0,143.6,192.9,0,0,148.5,175.3,0,0,0,0,0,0,0,0
144.04409@1.54,0,0,2366,2395,343.8,1695,4919,5349,587.2,1935,1270,1542,341.8,4233,3553,2740,568.9,7229,3601,3470,0,5875,4651,6060,573.2,7836,6082,7747,445.2,9390,5264,9038,0,0,3130,676.3,0,869.3,0,0,0,3177,1610,2121,340.1,6412,3611,5039
480.18721@1.54,0,540.8,411.8,0,0,0,236.2,256.7,0,225.8,645.2,966.1,0,0,0,725.2,0,179.5,0,209.4,0,0,0,0,0,0,0,0,0,0,0,0,0,0,0,196.3,0,0,0,0,0,0,0,0,0,0,0,0
197.97553@1.53,0,0,1350,692.9,0,0,463.4,434.1,0,427.6,893.2,747,193.2,0,190.4,266.2,0,219.8,176.5,264.6,0,172.1,0,144.6,0,0,260.6,225,0,190.8,151.8,163.1,0,247.7,0,411.9,0,215.7,0,389.7,0,176.4,0,185.1,0,117.9,172.5,159.4
259.92669@1.54,0,0,607.9,843,0,0,498.5,0,0,468.2,611.5,585.6,0,0,0,0,0,0,0,0,0,0,0,0,0,0,0,0,0,0,0,0,0,188.2,0,0,0,0,0,0,0,0,0,0,0,0,166.5,0
303.91557@1.52,0,0,547.6,380.9,0,0,0,0,0,223.7,0,332.3,0,0,0,0,0,0,0,0,0,0,0,0,0,119.9,129.5,0,0,0,0,214.8,0,0,0,0,0,194.9,234.4,0,0,0,0,0,0,0,0,0
334.00849@1.53,0,296.9,308.2,875.3,0,0,0,0,0,0,221.1,0,0,0,0,0,0,0,0,0,0,0,0,0,0,0,0,0,0,0,0,0,0,0,0,0,0,0,0,0,0,0,0,0,0,0,0,0
384.92067@1.54,0,610.9,880.3,980.4,0,0,0,169.9,0,0,566.8,378.6,0,0,0,0,0,0,0,0,0,0,0,0,0,0,0,0,0,0,0,0,0,0,0,0,0,0,196.9,114.2,0,0,0,0,0,0,0,0
419.82295@1.53,0,325.3,407,841.8,0,229.5,231.5,0,0,0,285.9,208.9,0,0,0,0,0,0,0,0,0,0,0,0,0,0,0,0,0,126,0,122.2,157.8,0,222,0,0,192.9,228,229.2,0,0,0,0,0,0,0,184.3
541.94571@1.53,0,275.5,386,877.6,0,0,0,0,0,0,0,119.4,0,0,0,0,0,0,0,0,0,0,0,0,0,0,0,0,0,0,0,0,0,0,0,0,0,0,0,0,0,0,0,0,0,0,0,0
545.95777@1.53,0,284.3,344.8,780.7,0,0,0,0,0,0,154.2,0,0,0,0,0,0,0,0,0,0,0,0,0,0,0,0,0,0,0,0,0,0,0,0,0,0,0,0,0,0,0,0,0,0,0,0,0
570.89475@1.52,0,344.1,388.3,770.9,0,0,0,0,0,0,0,203.9,0,0,0,0,0,0,0,0,0,0,0,0,0,0,0,0,0,0,0,0,0,0,0,0,0,0,0,0,0,0,0,0,0,0,0,0
585.88721@1.54,0,343.3,366.2,627.8,0,0,0,0,0,0,183.8,0,0,0,0,0,0,0,0,0,0,0,0,0,0,0,0,0,0,0,0,0,0,0,0,0,0,0,0,0,0,0,0,0,0,0,0,0
601.87633@1.53,0,239.8,369.5,668.1,0,0,0,0,0,0,0,0,0,0,0,0,0,0,0,0,0,0,0,0,0,0,0,0,0,0,0,0,0,0,0,0,0,0,0,0,0,0,0,0,0,0,0,0
297.90328@1.53,155.1,1723,3285,3261,0,271.1,266.1,0,144,270,1827,336.2,201.5,167.4,222.3,0,215.6,0,196.1,0,0,203.6,237.6,269.1,0,0,0,0,160.9,231,0,0,225.8,0,217,268,109.6,209.9,247.6,227.1,0,181.3,0,164.2,0,153.6,159.6,0
397.84774@1.54,0,1674,1552,1495,0,184.9,228.1,0,0,232.2,970.9,0,0,0,0,139.3,0,0,0,0,0,0,0,0,0,0,0,0,0,0,0,0,110.1,0,229.8,183.3,0,0,0,0,0,0,0,0,0,0,0,0
328.04962@1.54,0,344.2,1064,1278,0,0,0,0,0,0,0,0,0,0,0,0,0,0,0,0,0,0,0,0,0,0,0,0,0,0,0,0,0,0,0,0,0,0,0,0,0,0,0,0,0,0,0,0
395.85429@1.53,0,416,960.1,1153,0,0,0,0,0,202.8,308.8,226.2,0,0,0,0,0,0,0,0,0,0,108.7,0,0,125.5,0,0,0,0,0,0,0,192.2,172.7,236.2,0,0,169.4,154.6,0,0,0,0,0,0,0,0
431.81355@1.54,0,0,1118,1200,0,0,0,276.5,0,166,0,252.3,0,0,200.3,0,0,0,0,0,0,169.4,0,147.4,0,0,141.9,0,0,0,0,0,0,0,0,257.5,0,186.7,0,184,0,0,0,0,0,0,182.8,0
501.16798@1.54,0,1721,1590,1590,0,0,590.5,866.7,0,1589,3310,4125,0,0,0,2536,0,0,0,0,0,0,135.1,0,0,0,0,0,0,0,0,0,0,529.1,0,716.5,0,341.5,0,0,0,0,0,0,0,0,0,250.1
381.81344@1.55,169.4,1716,1932,942.9,0,0,152.7,241.7,111,237.7,285.9,285.7,257,143.6,174.8,0,0,215.5,210.5,236.2,0,0,0,0,0,198.1,0,0,0,193.3,0,0,0,142,0,230.5,0,0,176.6,186.8,0,162.5,147,0,0,141.8,182.6,0
313.06119@1.55,0,731.4,0,1032,0,389.6,0,198.7,0,0,302.7,0,0,0,186.7,196.2,0,0,0,0,0,0,0,0,0,0,0,0,0,0,0,0,0,1132,1365,1633,0,693.7,1219,1254,0,0,0,0,0,0,0,0
312.06264@1.56,0,2011,4040,5062,0,0,0,0,0,0,1316,0,0,0,0,0,0,0,0,0,0,0,0,0,0,0,0,0,0,0,0,0,0,0,0,0,0,0,0,0,0,0,0,0,0,0,0,0
323.92938@1.55,0,2727,4063,4257,0,194.4,0,0,0,0,1444,302,0,0,0,0,0,0,0,176.7,0,0,0,0,0,0,0,110.7,0,0,0,0,0,0,0,0,0,0,175.2,0,0,0,0,0,0,0,0,0
411.9388@1.56,0,882.3,1166,3288,0,0,0,0,0,0,405,203.1,0,0,0,0,0,0,0,0,0,0,0,0,0,0,0,0,0,0,0,0,0,0,138.9,152.1,0,0,0,0,0,0,0,0,0,0,0,0
441.90113@1.54,0,0,0,695.5,0,0,0,158.1,0,0,620.1,252.4,0,0,0,0,0,0,0,0,0,0,0,0,0,0,0,0,0,0,0,0,0,0,0,139.9,0,0,0,0,0,0,0,0,0,0,0,0
244.05974@1.56,0,589.3,0,1951,0,0,0,158.3,0,0,532.9,248.9,0,0,0,0,0,104.2,0,0,0,0,0,0,0,0,0,0,0,0,0,0,0,0,0,0,0,0,0,0,0,0,0,0,0,104.6,0,0
289.86985@1.55,0,0,549.7,1589,0,366.5,388,0,0,327.5,375,274.9,0,0,231.4,0,0,0,304.1,0,0,0,232.6,0,0,0,0,0,0,0,0,0,233.7,0,0,0,275.1,180.5,0,0,282.8,0,0,195.3,0,243.8,0,0
555.90421@1.54,0,0,413.4,755.2,0,0,0,0,0,0,0,0,0,0,0,0,0,0,0,0,0,0,0,0,0,0,0,0,0,0,0,0,0,0,0,0,0,0,0,0,0,0,0,0,0,0,0,0
352.82817@1.55,163.6,508.6,1151,1701,0,0,288.6,233.9,0,174.1,432.3,323.9,283.2,0,159.2,281.3,0,0,0,179.5,212.9,0,150.3,184.7,0,0,312.6,290.9,300.8,197.4,241.1,157.8,258.3,0,251.7,162.4,0,166,222.8,0,177.9,168.9,0,225.5,228.4,224.4,0,232.7
343.98362@1.55,0,540.4,1700,733.1,0,0,0,0,0,0,391.3,217.3,0,0,0,0,0,0,0,0,0,0,0,0,0,0,0,0,0,0,0,0,0,0,0,0,0,0,0,0,0,0,0,0,0,0,0,0
384.84365@1.56,0,629.6,3268,613.9,0,221.9,177.7,311.4,0,212.2,636.7,0,0,0,168.4,128.4,0,0,0,0,174,0,0,0,0,108.5,0,0,0,0,131,0,0,0,0,0,0,0,212.4,0,0,0,0,0,0,0,0,164.1
413.97062@1.57,0,272.2,935.4,455.9,0,0,0,0,0,0,346.8,0,0,0,0,0,0,0,0,0,0,0,0,0,0,0,0,0,0,0,0,0,0,0,0,0,0,0,0,0,0,0,0,0,0,0,0,0
510.88947@1.54,0,372,886.2,404.3,0,0,0,0,0,0,0,0,0,0,0,0,0,0,0,0,0,0,0,0,0,0,0,0,0,0,0,0,0,0,0,0,0,0,0,0,0,0,0,0,0,0,0,0
370.83868@1.55,0,896,0,1034,198.8,0,308.4,0,0,0,914.6,0,303.2,0,178.1,0,0,0,242.7,0,0,0,0,164.7,0,0,317,0,260.6,204.4,263,0,0,153.7,288.2,0,168.3,138.5,0,0,277,0,0,0,0,238.6,229.9,223.6
310.83429@1.56,0,605.8,1017,0,277.5,0,374.6,0,450.2,0,0,414.9,389.2,0,0,500,396.3,420,542.5,363.1,295.3,329.5,364.5,0,374.1,408,403.4,2179,371.6,315.1,387.5,268.4,0,304,340.6,324.7,313,313.6,370.4,0,345.2,0,273.2,302.5,413,0,333.5,275.8
186.08294@1.56,1300,16290,0,32160,3198,10230,2027,7966,0,1590,4458,8824,9879,10640,10790,2268,0,1362,0,1074,9662,4253,7749,21460,1188,0,1437,1356,9983,7885,10870,12520,1173,1149,1408,1586,1049,0,1542,1378,0,1066,998.2,884.5,1058,1029,0,1070
357.89049@1.56,0,0,443.9,663.5,0,0,0,0,0,0,0,0,0,111.6,0,0,0,0,0,0,0,0,0,0,0,0,0,0,0,0,0,0,0,0,0,173.9,0,0,195.5,0,0,0,0,0,0,0,0,0
412.99687@1.58,0,0,0,645.1,0,0,0,0,0,0,0,0,0,0,0,0,0,0,0,0,0,0,0,0,0,0,0,0,0,0,0,0,0,0,0,0,0,0,0,0,0,0,0,0,0,0,0,0
435.79793@1.57,0,277.2,291.6,1217,0,0,206.6,0,0,0,0,282.9,0,0,166.2,0,0,0,0,161.3,0,0,117.8,0,0,0,139.3,0,0,0,0,0,0,0,0,0,0,0,0,174.4,0,0,0,0,0,176,0,0
251.93908@1.57,0,7798,10590,8680,0,0,242.3,0,0,245.5,1214,753.9,184.6,0,0,0,124.8,164.3,0,0,0,155.5,179.3,125.7,0,0,211,0,0,0,219.9,0,0,0,0,0,141.4,0,216.4,255.3,0,139.4,163.9,157.9,148.5,0,0,213.2
248.04627@1.58,0,759.6,5876,1213,0,0,0,0,0,0,1641,181.6,0,0,0,0,0,0,0,0,0,124.4,0,0,0,0,182,0,127.3,0,0,0,151.5,0,0,0,0,0,0,183.3,0,0,104.4,0,0,0,0,0
151.8974@1.61,0,780.9,543.9,688.6,1213,0,1123,0,1804,992.6,807.4,1430,0,942.9,1436,2057,1858,1279,1514,0,964.6,1301,1379,1424,1572,2838,2373,2136,2374,1450,1343,1528,1920,927.2,0,1023,1201,0,1217,3421,1859,1389,1072,1306,2048,1339,0,0
211.93753@1.62,0,1285,0,1333,0,0,0,0,285.3,0,0,724.3,252.6,0,0,264.2,0,277.9,359.7,0,195.3,0,0,269.2,202.6,379.2,353.6,298.7,0,247.1,295.8,0,229.1,341.2,0,769.1,0,0,0,0,251.7,265.8,0,209.3,0,251.9,0,295.3
269.82787@1.64,820.6,391.5,390.6,318.5,979.2,723.1,780.8,740.3,0,640,654.9,7052,1017,634.7,946.9,1259,1279,1082,1356,1235,800.8,0,1030,1085,883.9,0,0,1537,1546,830.3,0,1075,0,744.4,759.1,700.5,0,628.4,884.7,0,1066,794.7,816.2,835.4,1396,0,817,757.8
252.82759@1.65,1679,1062,807.6,907.7,1882,1614,1826,1550,2203,1114,2306,1861,2426,1466,1541,2611,2370,2051,2610,0,1481,1810,1995,2086,2034,3220,0,2718,3099,2048,1924,1463,2416,1560,1341,1491,1425,997.2,1546,1336,1521,1921,1453,1238,2507,1525,1631,2070
286.907@1.67,0,0,1163,1037,490.9,0,0,503.1,0,230.7,1466,486.2,421.1,517.4,448.2,0,150.8,190.2,147.2,254.4,493.9,0,0,339.8,0,0,0,456.5,723.1,300.6,362.2,0,335.7,0,683.6,1118,380.2,638.7,450.1,630.8,333.6,0,0,321.9,270,0,349.9,0
229.09662@1.67,210.8,0,738.9,0,136.9,206.9,262,222.9,197.8,0,0,305.3,168.5,440.9,0,453.8,0,1059,786.7,997,0,1355,797.1,1077,176.2,1125,801.2,1157,147.9,0,935.6,256.5,0,212.6,0,235.4,0,196.3,164.1,161.5,0,487.9,524.2,474.1,0,0,655.4,689.6
220.11779@1.68,0,0,0,0,0,0,0,0,0,0,0,0,0,0,0,0,0,0,0,0,0,0,0,0,0,0,0,0,0,0,0,1848,0,0,0,0,0,0,0,0,0,0,0,0,0,0,0,0
274.0083@1.68,0,0,327.1,294,0,0,0,0,0,0,0,0,0,0,0,0,0,0,0,0,0,0,0,0,0,0,0,0,0,0,0,765.1,0,0,0,0,0,0,0,0,0,0,0,0,0,0,0,0
375.15503@1.69,0,156.5,0,0,0,0,0,0,0,0,0,0,0,0,0,0,0,687.3,495.2,689.7,0,0,0,0,0,725.9,733.3,1788,0,0,0,0,0,0,0,0,0,0,0,0,0,438.5,565.8,0,0,0,0,0
198.99884@1.7,0,824.2,4442,1088,0,187,309.6,272.8,0,409.1,873.1,405.1,0,226.3,0,216,0,179.4,200,0,0,188.5,176.4,140.4,0,0,0,202,132.8,114.2,0,0,0,0,184.8,274.9,145,144.8,240,210.9,0,149.9,0,0,0,0,153.7,189.5
252.94409@1.71,149.2,497,2148,713.7,169.7,254.4,317.5,309,167.9,213.2,0,350.7,0,236,264,0,232.3,261.9,0,194.6,245.7,227.9,0,274,226.3,362.5,0,0,317.3,209.9,226.7,244.3,250.8,268,306.4,288.1,257.1,247,293.7,0,203,0,171.7,181.9,260,209.7,0,274.1
293.93464@1.72,0,206.3,922,282.4,0,143.8,0,0,0,0,0,0,0,0,0,0,0,0,0,0,0,0,0,0,0,0,0,0,0,0,0,0,0,0,0,0,0,0,0,0,0,0,0,0,0,0,0,0
513.90257@1.73,0,0,1001,251.9,0,0,0,0,0,0,258.2,0,0,0,0,0,0,0,0,0,0,0,0,0,0,0,0,0,0,0,0,0,0,0,0,0,0,0,0,0,0,0,0,0,0,0,0,0
537.93439@1.72,0,0,750.9,0,0,0,0,0,0,0,124.7,0,0,0,0,0,0,0,0,0,0,0,0,0,0,0,0,0,0,0,0,0,0,0,0,0,0,0,0,0,0,0,0,0,0,0,0,0
151.89684@1.71,3089,0,374.8,571.7,1064,1084,5784,0,1583,992,0,1175,1184,955.9,1250,1759,1596,1248,1672,1133,912.3,893.4,1230,1239,0,2337,2057,1893,2014,1073,1457,1308,1677,987.4,1061,1014,1028,871.5,0,740.1,1238,1022,0,971.2,1924,1130,1005,1491
181.94496@1.71,0,44870,40500,69340,504.6,518.8,4921,5669,733.6,481.2,68270,16590,0,406.7,599.5,496.8,0,589.2,639.5,666.3,307.7,471.5,489,0,539.5,921.9,819.3,697,1885,549.4,576.1,398.6,640.1,678,14610,10810,370.2,793.7,13920,13050,620.7,522.9,0,309.4,448,430.7,0,568.9
323.97298@1.7,0,0,0,1028,0,0,0,0,0,0,912,227.5,0,0,0,0,0,0,0,0,0,0,0,0,0,0,0,0,0,0,0,0,0,0,0,0,0,0,0,0,0,0,0,0,0,0,0,0
184.8872@1.71,531.7,8459,17250,10140,482.7,308.8,0,2797,480.6,361,9333,3258,457.3,0,387.7,520.9,463.7,345.8,543,496,1050,422.3,452.2,418.7,0,556.1,606.6,495.8,532.1,456.9,473,327.6,481.7,397.8,2179,1272,946.8,1188,1849,1946,331.8,370.7,296.1,321.2,0,448.3,416.3,348.3
369.76027@1.73,0,259.4,0,0,396.5,381.8,383.3,0,345.2,0,143.4,372.6,505.1,381,328.2,1290,426.1,422.3,483,390,1377,0,678.5,1767,302.3,0,931.6,529.7,2429,451.2,436.1,2841,0,0,368.6,260.8,0,0,309.9,0,463.2,489.8,0,356.7,2488,371.2,924.8,0
163.8998@1.72,403.7,0,290.8,0,0,425.4,511.5,496.6,595.7,495,415.7,609.4,616.9,426.2,420.6,729.8,720.5,0,706.3,0,0,482.8,379.3,602.3,1297,878,0,0,0,530.4,620.5,524.1,0,458.3,382.9,0,438.4,313.4,489,471.7,1702,563.7,0,454.2,552.2,500.6,394.3,585.1
271.88363@1.73,171.4,0,1047,0,175.7,0,0,0,0,0,362.5,203.6,0,195.3,142.6,203.9,220.5,202.1,0,218.8,0,0,0,0,0,0,0,0,0,0,199.5,0,219.1,0,227,228.3,0,0,183.9,0,241.8,0,185.3,180.7,0,143.9,133,0
279.93622@1.72,0,0,1002,395.9,0,0,0,130.6,0,0,291,0,0,0,0,0,0,0,0,141,0,0,0,0,0,0,0,0,0,0,0,0,0,0,0,0,0,0,0,141.5,0,0,0,0,0,0,0,0
294.96062@1.73,0,704.5,3648,856.8,0,0,0,178.4,0,0,1009,314.1,0,0,0,0,0,0,0,0,0,0,0,0,0,0,0,0,0,0,0,0,0,0,0,219.1,0,0,247.6,0,0,0,0,0,0,0,0,0
311.85837@1.72,0,354.2,1470,351.5,0,0,0,0,0,0,372,194,139.8,124.9,122.9,231.8,0,0,0,0,0,0,0,0,0,126.1,0,0,0,0,126.3,0,0,129.5,213,0,0,0,119.8,0,0,0,113.9,0,0,0,119,147.8
381.83487@1.73,0,187.6,1128,285.5,0,0,113.3,0,0,0,254.6,0,0,0,0,0,0,0,0,0,0,0,0,0,0,0,137,0,0,0,0,0,0,0,131.9,126,0,0,0,0,0,0,0,0,0,111.9,0,0
389.82806@1.73,0,149.4,1097,231.3,0,0,160.2,169.9,0,0,0,0,0,0,0,0,0,0,0,0,0,0,0,0,0,0,0,0,0,0,0,0,0,0,0,0,0,0,0,163.6,0,0,0,0,0,0,0,0
392.92912@1.75,0,231,1133,275.2,0,0,0,0,0,0,290.3,0,0,0,0,0,0,0,0,0,0,0,0,0,0,0,0,0,0,0,0,0,0,0,0,0,0,0,0,0,0,0,0,0,0,0,0,0
401.83506@1.72,0,252.9,1223,324.2,0,140,124.4,214.1,0,0,269.6,0,0,0,0,0,0,0,0,0,0,0,130.5,0,0,0,150.8,0,0,0,0,0,0,0,197.6,0,0,0,144.7,135.6,0,0,0,0,0,0,0,0
407.96592@1.74,0,182.9,1171,213.3,0,0,0,0,0,0,0,0,0,0,0,0,0,0,0,0,0,0,0,0,0,0,0,0,0,0,0,0,0,0,0,0,0,0,0,0,0,0,0,0,0,0,0,0
411.94727@1.73,0,232.8,670.4,408.3,0,0,0,0,0,0,255.1,0,0,0,0,0,0,0,0,0,0,0,0,0,0,0,0,0,0,0,0,0,0,0,0,0,0,0,0,0,0,0,0,0,0,0,0,0
452.84253@1.74,0,244.9,1005,356.8,0,0,0,0,0,0,279.5,0,0,0,0,0,0,0,0,0,0,0,0,0,0,0,0,0,0,0,0,0,0,0,0,0,0,0,0,0,0,0,0,0,0,0,0,0
467.889@1.73,0,130.7,879.5,228.1,0,0,0,0,0,0,241.4,0,0,0,0,0,0,0,0,0,0,0,0,0,0,0,0,0,0,0,0,0,0,0,0,0,0,0,0,0,0,0,0,0,0,0,0,0
468.88722@1.73,0,207.8,972.7,0,0,0,0,0,0,0,262.6,0,0,0,0,0,0,0,0,0,0,0,0,0,0,0,0,0,0,0,0,0,0,0,0,0,0,0,0,0,0,0,0,0,0,0,0,0
471.87621@1.74,0,179.5,1008,314.3,0,0,0,0,0,0,299.5,0,0,0,0,0,0,0,0,0,0,0,0,0,0,0,0,0,0,0,0,0,0,0,0,0,0,0,0,0,0,0,0,0,0,0,0,0
510.90388@1.74,0,142.5,879.1,291.5,0,0,0,0,0,0,302.7,0,0,0,0,0,0,0,0,0,0,0,0,0,0,0,0,0,0,0,0,0,0,0,0,0,0,0,0,0,0,0,0,0,0,0,0,0
523.98708@1.73,0,0,607.1,0,0,0,0,0,0,0,0,0,0,0,0,0,0,0,0,0,0,0,0,0,0,0,0,0,0,0,0,0,0,0,0,0,0,0,0,0,0,0,0,0,0,0,0,0
600.91386@1.73,0,0,907.7,200.6,0,0,0,0,0,0,0,0,0,0,0,0,0,0,0,0,0,0,0,0,0,0,0,0,0,0,0,0,0,0,0,0,0,0,0,0,0,0,0,0,0,0,0,0
623.92244@1.74,0,0,863.5,147,0,0,0,0,0,0,186.9,0,0,0,0,0,0,0,0,0,0,0,0,0,0,0,0,0,0,0,0,0,0,0,0,0,0,0,0,0,0,0,0,0,0,0,0,0
410.90681@1.73,0,349.7,1528,1050,0,0,0,230.9,0,0,1268,0,0,0,0,0,0,0,0,0,0,0,0,0,0,0,0,0,0,0,0,0,0,0,0,0,0,0,0,157.8,0,0,0,0,0,0,0,0
223.94063@1.72,0,315.7,823.2,1431,0,0,0,141.8,0,0,1159,239.9,0,0,0,127.2,0,0,0,0,0,0,0,0,0,0,0,0,0,0,0,0,0,140.7,134.2,167.5,0,205.1,174.6,188.7,0,0,0,0,0,0,0,0
370.91801@1.73,0,757.2,3208,0,0,0,0,0,0,0,1199,158.6,0,0,0,0,0,0,0,0,0,0,0,0,0,0,0,0,0,0,0,0,0,0,0,0,0,0,219.6,0,0,0,0,0,0,0,0,0
325.8678@1.74,0,346.3,2416,0,0,0,251,194.5,0,0,1214,0,212,192,196.4,247.9,0,0,0,238.8,0,216,0,225.9,0,0,0,0,0,0,224.1,189.2,259.6,170.9,154.4,0,0,0,233.1,153.5,0,0,162.8,0,0,241.3,149.2,217.4
144.06199@1.74,0,817.4,188.7,0,227,0,0,0,0,0,0,0,0,0,0,0,194.3,1010,790.6,829.5,189.1,3447,2782,3315,289,1248,862.9,0,0,4363,3216,0,451,717,0,0,299.9,0,0,875.8,0,4131,1146,1611,0,0,1365,1183
384.8307@1.73,0,858.9,2064,1921,0,111.7,0,0,141.8,0,1230,172.1,0,0,0,168.4,0,0,0,0,0,0,0,0,0,185.2,0,0,0,0,0,128.7,0,0,146.2,199,0,0,0,182.8,0,133.9,134.5,0,0,0,150.9,150.6
442.8244@1.73,0,0,1530,884.4,0,0,0,154.3,0,0,368.4,0,0,0,0,0,0,0,0,0,0,0,0,0,0,0,0,0,0,0,0,0,144,170.2,165.7,0,0,0,179.6,138.8,122.3,0,0,138.8,0,0,0,0
396.86881@1.74,0,366.3,1417,873.3,0,0,0,0,0,0,905.5,145.9,0,0,0,0,0,0,0,131.8,0,0,0,0,0,0,0,0,0,0,0,0,0,0,0,0,0,0,132.3,0,0,0,0,0,0,0,0,0
406.98293@1.74,0,403.1,3269,1232,0,0,0,0,0,0,1137,0,0,0,0,0,0,0,0,0,0,0,0,0,0,0,0,0,0,0,0,0,0,0,0,0,0,0,0,0,0,0,0,0,0,0,0,0
197.05081@1.74,307,3573,10230,8838,0,0,0,0,0,0,3461,450.1,0,0,0,0,0,0,0,0,0,0,0,0,0,0,0,0,0,0,0,0,0,0,0,0,0,0,0,533,0,166.1,0,0,0,208.2,0,0
298.08917@1.74,0,0,0,0,0,1086,0,319.6,0,0,304.4,0,0,315.3,0,271.7,0,1046,421.3,538.6,0,1780,1342,1636,0,1395,645.6,0,0,0,1315,0,0,606.5,0,645.1,0,0,264.1,726.9,0,2026,1035,1389,0,0,957,960.9
183.92331@1.74,651.5,6799,15650,9566,0,668.5,573.9,873.2,866.8,500.3,9787,1111,0,407.4,0,561,0,0,0,796.2,548.5,508.2,0,500.3,764.9,851.3,905.4,628.8,0,700.7,618.8,0,638.5,542.4,1361,1325,427.7,0,0,629.5,657.7,596.2,608.3,403.6,0,624.2,0,709.4
515.87348@1.74,0,305.2,1303,362.4,0,0,0,0,0,0,684,0,0,0,0,0,0,0,0,0,0,0,0,0,0,0,0,0,0,0,0,0,0,0,0,0,0,0,0,0,0,0,0,0,0,0,0,0
511.88128@1.74,0,0,1411,881.2,0,0,0,0,0,0,758.3,0,0,0,0,0,0,0,0,0,0,0,0,0,0,0,0,0,0,0,0,0,0,0,0,0,0,0,0,0,0,0,0,0,0,0,0,0
425.89191@1.74,0,355.5,2279,1478,0,0,0,0,0,0,956.3,0,0,0,0,0,0,0,0,0,0,0,0,0,0,0,0,0,0,0,0,0,0,0,0,0,0,0,0,0,0,0,0,0,0,0,0,0
283.0294@1.74,0,881.2,1198,2626,0,0,0,0,0,0,662.7,0,0,0,0,0,0,0,0,0,0,0,0,0,0,0,0,0,0,0,0,0,0,0,0,0,0,0,0,0,0,0,0,0,0,0,0,0
269.01034@1.74,0,1257,5185,2308,0,0,0,0,0,0,1906,133.5,0,0,0,0,0,0,0,0,0,0,0,0,0,0,0,0,0,0,0,0,0,0,0,0,0,0,0,0,0,0,0,0,0,0,0,0
236.91303@1.74,0,2036,8426,2878,179.8,0,182,284.9,0,249.2,2697,352.7,0,209.6,223.5,0,0,137.7,203.8,0,196.6,0,0,220.7,0,0,274.7,175.2,161.8,160.5,0,151.3,0,0,171.1,190.3,0,0,195.6,275.9,146.8,138.2,0,0,0,0,214.8,170.3
297.91926@1.74,0,4494,21010,6490,0,0,220.3,221.1,130.5,0,7164,313.3,153.1,0,0,146.8,0,0,0,0,0,205,123,0,177.9,374.8,0,155.8,0,0,0,121.7,0,0,167.2,151.5,0,175.3,0,225.4,0,0,0,117.4,0,0,0,0
369.9492@1.74,0,2209,13260,4461,0,0,0,0,0,0,4238,215.4,0,0,0,0,0,0,0,0,0,0,0,0,0,0,0,0,0,0,0,0,0,0,0,0,0,0,0,0,0,0,0,0,0,0,0,0
302.01094@1.74,0,406.7,2026,1434,0,185.2,0,196.4,197.3,0,298.2,239.6,0,248.3,0,247.3,0,0,198.2,0,157.3,331.6,276.1,0,163.8,263.3,0,233.3,167.2,274.3,323.4,0,0,213.6,0,198.8,0,148.2,0,169.5,0,317.1,0,0,0,0,0,217
457.96216@1.74,0,289.1,1610,1332,0,0,0,0,0,0,0,0,0,0,0,0,0,0,0,0,0,0,0,0,0,0,0,0,0,0,0,0,0,0,0,0,0,0,0,0,0,0,0,0,0,0,0,0
251.83125@1.74,596.2,423.1,0,0,0,686.9,418,690.6,0,611,0,648.2,0,2651,519.2,819.1,800.2,588.2,0,604,2123,608.9,602.1,648.4,571,832.8,945.1,0,825,487,0,0,763.5,0,570.4,636.2,512.7,439.4,0,0,0,686.1,533,0,785.5,603.7,543.7,0
335.98491@1.74,0,0,757.2,253.6,0,0,0,0,0,0,215,0,0,0,0,0,0,0,0,0,0,0,0,0,0,0,0,0,0,0,0,0,0,0,0,0,0,0,0,0,0,0,0,0,0,0,0,0
365.93201@1.75,0,231.7,1567,297.5,0,0,0,0,0,0,339.4,0,0,0,0,0,0,0,0,0,0,0,0,0,0,0,0,0,0,0,0,0,0,0,0,111.3,0,0,0,0,0,0,0,0,0,0,0,0
412.85462@1.74,0,250.4,989.7,319.8,0,168.3,0,171.1,0,0,287.9,0,0,0,0,0,0,0,0,0,0,0,0,0,0,0,0,0,0,0,0,0,0,0,0,0,0,0,135.1,172.1,0,0,0,0,0,0,0,0
440.85334@1.75,0,255.8,992.8,325.2,0,0,0,0,0,0,257.1,0,0,0,0,0,0,0,0,0,0,0,0,0,0,0,0,0,0,0,0,0,0,0,110.3,0,0,0,0,0,0,0,0,0,0,0,0,0
508.90167@1.74,0,0,741,214.9,0,0,0,0,0,0,236.9,0,0,0,0,0,0,0,0,0,0,0,0,0,0,0,0,0,0,0,0,0,0,0,0,0,0,0,0,0,0,0,0,0,0,0,0,0
522.8552@1.75,0,0,886.6,221.1,0,0,0,0,0,0,386.4,0,0,0,0,0,0,0,0,0,0,0,0,0,0,0,0,0,0,0,0,0,0,0,0,0,0,0,0,0,0,0,0,0,0,0,0,0
582.89525@1.74,0,0,936.5,185.2,0,0,0,0,0,0,220.6,0,0,0,0,0,0,0,0,0,0,0,0,0,0,0,0,0,0,0,0,0,0,0,0,0,0,0,0,0,0,0,0,0,0,0,0,0
625.90584@1.75,0,0,694.7,162.9,0,0,0,0,0,0,0,0,0,0,0,0,0,0,0,0,0,0,0,0,0,0,0,0,0,0,0,0,0,0,0,0,0,0,0,0,0,0,0,0,0,0,0,0
739.90819@1.75,0,0,1188,164.1,0,0,0,0,0,0,210.5,0,0,0,0,0,0,0,0,0,0,0,0,0,0,0,0,0,0,0,0,0,0,0,0,0,0,0,0,0,0,0,0,0,0,0,0,0
312.81414@1.74,0,2321,3747,2855,263.4,272.9,0,358.8,546.2,264.7,2626,423.7,0,240.1,198.1,330.6,0,356.7,283.1,296.5,0,236.9,0,0,245.2,0,0,317.1,271.7,218.3,0,295.8,0,176.9,243.4,254.6,260.7,258.3,658.3,274.2,0,191.8,245.9,0,0,301.7,247.8,0
424.84636@1.74,0,938.9,2487,1335,0,139.5,0,0,0,0,1147,182.9,0,0,0,0,0,0,0,0,0,0,0,0,0,0,0,0,0,0,0,0,0,0,114.4,0,0,0,0,0,0,0,0,0,0,0,0,0
487.86971@1.76,0,627.3,2461,583.6,0,0,0,0,0,0,1089,0,0,0,0,0,0,0,0,0,0,0,0,0,0,0,0,0,0,0,0,0,0,0,0,0,0,0,0,0,0,0,0,0,0,0,0,0
253.89927@1.76,0,2458,9215,4492,329.3,218.6,334.7,273.9,0,0,4177,488.7,0,253.2,255.8,220.8,0,0,0,0,280.7,292.8,0,0,0,215.1,0,187.9,216.3,0,228.9,223.7,285.9,294.6,232.5,306.9,254.1,246.7,0,223.1,0,0,0,191.6,0,278.5,298.7,0
470.88199@1.75,0,739.8,2951,1429,0,0,0,0,0,0,1401,0,0,0,0,0,0,0,0,0,0,0,0,0,0,0,0,0,0,0,0,0,0,0,0,0,0,0,0,0,0,0,0,0,0,0,0,0
367.94499@1.74,0,247.5,1343,636.4,0,0,0,0,0,0,314.4,0,0,0,0,0,0,0,0,0,0,0,0,0,0,0,0,0,0,0,0,0,0,0,0,0,0,0,0,0,0,0,0,0,0,0,0,0
301.04498@1.74,0,4105,15290,25190,0,0,0,0,0,0,5533,618.3,0,0,0,0,0,0,0,0,0,0,0,0,0,0,0,0,0,0,0,0,0,0,0,0,0,0,0,0,0,0,0,0,0,0,0,0
312.99301@1.75,0,321.6,1667,1019,0,0,0,0,0,0,784.6,0,0,0,0,0,0,0,0,0,0,0,0,0,0,0,0,0,0,0,0,0,0,0,0,0,0,0,0,0,0,0,0,0,0,0,0,0
296.07265@1.75,0,3936,6735,9977,0,0,0,0,0,0,2791,264.2,0,0,0,0,0,0,0,0,0,0,0,0,0,0,0,0,0,0,0,0,0,0,0,0,0,0,0,0,0,0,0,0,0,0,0,0
240.88239@1.75,0,3488,7969,6666,708.5,773.4,738.5,773.8,989.8,0,5134,881.7,910.1,592.7,0,809.4,1136,1056,1048,900.9,0,844.9,826.4,601.8,895.6,0,1119,1085,1091,864.9,918.6,832,985.9,0,739.6,731.7,0,672.9,770.3,523.5,715.1,0,763.8,555.4,1008,0,751.1,917.1
243.00272@1.77,0,2655,6200,4845,0,0,0,0,0,0,0,295.2,0,0,0,0,0,0,0,0,0,0,0,0,0,0,0,0,0,0,0,0,0,0,0,204.2,0,0,114.7,0,0,0,0,0,0,0,0,0
298.8392@1.75,754.3,551,6298,1969,778,738,5113,782.5,935.3,678.7,2000,3873,754.3,0,909.6,5988,921.5,895.6,848.8,0,628.9,788.7,841.9,919.6,834,0,1160,1037,1197,619.9,885.7,923.9,1028,563.6,667.5,568,573.6,581.8,0,603.5,859.9,760.8,452.3,512.5,839.9,668.1,742.3,815.3
627.89507@1.75,0,140.6,1786,359.6,0,0,0,0,0,0,456.2,0,0,0,0,0,0,0,0,0,0,0,0,0,0,0,0,0,0,0,0,0,0,0,0,0,0,0,0,0,0,0,0,0,0,0,0,0
233.06072@1.75,0,933.8,1422,3730,0,0,0,0,0,0,742.4,198.7,132.7,0,0,0,0,0,0,0,0,0,0,0,0,0,0,0,0,0,0,0,124.1,0,164.7,129.2,0,0,0,0,0,0,0,0,0,0,0,0
269.90731@1.75,0,350.6,2419,1227,0,0,0,164.9,0,0,0,0,144.2,0,0,0,0,170.4,0,0,0,0,0,0,0,179.4,0,0,131.9,129.9,0,0,0,0,0,0,0,0,0,186.5,0,0,0,0,127.3,0,0,0
426.84227@1.75,0,311.7,1567,1283,130.3,0,0,0,126.5,0,321.2,206.2,0,0,0,0,105.7,0,0,0,0,0,0,0,0,0,0,0,0,0,0,0,0,110.1,0,0,0,0,163.1,0,0,0,0,0,0,0,0,0
317.01531@1.75,0,1706,532.6,3790,0,0,0,0,0,0,0,0,0,0,0,0,0,0,0,0,0,0,0,0,0,0,0,0,0,0,0,0,0,0,0,0,0,0,0,0,0,0,0,0,0,0,0,0
374.81819@1.76,0,249.8,1116,0,122.4,169.1,0,0,0,0,0,0,0,0,173.5,0,0,0,0,117.7,0,0,129.4,0,0,0,0,0,0,0,0,0,0,0,168.1,0,0,177.3,0,0,134,0,0,0,0,0,0,121.2
395.86205@1.75,0,294.3,1284,308.7,0,0,0,0,0,132.7,216,0,0,0,0,0,0,0,0,0,0,0,0,0,0,0,0,0,0,0,0,0,0,0,0,0,0,0,0,0,0,0,0,0,0,0,0,0
512.8957@1.74,0,215.5,1367,355.8,0,0,0,0,0,0,335.4,0,0,0,0,0,0,0,0,0,0,0,0,0,0,0,0,0,0,0,0,0,0,0,0,0,0,0,0,0,0,0,0,0,0,0,0,0
599.89837@1.75,0,0,1055,284.5,0,0,0,0,0,0,250.6,0,0,0,0,0,0,0,0,0,0,0,0,0,0,0,0,0,0,0,0,0,0,0,0,0,0,0,0,0,0,0,0,0,0,0,0,0
209.97842@1.77,0,1768,2564,1814,0,1396,1228,1636,0,0,2411,217,0,1177,406.5,820.5,0,225.5,0,225.1,161.1,275.3,0,295.3,0,259.2,292.4,262.8,140.7,241,0,0,220.6,1179,583.7,1371,0,1489,1288,1533,0,218.5,168.3,239.5,0,0,216.7,164.4
197.91443@1.77,0,0,3209,1241,0,1943,0,0,558.3,318.1,568.7,508,0,440.7,1114,0,0,581.1,614.1,588.1,341.7,342.9,474.6,501.8,0,0,687.1,679.9,568,513.8,547.8,497.5,422.3,295.7,293.4,0,400.5,251.8,413.3,330.8,533.2,0,0,431.6,1954,0,381.9,0
130.02133@1.79,0,881.9,989.4,1152,4656,4451,4132,4507,680.1,881,955.2,0,4771,2399,4303,1677,743.9,739.1,644.7,1008,5003,1448,4313,3340,623.4,0,0,0,4428,1579,5640,1436,1904,2531,1673,1612,1310,1754,1598,1698,1224,1210,1816,1617,0,0,1609,1494
511.90122@1.81,0,0,521.4,0,0,0,0,0,0,0,0,0,0,0,0,0,0,0,0,0,0,0,0,0,0,0,0,0,0,0,0,0,0,0,0,0,0,0,0,0,0,0,0,0,0,0,0,0
252.82631@1.81,1402,976,593.7,0,1196,1531,1526,1500,1891,1382,0,1552,2132,0,1814,2160,1976,1942,2091,1993,1257,1616,1693,1773,1763,2231,1846,1875,2677,1791,1949,1705,1695,1467,10240,1090,1371,1210,7802,1161,1754,1571,1239,0,2175,1505,0,1785
269.82691@1.83,0,431.1,0,407.4,719.6,781.9,745.8,742.5,984.2,0,652.9,0,1012,556.1,781.1,1138,893.8,0,1108,0,3455,830,0,860.3,928.8,1153,1253,1174,1131,899.9,1029,0,1135,630.7,0,0,576.6,485.8,3676,1297,710.8,730.3,785.9,821.9,0,0,0,0
164.90005@1.87,416.6,400.7,411.6,320,2433,0,480.6,0,610.7,331.6,371.1,475.5,0,303.5,505.1,0,716.7,645.1,662.4,1899,347.5,492.2,1126,653.3,556.8,0,785.5,775.7,0,440.7,598.9,0,538.5,337.5,348.1,402.7,481.6,313,529,316.9,539.9,560,0,401.3,613.5,485.1,2035,584.7
184.09443@1.89,0,0,0,0,0,451.9,0,0,132,0,0,0,0,0,507.2,0,0,2701,3513,889.7,0,0,340,470.5,0,0,0,0,0,360.5,0,0,0,450.6,435,0,0,0,0,272.2,0,0,700.6,590.5,0,0,431.7,0
226.0003@1.89,0,0,0,503.2,0,184.1,0,0,0,0,0,0,0,0,0,0,0,385.1,1139,261.4,0,0,0,0,0,0,1181,404.5,0,0,0,0,0,0,223.4,0,0,0,0,117.8,0,0,185,0,0,0,0,0
348.91295@1.9,0,174.1,0,171.5,0,1104,1097,952.4,0,178.9,290.7,214.4,0,345.9,0,665.8,0,0,0,0,0,0,0,0,0,0,0,0,0,0,0,0,0,0,245.2,0,0,224,0,0,0,0,0,104.3,0,0,0,0
242.099@1.9,0,0,0,0,0,969.4,0,0,231.5,0,0,0,0,0,582.2,575.6,0,3140,4064,0,0,0,295.1,628,0,0,2192,1561,0,393.8,0,0,205.1,690.3,807.2,381,0,0,544.7,0,0,602.2,834,642,0,0,597,0
197.99931@1.9,0,292.7,315.5,357.1,0,871.7,1958,832.8,0,1003,456.4,360,238.2,1261,0,1335,0,0,0,0,0,0,0,144.7,0,0,0,0,0,176.3,0,0,0,552.1,0,626.3,0,381.5,0,0,0,0,0,0,0,0,0,0
274.0287@1.93,0,2440,482.7,0,132.7,1088,227.3,0,210.6,0,487.5,0,0,298.3,0,756.7,0,3087,3936,1560,0,326.4,1171,0,0,3856,4411,4470,0,254.2,1595,0,0,869.2,694.6,987.5,0,818.7,0,331.7,0,475.2,1405,1120,0,0,1287,846.2
220.11529@1.94,0,6714,7721,0,249.3,2084,709.2,1644,313.1,3009,4384,3659,0,963.2,1849,2247,0,6650,8119,7307,152.4,1113,2680,1749,217.3,7877,10880,9233,273.6,0,3244,0,173.7,1687,1547,1683,0,1804,824.6,1571,0,2034,3145,2198,0,0,2422,1719
252.82613@1.94,1211,1023,778,982.5,1349,0,0,0,1797,1263,9160,0,1844,937.4,0,1953,1770,1705,1994,1855,1160,1618,1502,0,1329,2397,2172,1935,2286,0,1688,1211,2043,1263,1357,1264,1293,913.5,0,1262,1652,1143,1177,1152,1535,1316,1266,1697
184.09401@1.94,0,1332,1531,3015,0,396.4,438.6,385.7,0,0,1061,749.4,131.4,472.8,0,537.9,0,1122,0,2868,0,0,581.6,492.6,0,3557,4473,4097,0,280.8,618.7,0,0,363.6,0,566.8,0,489.5,346.1,382.6,127.7,515.4,0,411.8,0,0,0,352.4
242.09799@1.95,0,5698,6870,6067,0,0,642.2,698.5,0,1736,3771,2442,0,1129,0,704.9,0,1072,0,4006,0,0,697.7,0,239.8,3999,5547,4752,127,276.4,1572,0,0,0,492.1,782.7,0,608.8,0,622.4,0,587.8,803.7,539.4,0,0,553,514.3
151.89703@1.99,0,607.6,742,0,958.4,928.8,678.1,884.9,1051,751.9,723,818.4,981.1,752.6,957,1332,1166,1057,957.2,1248,781.9,726.3,762,1057,1000,1645,1400,1477,1589,1045,1181,0,1336,869.2,857,846.1,765.7,763.9,0,840.6,1163,1057,853.5,863.4,1395,1075,5633,1027
220.11549@1.99,229.2,0,0,7053,0,339.4,0,760.3,0,1564,1665,0,191.2,929,0,0,0,0,0,0,111.2,370,997.1,412.7,254.2,2630,0,0,0,0,0,0,0,398.1,0,0,0,591.5,399.9,563.3,143.6,0,0,0,0,1647,0,0
274.03326@2.01,0,0,722,2248,0,204.2,223.2,354.9,0,620.5,1488,695.2,0,1053,0,0,0,0,512.5,0,0,219.2,0,0,0,0,1008,0,0,0,0,0,0,178.6,178.9,385.8,0,362.7,265.1,0,0,261.4,0,296.2,0,0,231.2,0
251.95661@2.09,0,7799,17170,31420,0,0,0,165.6,0,0,4489,2040,0,0,0,0,0,0,0,0,0,0,0,0,0,0,0,0,0,0,0,0,0,0,0,0,0,0,0,0,123.4,0,0,0,0,0,0,0
323.97155@2.1,0,2305,4815,6786,0,0,0,0,0,0,1690,217.7,0,0,0,0,0,0,0,0,0,0,0,0,0,0,0,0,0,0,0,0,0,0,0,0,0,0,0,0,0,0,0,0,0,0,0,0
389.9324@2.13,0,0,0,0,0,0,0,540.8,0,0,0,0,0,0,0,0,0,0,0,0,0,0,0,0,0,0,0,0,0,0,0,0,0,0,0,0,0,0,0,0,0,0,0,0,0,0,0,0
419.75519@2.12,0,175.7,140.6,0,0,138.7,219,1433,148.1,128.9,0,222.4,0,127.2,0,0,0,0,0,0,165.1,144.4,0,0,0,170.3,203.3,0,192.8,0,186.3,0,156.7,0,0,0,129.5,0,217.5,177.8,0,0,0,0,0,0,131.9,121.8
364.98078@2.11,0,191.8,1332,482.1,0,0,0,0,0,0,0,0,0,0,0,0,0,0,0,0,0,0,0,0,0,0,0,0,0,0,0,0,0,0,0,0,0,0,0,0,0,0,0,0,0,0,0,0
358.86125@2.14,0,0,292.3,190.7,0,0,0,3397,0,0,207.4,0,0,0,0,0,0,0,0,0,0,0,0,0,0,0,0,0,0,0,0,0,0,0,0,0,0,0,0,0,0,0,0,0,0,0,0,0
249.99143@2.12,0,0,473.1,1339,0,0,0,0,0,0,0,0,0,0,0,0,0,0,0,0,0,0,0,0,0,0,0,0,0,0,0,0,0,0,0,0,0,0,0,0,0,0,0,0,0,0,0,0
414.94215@2.16,0,0,0,0,0,0,0,917.5,0,0,0,0,0,0,0,0,0,0,0,0,0,0,0,0,0,0,0,0,0,0,0,0,0,0,0,0,0,0,0,0,0,0,0,0,0,0,0,0
252.95578@2.15,0,317.8,779.9,2571,136,141.6,0,222.1,0,0,306.1,238,151.9,142.9,217.3,211.4,180.9,130.7,204.4,202.2,138.9,0,184.7,203.2,0,244.5,234,237.6,0,0,0,211.4,0,201.4,230,149.7,0,0,157.1,214.5,184.3,169.2,0,219.7,0,0,0,230.2
214.98615@2.25,0,219.1,292.6,357.3,0,0,151.9,428.7,0,0,187.7,167.7,0,0,0,0,0,0,0,0,0,0,0,0,0,0,0,0,0,0,0,0,0,0,437.8,376.6,0,0,642.9,310.5,0,0,0,0,143.1,0,0,0
299.01365@2.32,0,0,0,187.4,0,0,0,0,0,0,0,0,0,0,0,0,0,0,0,0,0,0,0,0,0,0,0,0,0,0,0,0,0,0,0,0,0,0,0,0,0,0,1757,337.1,0,0,487.3,0
393.98089@2.58,0,0,0,1304,0,0,0,0,0,0,0,0,0,0,0,0,0,0,0,0,0,0,0,0,0,0,0,0,0,0,0,0,0,0,0,0,0,0,0,0,0,0,0,0,0,0,0,0
411.99394@2.59,0,0,0,2367,0,0,0,0,0,0,0,0,0,0,0,0,0,0,0,0,0,0,0,0,0,0,0,0,0,0,0,0,0,0,0,0,0,0,0,0,0,0,0,0,0,0,0,0
365.9896@2.63,0,168.9,0,1270,0,0,0,0,0,0,0,0,0,0,0,0,0,0,0,0,0,0,0,0,0,0,0,0,0,0,0,0,0,0,0,0,0,0,0,0,0,0,0,0,0,0,0,0
138.05386@3.08,0,0,0,0,0,0,0,0,0,0,0,0,0,0,0,0,0,0,0,0,0,0,0,0,0,0,0,0,0,0,0,21520,0,0,0,0,0,0,0,0,0,0,0,0,0,0,0,0
138.04419@3.46,0,0,0,0,0,3916,3625,0,0,0,0,0,0,3314,3497,3597,0,12530,4436,11610,0,4320,4082,18220,0,6923,17680,5686,0,21160,20990,0,0,3617,3122,3745,0,0,0,3352,0,19300,4179,20330,0,0,4065,21900
229.98348@3.51,0,3432,2204,835.5,0,133.9,0,0,0,208.9,368.4,270.7,0,0,0,0,0,0,0,0,0,0,0,0,0,0,0,0,0,0,0,0,0,0,0,0,0,0,0,0,0,0,0,0,0,0,0,0
279.94305@3.52,0,3924,2848,904.3,0,0,0,122.8,0,289.9,1477,377.1,0,0,0,0,0,0,0,0,0,0,0,0,0,108.9,0,0,0,0,0,0,0,0,0,0,0,0,0,146.6,0,0,0,0,0,0,0,0
226.00374@3.52,0,5432,4077,5956,0,0,0,0,0,918.6,418.3,1677,0,0,0,0,0,0,0,0,0,0,0,0,0,0,0,0,0,0,0,0,0,0,0,0,0,0,0,0,0,0,0,0,0,0,0,0
347.88803@3.64,0,341.8,0,1897,0,0,0,0,0,0,0,0,0,0,0,0,0,0,0,0,0,0,0,0,0,282.1,0,0,0,0,0,0,0,0,0,0,0,0,0,0,0,0,0,0,0,0,0,0
279.9708@3.66,0,742.2,0,4289,0,0,0,0,0,0,311.2,0,0,0,0,0,0,0,0,0,0,0,0,0,0,0,0,0,0,0,0,0,0,0,0,0,0,0,0,0,0,0,0,0,0,0,0,0
138.01732@3.69,0,3320,0,0,0,0,0,0,0,13210,3809,21180,0,0,0,0,0,0,0,0,0,0,0,0,0,41870,0,0,0,0,0,0,0,0,0,0,0,0,0,0,0,0,0,3183,0,23420,0,0
146.05865@3.81,0,0,203.5,0,109.6,0,186.3,170.4,2808,0,0,0,0,0,128.2,212.7,0,11400,8280,10650,0,601.7,552.9,0,0,18730,13690,17270,0,527.9,0,0,0,0,0,0,0,180.6,0,0,0,799,497.5,2196,0,0,0,541.2
146.05931@3.95,175.2,5840,496.8,526.4,0,124,163.9,185.8,519.6,989.6,5506,5836,0,208.4,0,153.8,0,1921,1444,2027,0,341.6,0,339.1,163.3,3413,2084,2312,120.9,375.2,0,0,0,0,221.9,0,0,0,184.4,0,0,0,0,0,0,0,0,730.1
146.06196@4.06,0,1123,354.6,3981,0,0,0,207.5,0,5360,0,1102,0,201.2,125.9,0,116.1,864.3,913.3,1096,0,422.8,239,210.8,0,0,1476,0,0,195.8,0,0,125.2,0,0,0,0,186.2,125.8,145.8,0,0,395.2,0,0,0,0,344.9
254.09744@4.45,0,0,0,0,0,0,0,0,0,0,0,0,0,0,0,0,0,4276,0,2343,0,0,341.8,390.5,0,0,0,0,0,339.8,368.6,0,0,0,0,0,0,0,0,0,0,786.7,278.2,0,0,0,328.8,401.8
254.08796@4.52,0,0,0,262,0,0,0,0,0,0,0,0,0,0,0,0,0,0,385.8,0,0,0,354.9,394.7,0,447.4,363.4,0,0,288.1,352.3,0,0,0,0,0,0,0,0,0,0,3648,0,379.1,0,0,0,466.3
323.97666@4.6,0,270.3,2486,508.5,0,0,0,0,0,0,0,0,0,0,0,0,0,0,0,0,0,0,0,0,0,0,0,0,0,0,0,0,0,0,0,0,0,0,0,0,0,0,0,0,0,0,0,0
251.99025@4.64,0,6546,12590,15740,0,0,0,0,0,0,991,411.3,0,0,0,0,0,0,0,0,0,0,0,0,0,0,0,0,0,0,0,0,0,0,0,0,0,0,0,0,0,0,0,0,0,0,0,0
254.08874@4.68,0,0,0,268.8,0,0,0,0,0,0,0,0,0,0,0,0,0,540.5,0,318.7,0,0,297.9,183.1,0,296.2,0,304.9,0,0,238.4,0,0,0,0,0,0,0,0,0,0,632.5,167.5,0,0,3740,186.9,0
323.9767@4.74,0,0,0,4212,0,0,0,0,0,0,249.4,0,0,0,0,0,0,0,0,0,0,0,0,0,0,0,0,0,0,0,0,0,0,0,0,0,0,0,0,0,0,0,0,0,0,0,0,0
114.08687@5.41,0,2639,0,1823,24550,19730,29460,32780,2405,2173,0,2242,32360,30600,31160,28510,2242,2967,2761,2672,32620,29610,28040,29650,2713,2982,2729,2929,20700,33220,31370,779.5,19070,2323,15520,14370,15230,17450,14810,15540,16540,13970,19190,13330,0,1272,19600,17330
229.05169@5.7,175.1,166.4,2571,416.5,0,0,0,0,245.1,0,315.6,0,105.4,0,0,0,167.5,133.1,194.8,0,0,0,0,0,0,201.3,0,222.9,0,0,0,0,0,0,0,0,0,111.8,0,0,0,0,0,0,0,0,0,0
198.12351@6.0,0,0,119.9,0,223.9,166.2,0,0,0,0,0,0,0,159.8,0,0,0,591.2,668.9,563.5,0,372.4,402.7,533.7,141,1530,895.1,967.2,0,428.9,424.9,200.3,191.3,247.8,0,151.6,121,176.1,234.4,0,151.3,0,410,403.5,229.5,0,236.1,255
288.04701@5.99,0,0,0,0,0,0,0,0,0,0,0,0,0,0,0,0,0,849.6,241.7,333.6,0,0,152.3,285.5,0,942,748.4,1046,0,143.1,236.4,0,0,0,0,0,0,0,0,0,0,0,0,0,0,0,0,0
256.11106@6.01,0,0,0,0,0,0,0,106.4,114.7,115.3,0,0,0,0,403.6,0,0,1618,1399,1472,0,0,375.7,466.8,132,920.8,889.7,1793,358.4,419.5,0,0,0,0,0,0,0,153.3,0,0,0,272.7,396.7,286.9,0,0,301.1,0
190.03228@6.02,0,0,136.7,0,0,0,0,0,0,0,0,0,169.8,0,0,0,0,0,0,0,0,0,105.3,0,0,112,163.3,0,147,0,180.9,3699,183.2,133.5,119.2,0,0,109.3,0,0,0,185.6,0,183.5,179.9,0,0,169.5
190.05148@6.24,0,1473,0,0,199.2,0,0,0,0,1350,159.1,0,131.5,0,202.5,0,299.5,14190,12670,13310,165.6,3736,2303,3737,0,12750,10690,11650,201.5,4001,2779,205.1,0,2342,1789,2269,0,1839,1435,1752,0,4581,3743,4409,182.6,3911,2722,3377
144.05905@6.25,0,0,6158,1150,1185,862.5,1118,844.2,0,7068,827.7,926.8,1067,1079,1224,0,1350,55630,48350,48640,1163,17900,9263,15430,1523,44690,40960,48150,0,19930,15430,899.9,1155,8887,6906,10570,0,9333,2813,9328,897.8,21300,20730,21670,1129,21110,12730,19400
433.23244@6.27,0,0,0,0,308.1,2139,335.6,0,0,0,0,0,1674,1708,1875,331.3,0,0,0,0,1884,1592,1096,2110,0,0,0,0,1814,1916,1602,0,0,0,0,0,0,0,0,0,0,0,0,0,0,0,0,0
145.04869@6.27,240.1,0,315.1,0,0,0,266,256.8,0,0,0,325.5,246.3,253,0,0,0,4978,4329,2867,189.1,910.1,402.2,0,0,4628,0,1749,255.2,0,713.8,321.4,399.8,0,0,717.7,264.4,580.8,357.5,515.8,0,1511,980,0,185.3,0,782.7,1025
434.23533@6.28,0,0,0,0,0,664.3,106.1,0,0,0,0,0,374.4,359.7,373,0,0,0,0,0,398,402.7,375,468.1,0,0,0,0,325.8,319.4,424.9,0,0,0,0,0,0,0,0,0,0,0,0,0,0,0,0,0
250.12173@6.34,254.9,0,208.7,249.9,185.4,0,0,169.8,268.9,138.1,266.8,0,0,228.2,0,0,180.7,603.9,0,878.6,0,1628,2844,3008,0,334.3,448.4,1391,0,0,2039,0,0,0,240,247.8,186.5,0,285.1,216.4,257.2,6852,2032,8067,228.4,7221,4292,4514
146.06623@6.37,180.8,247.7,0,196,0,0,0,0,0,274.2,0,0,243.9,292.7,205,208.9,189.9,1633,488,1758,247.4,3370,1665,3447,305.4,1141,560.2,788.4,216.7,3151,1671,274.2,266.5,273.6,0,0,0,296.4,358.1,0,228.8,500,403.1,683.4,231.7,679.4,406.1,506.4
238.11212@6.37,0,1697,235.5,291.1,2263,3537,3583,3566,0,0,1344,237.8,2936,3052,3919,3983,471.9,37550,17390,29390,1989,27100,19650,32500,692.7,38580,16530,29550,2583,27220,20540,0,4356,5792,5941,6356,4002,4951,5223,5401,3574,33980,28850,36350,4476,42140,30050,38070
147.05412@6.37,0,182.9,194.5,0,297.8,857.7,354.5,474.1,0,0,288.4,318.9,305.6,454,314.6,0,217,1419,822.1,980,302.1,2845,875.9,1142,0,1501,755.6,827.8,357.2,0,1022,0,321.6,442.7,0,646.4,293.9,673.3,412.8,403.8,308.3,17140,6288,6815,320.8,15080,5024,8743
251.05602@6.37,0,0,171.7,0,0,1037,293,550.4,149.8,2556,0,1781,0,331.9,0,318.9,0,184.1,0,0,0,0,0,0,0,183.8,143.6,0,0,882.4,270.7,0,0,0,0,438.8,0,0,337.6,459.5,0,649.6,0,1213,0,0,0,535
303.16389@6.38,316.7,0,1534,2361,277.8,1927,3984,4752,297.4,0,0,0,261.1,242.9,521.3,529.6,228.2,224.6,0,0,194.7,0,0,0,0,0,253.5,0,165.9,206.9,208.5,163.3,180.2,2698,4387,2432,0,5197,2430,1670,0,0,181.2,212.1,0,227.7,247.8,196.2
210.00824@6.39,0,7216,338.4,6624,0,3060,996.5,2274,0,7764,1744,5498,0,1593,284.7,1408,0,0,0,0,0,0,0,0,0,0,0,0,0,0,0,0,0,1175,1418,946.5,0,1803,1639,2631,0,0,0,0,0,0,0,0
329.97887@6.39,0,0,0,0,0,0,0,0,0,0,0,0,0,0,0,0,0,0,0,0,0,0,0,0,0,0,0,0,0,0,0,0,0,460.6,0,0,0,0,0,0,0,0,0,0,0,0,0,0
225.98956@6.41,0,2917,170.8,0,0,1243,0,990.6,0,3729,265.7,2386,0,221.6,0,0,0,0,0,0,0,0,0,0,0,0,0,0,0,0,0,0,0,214.7,0,0,0,0,0,0,0,0,0,0,0,0,0,0
170.08006@6.41,0,1699,324.3,0,2304,290.3,0,0,0,0,403,0,5381,265,0,171,444.6,0,0,0,1500,420.5,603.7,470.6,188.2,194.3,0,185.4,1495,325.8,714.7,312.8,203.4,0,259.6,0,0,264.5,0,0,261.6,0,0,338.8,228.9,281.7,0,314
330.90109@6.41,0,413.6,0,0,0,234.1,0,170.4,0,1019,108.8,299,0,0,0,0,0,0,0,0,0,0,0,0,0,0,0,0,0,0,0,0,0,0,123.7,178.3,0,0,182.7,0,0,0,0,0,0,0,0,0
185.00157@6.42,0,3525,284.6,0,142.2,1649,220.9,1351,0,4034,262,3059,0,802.6,244.6,0,0,133.2,0,0,156.3,131.6,0,0,171.3,0,0,155,208.2,0,183.5,161.4,0,0,187.1,520.1,0,0,0,268.4,0,0,172.8,0,0,187.7,0,0
234.97663@6.43,0,0,0,0,0,339.8,0,0,0,0,0,131.7,0,211.3,198.2,184.6,0,0,0,0,0,0,0,0,0,0,0,0,0,0,0,0,0,1060,278.4,0,0,971.5,177.2,727.5,0,179.9,0,0,0,0,0,0
209.95992@6.45,0,3553,498,0,0,845.9,0,0,0,3933,707.6,2576,0,570.5,332.5,433.3,0,0,0,111.3,0,0,0,0,178.7,210.9,210.8,0,121.5,0,0,0,0,0,492.1,0,0,1613,0,924.3,0,0,0,0,0,0,0,0
309.84641@6.44,0,0,0,0,140.4,307.2,0,0,163.4,0,0,0,0,175.2,121,247,0,167.9,142.7,0,0,0,0,0,0,0,134.8,0,0,0,0,0,0,1069,262,721.9,0,886.7,145.6,765.2,129.9,0,130.4,0,0,0,0,0
221.97888@6.45,0,0,0,0,0,341.2,0,242.6,0,0,0,0,0,223.6,202.2,272.2,0,0,0,0,0,0,0,0,0,0,0,0,0,0,0,0,0,1115,307.7,881.4,0,971,214.5,811.6,0,0,0,0,0,0,0,0
407.05727@6.45,0,595.1,0,0,0,0,0,0,0,921.3,0,435.7,0,0,0,0,0,0,0,0,0,0,0,0,0,0,0,0,0,0,0,0,0,0,0,0,0,0,0,0,0,0,0,0,0,0,0,0
211.97587@6.45,0,703.4,144.5,349.7,0,283.2,0,246.4,0,1571,236.5,947.4,0,190.9,148.8,208.2,0,0,0,136.8,0,0,0,0,0,0,0,0,0,0,0,0,0,0,134.7,244.4,0,0,0,231.3,0,0,0,0,0,0,0,0
271.99342@6.46,0,858.5,0,272.1,0,0,0,0,0,875.2,0,262.9,0,0,0,0,0,0,0,0,0,0,0,0,0,0,0,0,0,0,0,0,0,0,0,0,0,0,0,0,0,0,0,0,0,0,0,0
229.9828@6.46,0,958,134.7,362,0,0,0,0,0,1118,0,673.2,0,0,0,0,0,0,0,0,0,0,0,0,0,0,0,0,0,0,0,0,0,0,0,0,0,0,0,0,0,0,0,0,0,0,0,0
233.95127@6.46,332.8,0,0,346.5,232.4,3569,731.6,2685,0,0,1333,267.3,190.1,2664,1192,2052,0,247.9,301.5,199.7,139.2,0,200.5,218.6,0,169.2,294.9,230.5,0,0,190.5,169.1,0,7360,2661,5460,225.5,6278,2372,5053,0,236.9,194.9,211.4,0,0,203.9,0
376.91257@6.47,0,666.2,0,283.4,0,0,0,0,0,0,0,319,0,0,0,0,0,0,0,0,0,0,0,0,0,0,0,0,0,0,0,0,0,0,0,144.9,0,145.3,0,0,0,0,0,0,0,0,0,0
184.98735@6.47,0,1839,349.3,2626,123.3,253.9,216,338.6,174.4,0,0,1494,0,0,178.7,196.9,218.1,0,182.7,167.4,0,0,175.1,0,0,0,154.8,154.6,0,0,0,148.5,0,0,153.5,0,0,0,259.5,0,0,138.3,0,0,126.5,120.8,0,0
236.14107@6.56,207.1,0,311.4,240.5,0,0,0,0,268.9,0,265.8,0,0,0,0,0,259.8,240.2,286.3,0,0,0,0,0,0,0,0,0,0,0,0,247000,0,2054,0,0,0,0,0,0,240.7,0,0,0,0,0,251.8,0
237.11595@6.57,0,194.4,0,0,0,0,0,0,0,139.7,187.2,189.5,0,0,0,0,0,158.5,0,0,0,0,0,0,0,0,0,0,0,0,0,28070,1720,0,0,0,146.7,0,0,0,0,159.1,0,0,0,0,0,0
221.96733@6.57,0,237.6,231.4,215,0,0,0,0,0,566.2,222.7,194.7,0,0,0,0,0,0,0,0,0,0,0,0,0,0,0,0,0,0,0,0,0,109.1,0,0,0,0,143.3,0,0,0,0,0,0,0,0,0
113.03762@6.58,390.5,0,0,524.9,0,2831,0,0,0,0,638.4,0,0,0,0,0,0,0,0,0,0,0,0,0,0,0,0,0,0,0,0,85500,0,8092,0,0,0,0,2925,0,0,0,0,0,0,0,0,0
404.23969@6.59,0,0,0,0,177.4,288.9,0,0,0,0,0,0,188.1,184.8,0,0,0,0,0,167.2,0,0,188.5,195.5,342.1,269.9,0,0,0,0,262.8,0,0,0,0,203.3,169.7,0,186.8,0,0,159,0,0,196.6,1613,0,0
190.06162@6.6,0,217.7,212.3,211.1,181.6,138.5,137.1,126.6,0,0,0,203.6,0,169.2,161.9,186.5,133,339.4,0,304.7,0,0,199.6,0,195.9,0,191.2,250.2,0,0,139,218.4,0,0,1048,822.8,0,0,545,191.3,0,290.4,3248,3186,169,254.7,2544,2399
233.92954@6.59,343.6,1875,1189,1244,0,287.4,0,0,0,3629,756.4,2436,177,0,0,0,0,219.9,0,309.7,0,0,0,207.5,270.3,193.1,239.5,240.5,0,0,172.7,128.5,0,0,0,0,141.7,586.6,0,0,150.2,0,0,163.5,150.6,193.8,0,190.6
172.08795@6.63,205.8,0,154.9,201.2,0,595.2,1531,0,183.2,0,0,215.8,353.5,509.1,1716,0,0,0,0,0,485,3680,8594,7901,459.3,4886,7690,7364,1388,3701,8704,6946,661.3,608.7,1861,698.8,0,0,555.2,997.4,0,0,11000,10460,493.4,5038,2806,9302
238.10982@6.67,269,0,293.4,232.9,0,0,542.2,314.7,291.2,241.1,256.1,321.8,429.3,394.2,502.3,361.5,0,0,1172,1424,312.9,756.7,4186,1588,349.3,1225,1565,3360,547.9,754.5,4411,3661,0,290.5,357.7,340.8,292.3,337.1,351.6,394.8,0,0,1484,4065,415.5,1304,0,3572
102.03709@6.67,10610,1982,1781,2375,26490,27250,30800,30470,0,1884,2403,1902,25750,21020,33510,29380,11530,120400,177200,167400,16860,77230,193200,157200,6753,99300,158600,142300,27760,78130,197300,144000,21620,16620,20720,20120,15160,14660,18740,17240,16960,110400,176300,179200,22200,123800,171800,170900
330.91759@6.69,0,0,0,0,0,190.9,0,0,0,0,0,0,0,0,172.6,0,0,0,0,0,0,0,0,0,0,0,0,0,0,0,0,0,0,680.7,394.1,184.5,0,922.4,308.8,293.1,0,0,0,0,0,0,0,0
268.03426@6.68,150.9,0,192,0,1376,735.1,1745,803.3,0,765.3,0,0,724.6,611.4,900.2,884,299.7,8840,16540,12940,507.8,4976,13300,12160,447.3,6743,11890,10460,0,4718,14250,10960,0,0,0,676.5,534.9,0,0,439.5,462,6166,12200,12230,543,7476,12130,12270
196.10375@6.67,340.2,247.1,249.7,0,0,294,421.3,355.5,298.9,297.4,0,286.3,0,336.9,416,381.5,272.6,2790,3986,0,330.5,682.5,3496,3517,254.7,2286,3812,2973,508.8,472.6,1723,623.3,280.6,0,334.7,0,252,250.6,0,254.1,257.3,2073,3085,3036,356,1083,2937,2959
113.05427@6.67,0,0,0,0,8761,8977,10620,10320,9466,0,0,0,8890,7988,0,9634,10830,84810,98380,92110,10380,52700,134000,106900,4753,46520,85680,101100,9256,53390,117600,0,17080,11070,0,7964,6056,0,10210,0,5878,79320,127300,127500,7589,91510,122900,120600
103.04842@6.67,491.2,554.4,605.8,615.5,900,887.1,2840,2828,553.1,559.2,504,564,903.4,2417,2963,1066,605.9,6927,0,0,1736,5304,11390,3841,0,5977,2538,3178,955.6,5131,4181,2071,572,594.7,790.8,2147,737.2,2560,786,693.5,1820,2893,4306,11600,715.8,3046,11260,9885
186.08935@6.67,1097,1210,910.4,0,1159,1194,1247,1181,857.6,0,1050,1081,1177,0,0,1149,0,6699,11380,10140,938,2506,11390,10350,1058,2992,9567,3722,1121,2166,11710,2505,0,0,1741,961.3,912.5,989.1,761.2,0,986.3,5747,10670,10580,954.3,6791,10180,9640
285.04666@6.68,139.4,0,118.3,0,0,193.5,271.1,224.6,0,0,0,0,0,0,0,0,0,1727,2568,0,0,895.8,2453,2244,0,1528,2290,2078,0,944.5,1934,0,176.1,0,150.1,112.5,0,0,0,0,0,1470,1091,2396,0,511.4,0,2268
272.0296@6.68,123.4,0,0,0,0,0,0,0,0,0,0,0,0,0,0,0,0,185.2,1029,329,0,209.8,888.9,743.8,0,259.3,294.7,318.4,0,0,351,173.5,0,0,0,0,0,0,0,0,0,236.1,366,446.8,0,224.2,263.1,722.3
270.04533@6.68,163.8,0,0,0,147.5,0,237.9,190.8,0,0,0,0,0,0,0,0,182.3,1439,2602,1958,0,482.9,2299,1057,0,1308,2131,860.2,0,0,2179,2693,0,0,0,0,133,0,150.9,0,0,1006,2041,2380,0,1253,2029,2119
157.94509@6.69,404.2,0,406.8,0,465.7,0,0,478.9,300.4,0,410,358.1,433.9,0,483.1,454.3,0,2258,3687,3496,391.3,1653,3514,3240,0,1874,3144,3025,409.4,1581,3778,0,374.6,332.3,516.2,382.9,403.6,286.8,396.5,390.5,302.6,2164,3308,3210,0,2287,3361,3076
237.09082@6.68,0,0,2883,0,3000,2861,3516,6462,0,3894,0,0,3157,2703,3142,3270,1430,26250,35990,35020,3738,16490,32590,11280,0,20660,31840,29090,0,0,33280,0,4611,0,4031,4691,3899,1523,2086,0,1941,7974,11170,31660,2423,21010,29330,9098
334.04541@6.68,0,0,0,0,0,0,0,0,0,0,0,0,0,0,0,0,0,168.9,709.8,749.7,0,0,637.9,295.7,0,242.3,0,0,0,0,766.6,0,0,0,0,0,0,0,0,0,0,0,328.5,419.3,0,0,326.5,0
156.09002@6.69,0,307.5,293,0,759.9,555.1,521.6,568.7,289.7,283.6,210.7,0,663.3,600.8,729.8,665.8,287.6,5713,7172,7882,534.1,3697,7125,7062,328,4865,6064,5768,492.2,3295,6864,0,0,0,382.9,454.8,464.2,0,0,0,404.9,5435,6621,6601,0,4712,6760,7051
252.08992@6.69,405.3,463.2,347.6,0,720.3,1524,1661,1457,0,492.5,341.6,436.8,523,540.8,1509,0,467.3,4678,5906,1808,519.4,2988,5403,5210,445,3523,5483,1572,573,2877,5199,1130,0,394.3,364.9,902.5,531.3,365.1,383.3,424,521.6,3437,4327,4738,0,3035,4584,4398
214.10596@6.69,2086,0,1529,250.3,1213,1306,3522,1444,1567,1280,1516,1587,2818,2438,2994,3959,1516,12250,17240,16590,902.1,3158,15260,13330,1509,10310,15080,13940,1248,7247,15090,11810,3615,617.3,2759,1067,1492,0,748.8,0,2072,8674,15620,15370,1700,9407,15000,13980
154.08339@6.69,176.9,8027,17960,17380,1488,640.7,1676,1573,237.1,0,5837,3056,597.7,1160,0,600.2,326.1,4874,7362,6586,0,3510,6870,6472,0,4145,6505,6113,1309,3772,8553,6565,501.9,406.1,491.6,899.9,410.9,397.7,1469,2024,562.1,4123,8008,7430,596.9,4896,7205,7162
236.09587@6.69,30790,20890,26300,0,59530,39480,67260,62690,27450,6252,22150,24490,57880,48050,69140,31730,31360,220600,0,85720,40810,148300,281400,264700,32130,181100,269900,0,58370,146200,91720,0,48530,0,44310,44620,37850,13580,16680,36910,38160,182300,270600,268000,47530,191300,259400,250200
256.08848@6.69,168.1,164.4,0,0,248.9,207.9,254.5,0,189,180.7,183.9,213,277.6,252.9,0,249.2,194.1,792.9,3242,1175,159.9,575.4,3074,2723,245.5,720.5,0,0,0,0,3012,452.9,0,240.8,0,239.7,0,0,275.3,247.4,220.5,1587,2940,3095,0,2008,2976,2760
284.087@6.69,300.6,0,0,0,0,0,0,0,0,271.9,0,0,0,0,0,0,0,963.3,1482,756,0,242.2,0,0,0,373.1,1427,1049,0,0,833.2,277.2,0,0,0,0,0,0,185.1,136.4,0,0,672.5,0,0,287.3,683.2,0
362.99984@6.68,0,0,0,0,0,0,0,0,0,0,0,0,0,0,0,0,0,293.4,849.9,766,0,148.2,436.8,386,0,0,350.7,0,0,0,364.6,0,0,0,0,0,0,0,0,0,0,294.1,379.1,781.6,0,211,0,378.1
266.04373@6.7,404.8,0,0,437.3,0,0,0,0,0,0,0,0,0,0,0,105.7,0,263.4,995,788.3,0,0,447.4,0,0,0,908.5,332.1,0,0,0,0,0,0,0,0,0,0,0,0,0,226.9,472.7,0,0,230.1,445.1,486.2
269.05385@6.69,201.7,0,221.1,270.8,215.4,180.1,0,0,0,262.3,0,0,0,0,0,209.4,0,670.9,2029,958.3,0,401.7,1997,879.8,150.6,502.5,632.2,0,0,0,0,0,0,0,227.7,0,0,0,148.7,141.8,0,618.8,908.7,1285,160.7,0,889.6,952.1
267.02249@6.69,297.6,0,0,262.6,0,198.3,0,245.6,0,0,0,0,157.3,0,0,0,0,736.1,2395,2177,0,481.8,1058,829.1,0,0,0,0,0,0,1114,389.2,0,0,0,134.9,197.1,193,206.8,0,0,671.5,1060,0,0,0,936.2,977.5
172.09456@6.7,0,0,304.4,196.8,696.6,0,565.3,1425,427.5,0,314.9,0,1215,682.4,677.8,0,378.3,6030,9285,8590,508.3,0,3366,2699,393.8,0,0,0,419.3,0,0,1017,0,0,0,0,0,0,552.7,0,549.2,4600,0,2982,545.8,1809,3156,3085
210.04004@6.71,0,225.6,0,0,0,0,0,0,0,0,0,300.7,0,0,138.3,124.8,0,0,553.4,349.6,0,0,371.4,297.2,0,162.4,0,181.5,169.3,0,347.3,0,0,119.4,0,155.3,0,0,0,0,0,0,0,0,0,0,393.6,382.2
332.01578@6.72,0,0,0,0,0,0,0,0,0,0,0,0,0,0,0,0,0,0,0,0,0,0,0,0,0,0,0,0,0,0,0,0,0,0,0,0,0,0,0,0,0,0,0,0,0,634.3,0,0
448.27411@6.75,0,0,0,0,0,0,0,0,0,0,0,0,0,0,0,0,0,0,0,0,0,0,0,0,0,0,0,0,0,0,0,0,0,0,0,0,0,0,0,0,0,0,0,0,0,2378,0,0
200.09879@6.76,224.9,8059,19810,18320,242.4,174.6,0,0,179.9,189.6,5582,2331,0,0,201.6,236.5,206.1,180.1,223.9,161.2,0,0,103.6,193.4,238.2,222.4,170.8,0,0,157.7,150.9,221.9,0,248.1,250.3,240.2,249.3,0,0,204.9,157.6,0,186.4,158.1,0,188.9,207.1,231.4
388.23735@6.79,256.7,376.9,274,350.4,0,0,0,0,280.2,0,260.2,435.3,0,0,0,0,0,0,0,0,0,0,0,0,0,0,0,0,0,0,0,2491,0,0,0,0,0,0,0,0,0,0,0,0,0,16600,0,291.8
422.72541@6.8,0,0,0,0,0,831.3,0,141.7,0,0,0,0,1047,346.6,932.2,150.2,0,0,0,0,338.4,183.1,749.9,593.1,0,0,0,0,1244,0,756.5,601.8,0,0,0,0,0,0,0,0,0,0,0,0,0,0,0,0
236.12098@6.81,12940,0,0,23500,0,0,0,0,0,0,0,9192,0,0,0,12250,0,0,0,0,0,0,0,0,0,0,0,0,0,0,0,0,4753,0,0,0,0,0,0,0,0,0,0,0,0,0,0,0
407.69188@6.84,0,0,0,0,0,0,0,0,189,0,0,0,412.4,433.1,569.3,0,0,0,0,127,487.1,479,0,550.3,0,0,190.8,0,684,593.5,501.7,559.3,0,0,151,0,0,0,0,0,0,0,0,0,0,0,0,0
110.05983@6.85,0,0,0,0,0,0,0,0,0,0,0,0,0,0,0,0,0,0,0,0,0,0,0,0,0,0,0,0,0,0,0,0,0,0,2553,2639,0,0,0,0,0,3073,9833,16280,0,5365,12690,21810
399.71081@6.86,129.4,0,125.6,0,177.4,1059,163,0,0,0,111.1,151.3,998.8,828.1,907.7,0,0,0,152.8,0,1241,382,559.5,560.5,0,0,0,0,644.5,868,490.6,659.1,0,0,0,0,0,0,0,0,0,0,0,0,0,0,0,0
399.17813@6.86,0,0,0,0,356.5,1813,324.4,0,0,0,103.1,0,1834,1906,2253,341.5,0,0,0,0,2003,1611,877.5,998.8,0,0,134.7,0,1899,1653,976.3,1319,0,0,0,0,0,0,0,0,0,0,0,0,0,199.2,0,0
391.19038@6.85,121.5,0,0,0,1108,11070,1419,1193,0,110.6,0,0,9573,10480,11080,1530,0,0,0,0,10100,8740,6926,8212,0,0,0,0,9238,9161,6734,7885,0,0,0,0,0,0,0,0,0,0,0,0,0,0,0,0
369.71139@6.86,0,0,0,0,143.1,878.4,0,0,0,0,0,145.1,681.6,673.6,654.9,0,0,0,0,0,843.7,523.3,380,456.1,111,0,115.2,0,754.4,677.5,417.3,612.6,0,0,0,0,0,0,0,0,0,0,0,0,0,0,0,0
380.19208@6.85,0,0,0,0,6166,44440,7375,6983,0,0,0,0,42600,41670,45360,7032,0,0,0,0,40490,37240,30700,37750,0,0,0,0,43580,40040,32710,36370,0,0,0,0,0,0,0,0,0,0,0,0,0,0,0,0
391.69592@6.85,0,0,0,0,499.9,5244,865.5,815.3,0,0,0,0,4897,5130,5203,642.1,0,0,0,0,4711,4074,3347,4093,0,0,0,0,4581,4463,3418,3947,0,0,0,0,0,0,0,0,0,0,0,0,0,0,0,0
293.67473@6.85,0,0,0,0,0,1869,231.3,231.6,0,0,0,0,1805,1930,1852,291.9,0,0,0,0,1653,1388,1100,1574,0,0,0,0,1723,1625,1256,1619,0,0,0,0,0,0,0,0,0,0,0,0,0,0,0,0
380.71227@6.86,0,0,111.6,0,2856,21790,3613,3343,163.1,0,0,0,21010,20310,21730,3295,0,0,0,148.9,19730,18450,15000,18570,0,0,0,0,21690,18880,15910,18300,160.4,0,0,0,0,0,0,0,0,0,0,0,0,0,0,0
369.17979@6.86,0,0,0,0,0,1797,292.2,317.8,0,0,154.3,134.1,1659,1685,1442,315.1,0,0,0,0,1440,1071,869.8,1131,0,152.6,0,0,1517,1174,835.4,1233,135.3,0,0,0,0,0,115.2,203.1,0,112.6,131.7,0,0,0,0,0
282.67051@6.86,0,0,0,0,0,395.1,0,0,0,0,0,0,446.6,521.6,541.8,0,0,0,0,0,373.9,401.5,0,0,0,0,0,0,479.8,505,279.6,365.4,0,0,0,0,0,0,0,0,0,0,0,0,0,0,0,0
381.70624@6.86,0,0,0,0,0,1822,0,0,0,0,0,0,1754,1387,1756,136.8,0,0,0,0,867.5,1372,1334,938.3,0,0,0,0,935.8,1302,848.6,1502,0,0,0,0,0,0,0,0,0,0,0,0,0,0,0,0
392.19209@6.86,0,0,0,0,159.2,1132,341,222.3,0,0,0,0,1397,1050,1145,156.7,0,0,0,0,999.1,924,683.2,796.4,0,0,0,0,998.4,0,817.9,814.9,0,0,0,0,0,0,0,0,0,0,0,0,0,0,0,0
381.18674@6.87,0,0,0,0,667.6,4652,828.3,821.8,0,0,168.8,132.1,3981,3759,3838,683,0,0,0,0,3711,5150,2731,3616,0,0,0,0,0,0,3087,3318,176.3,0,0,0,0,0,0,122.5,0,152.2,0,0,0,165.6,0,0
492.30029@6.88,0,0,0,0,0,0,0,0,0,0,0,0,0,0,0,0,0,0,0,0,0,0,0,0,0,0,0,0,0,0,0,0,0,0,0,0,0,0,0,0,0,0,0,0,0,2755,0,0
207.98996@6.93,119.8,744.7,443,586.2,0,243,0,151.1,0,2348,634.4,1066,0,132.6,181.9,154.6,133.4,0,0,0,0,0,195.8,0,0,0,193,0,0,205.2,147.1,0,0,199.6,171.1,0,0,155.6,0,132.3,0,162.6,0,145,0,185.7,146.9,139.5
432.25935@6.94,0,436.3,438,0,0,0,0,0,0,378.1,486.9,0,0,0,0,0,484.1,525.5,490.4,0,0,0,0,0,0,0,0,0,0,0,0,0,0,0,0,0,0,0,0,0,0,0,406.7,0,0,25630,0,405.6
246.13026@6.97,342.8,320.4,365.4,445.5,507,376.4,0,277.7,351,351.2,0,293.9,473.6,571.5,729.4,249.7,0,345.1,336,309.2,2889,6399,5591,10440,228.1,318.2,351.3,0,0,2687,6971,7686,0,245.5,379,0,326.9,0,0,0,288.7,277.1,629.6,498.3,314.3,0,816.1,0
214.1027@6.98,0,420.6,438.3,534.5,548.9,0,0,539.3,409.2,1261,1205,438.7,627,704.8,461.8,378.2,534.2,745.1,1449,1371,2621,2205,6457,9241,0,708.3,690.6,825.8,490.3,4403,6082,7073,0,347.3,0,374.8,354.5,282.7,363.3,0,370.7,0,1311,0,0,0,0,938.5
228.135@6.97,340.7,0,275.3,280.4,1607,526.8,344.5,317.4,267.7,313.9,317.7,358.2,1304,2282,1290,0,335.5,0,0,278.7,7779,16410,20050,29550,0,323.1,434.3,411.6,496.3,14760,17030,22370,307,225.6,287.2,0,359.4,278.8,265.7,0,282.4,631.8,2540,2085,231.7,1470,2903,0
268.11203@6.99,236.4,0,0,0,9880,4678,1846,1492,0,278.9,0,1080,6260,11800,6280,3689,329.9,2003,0,1845,42950,89850,106500,150000,444,1055,3569,2902,5209,80350,84270,110000,1433,0,499.4,491.7,2096,425.2,437.5,322,422.5,6163,16160,13770,1292,9542,15760,8638
269.12011@6.99,0,0,357.3,365.6,764.2,370.1,0,292.7,0,360.5,353.9,323,648.3,894.4,585.2,476,351.6,0,305.8,0,4714,6219,7340,10290,351.7,0,0,386.8,402.4,0,10240,0,0,343.2,394.6,270.3,363.1,401.8,374.4,368.7,0,543.2,1181,1046,318.5,343.2,993.2,613.2
134.08114@7.02,483.9,485.1,484,360.6,508.7,712.4,566.3,0,365.1,458.6,381.4,338.6,674.8,888.9,619.9,556.6,444.9,531.9,348.8,538.6,4129,8465,10530,17480,0,647.8,527.4,642.7,565.9,8150,9994,1807,0,550.4,475.2,462.1,513.6,596.1,513,0,437.8,5701,4978,5425,0,6046,4565,4586
346.97944@7.04,0,0,0,0,405.1,0,0,0,0,0,0,0,301.7,0,283.6,0,0,0,0,0,0,0,0,256.8,0,0,0,0,275.3,290.1,509.3,414.8,235.6,170.7,184.9,0,0,186,0,0,0,0,0,0,338.3,0,0,0
345.97574@7.05,0,0,0,0,1338,560,806.7,883.3,0,0,0,0,982.9,948.8,699.8,612.2,0,0,0,0,1018,152.2,1065,827.4,0,0,0,0,734.2,775.5,918.8,870.8,424.6,0,424.5,434.1,293.1,615.3,196.9,0,562.2,655.3,444.9,541.9,907.8,1055,597.4,708.2
328.97597@7.05,0,0,0,0,788.8,477.1,500.7,419.9,0,0,0,0,462.3,355.1,392.5,332,0,271.9,0,141.6,576.9,0,512.5,475,0,0,0,0,496.6,282.5,689,0,0,0,230.4,146.7,171.2,177.6,146.7,165.9,275.8,479.1,368.9,290.2,450.4,633.3,217.4,0
459.25753@7.06,0,0,141.9,0,0,0,0,0,0,176.3,0,0,0,183.1,0,0,126.1,179.1,114.2,166.3,0,0,0,0,0,0,0,0,0,0,0,0,0,0,0,201,0,0,0,0,142.8,194.9,0,0,152.6,4563,244.1,0
343.12249@7.1,0,34270,32680,38590,1707,50010,57250,52890,0,45910,57570,55140,2310,80040,87580,99360,878,492.2,2091,811.2,2330,5554,7655,6363,1371,591.8,2234,0,2977,4979,12950,6399,0,38970,42860,46410,1415,39020,39800,40220,909.9,4443,3228,7378,1163,8156,2728,7406
359.10753@7.1,0,0,0,0,237.8,5271,6084,5920,0,5269,6687,5863,254.4,8119,9153,10340,226.9,209.8,206.9,205.3,265,449.4,599.3,487.5,0,0,334.4,0,250.3,413,956.1,0,208.5,4041,4325,4813,165.9,3952,3881,4151,169.1,385,310.4,601.1,142,201,257.1,467.3
321.13785@7.1,146.2,0,0,0,275.2,2134,2354,2170,187.6,0,2597,0,307.1,4408,4607,4975,0,0,262.2,269.2,258.9,335.8,446.4,0,204.6,247.9,288.2,0,0,0,691.1,349.3,0,0,1428,1818,201.6,1546,1502,0,0,348.3,0,404.2,234.7,264.2,246.5,364.5
360.12415@7.1,0,0,0,0,0,697.6,793.3,760.7,0,0,1183,0,0,933.5,0,1158,0,0,117,126.9,0,0,0,0,112.6,0,0,0,0,0,157.4,0,0,0,688.4,657.7,0,0,654.6,0,0,0,0,182.7,0,0,0,0
191.10772@7.12,0,5606,5509,5874,868.9,7680,8056,7899,0,6366,8333,7983,880.4,12020,13310,15560,0,886.1,625.1,0,0,834.8,1132,855.6,1002,755.4,987.3,0,961.5,0,1712,901.9,1055,5809,6289,6790,867.4,6370,6053,6462,0,936,836.6,1119,803.5,0,542.5,1129
263.0334@7.12,0,0,0,0,0,0,0,0,0,0,0,0,0,0,0,0,0,0,0,0,0,0,0,0,0,178.6,0,0,0,0,0,160.9,0,0,0,173.7,0,139,0,0,0,593.2,296.5,372.2,0,0,234.2,309.7
303.12872@7.12,238.2,5375,5039,5970,666.3,8006,8605,8168,0,6923,8465,8047,723.6,12010,13390,15420,0,0,0,0,704.8,1006,1178,1098,1347,540.4,575.4,636,741.7,829.8,2627,631.8,625.1,6294,6921,6821,651.2,6009,6114,6303,436.4,0,724.7,1128,0,0,650.8,1038
212.97571@7.12,122.1,0,0,0,247.3,691.1,621.3,752,0,0,0,0,135.2,1297,661.7,605.1,0,168.5,115.7,0,0,0,0,130.4,0,0,117,0,0,0,0,0,409,712.1,502.9,669.7,279.4,0,0,0,0,0,0,0,0,954.4,147.7,0
345.12085@7.13,182.7,1115,0,2268,0,0,3529,3243,199.2,2518,3353,3369,247.1,0,5112,0,158.3,0,0,287.5,219.2,284.3,0,0,0,413.5,283.2,342.5,171.4,0,499.5,0,235.2,0,0,0,238.8,0,0,0,161.5,452,388.2,399,200.4,617.9,0,0
233.96407@7.16,170.8,0,0,0,206.7,0,0,186.4,0,396.7,0,324.4,155.5,0,0,0,0,0,0,310.4,0,0,0,209.7,257.7,0,0,0,203.7,139.3,0,193.9,701.2,1069,845.8,997.9,542.9,934.9,932.2,883.3,503.8,698.1,844.4,1367,404.6,1845,1361,1675
319.64999@7.18,0,0,0,0,0,217,0,0,0,0,0,0,346.1,300.5,340.8,0,0,0,0,0,317.4,372,337.7,264.6,0,0,0,0,593.4,432.9,387.2,366.8,0,0,0,0,0,0,0,0,0,0,0,0,0,0,0,0
236.09682@7.16,0,308.2,370.6,500.4,630.2,523.4,649.5,579.8,0,0,0,305.5,566,570.8,0,710.1,486.9,0,6809,6387,369.1,2015,0,4009,0,0,0,0,0,1386,4884,2245,330.7,2209,1649,1525,447.9,9090,2800,3329,377.2,2930,0,5154,567.1,2276,5161,0
344.13418@7.16,219.5,3964,3612,6842,0,0,0,0,275.4,7544,6395,6198,0,0,0,0,0,0,0,321.3,311.4,0,297.7,0,0,0,232.6,301,229.6,0,0,342.3,0,562.3,0,0,0,0,0,0,267.8,0,297.7,0,0,0,237.2,0
387.70965@7.18,0,0,0,0,0,255.2,0,0,0,0,0,0,427.3,194.7,569,0,0,0,0,0,163.4,0,342,151.9,0,0,0,0,731.3,0,383.5,315.9,0,0,0,0,0,0,0,0,0,0,0,0,0,0,0,0
577.22733@7.22,0,0,0,0,0,0,0,0,0,0,0,0,0,0,0,0,0,1413,0,0,0,1464,265.4,1018,0,1680,369,975.2,0,1917,528.1,873.7,0,0,0,0,0,0,0,0,0,0,0,0,0,810.5,0,0
555.24137@7.23,0,0,0,0,0,0,0,0,0,0,0,0,0,0,0,0,0,0,0,0,0,412.7,0,251.1,0,814.8,0,382.3,0,468.4,218.5,381.3,0,0,0,0,0,0,0,0,0,185.1,0,128.4,0,0,0,0
578.22586@7.21,0,0,0,0,0,0,0,0,0,0,0,0,0,0,0,0,0,0,0,0,0,273.1,0,272.4,0,689.2,0,354.8,0,0,134,302.8,0,0,0,0,0,0,0,0,0,0,0,0,0,0,0,0
210.04903@7.24,0,7591,3389,6401,142.9,3232,1603,3402,259.8,5668,3221,6178,0,2236,939.9,1956,188.1,0,192.4,145.9,0,0,169,0,0,0,1808,0,0,195.5,153.8,0,0,1354,211.5,576.6,170.2,1650,211,748.5,191.5,526.4,0,0,231,0,0,0
401.1714@7.25,116.6,0,0,0,0,0,0,170,0,0,0,125.5,0,137.1,0,166.2,0,5274,2167,3235,0,3383,871.6,2135,199.5,4841,2326,3315,0,4209,1419,2401,0,0,115.5,0,0,0,0,134.2,0,2978,1554,2230,0,2622,1003,1947
329.11953@7.25,0,0,0,230.5,236.1,420.7,281.7,335.3,255.9,241.6,0,267.6,0,642.4,0,0,0,4518,0,3627,0,8109,4200,6878,297.2,3437,1579,2030,295.2,8283,5103,6255,313.5,0,0,0,0,261.3,261.9,3011,232.7,2860,2945,2753,248.5,4019,0,0
346.15597@7.26,112.8,0,0,0,0,0,0,0,0,0,0,0,0,169.4,0,0,138,0,0,130.2,0,6588,3772,8126,0,132.9,0,252.3,0,4150,1976,3628,0,157.2,0,0,0,0,0,138.7,0,290.8,464,481.1,0,0,280.2,0
199.1064@7.28,0,353.5,359.2,272,7276,4138,5137,4766,364.6,348,402.1,374.8,6091,4900,5205,4577,333.1,328.5,311.2,329.9,6364,745.9,4434,5808,428.5,0,0,408,4832,3346,5560,4641,2493,1105,1349,1415,1029,1275,1269,1142,2604,1245,1418,1287,3778,0,0,0
332.91963@7.36,0,483.7,0,552.2,0,0,0,0,0,348.5,151.9,291,0,0,0,0,0,0,0,0,0,0,0,0,0,0,0,0,0,0,0,0,0,0,0,0,0,0,0,0,0,0,0,0,0,0,0,0
164.03703@7.37,0,1136,0,0,0,3318,1400,3301,0,8386,6607,7321,0,1856,808.7,2294,0,0,0,0,0,0,0,0,0,138.6,0,132.6,0,0,0,0,0,2136,698.2,2554,0,1675,465.9,1707,0,157.9,0,219.4,0,0,172.3,174.4
331.12799@7.42,217.9,236.2,280.3,308.4,408.1,287.2,269.7,0,184.2,0,0,176.8,233.3,338.2,0,260.4,192.9,3380,1085,1419,371.7,13470,8435,12290,268,1723,0,1862,291.5,16820,9236,13000,783.8,0,260.1,282.2,1159,188.8,247.5,250.2,565.9,12580,10630,19260,1324,9358,10230,9634
229.09247@7.43,561.4,588,0,0,0,729.3,0,0,532.2,462.7,603.6,0,0,416,433.2,659.1,559.9,1399,612.2,667.3,1456,4117,1020,4048,396.9,676.1,525.7,0,461.8,5593,3027,4852,371.2,11530,507.3,4274,607.4,9026,508.2,5377,0,9288,3285,3649,871.5,17530,2985,7002
335.12574@7.44,280.3,273.1,0,0,278.3,286.6,309.9,259.3,282.8,309.9,322.5,239.1,0,266.5,279.3,313.5,0,1529,0,0,254.2,4371,3493,3767,272.9,1366,0,2096,278.5,6422,5220,6421,321.7,182.9,283.2,243.6,295.4,0,0,274.3,264.5,7111,6703,7593,0,3675,4258,4276
275.10503@7.45,379.1,380.5,274.2,385.7,329,280.6,345,302.5,379.2,269.2,386,325.3,314.3,284.8,237.6,0,0,298.8,394.9,315.2,322.7,0,392.4,0,234.5,0,382.5,453.3,323.1,575.4,430.8,622,274.5,11680,348.6,2770,0,8490,275.2,4362,0,6543,354.3,0,235.8,11870,0,0
246.02822@7.45,0,0,0,0,0,0,0,0,0,118.5,0,0,0,0,0,0,0,2440,1514,2100,0,320.2,241.3,319.3,0,1609,1338,1871,0,0,0,0,0,290.7,0,0,0,0,0,0,0,229.7,0,167.7,0,0,189.5,151.3
174.0857@7.45,219.8,220.9,0,0,212.6,217.5,166,0,146.5,0,0,220.8,214.7,197.2,199.7,209.6,169.3,0,179.2,0,206.1,0,183.9,173,218.2,177.2,254.3,179.4,175.3,244.4,0,245.5,160.2,3531,189.6,1431,155.4,4233,233.9,1834,212.1,3498,192.7,436.2,123.8,5166,0,1835
231.1031@7.46,315.3,305.5,316.3,428.8,398,519.4,0,0,512,404,0,384.7,456.3,0,405.3,455.3,349.2,438.6,418.4,427.9,447.4,0,533.5,651.6,333.2,372.2,458.2,0,0,711.6,603,626.9,438.8,13580,377.6,4748,458,10320,424,6334,470.5,6709,678.2,1090,338.8,12190,523.3,0
230.08636@7.46,147.4,0,0,0,0,0,0,0,0,0,154.2,0,0,0,201.4,222,0,296.5,232.6,0,0,513.3,206.1,308.7,0,0,0,216.2,0,435.8,0,376.6,0,4658,0,1405,175.1,3516,0,1686,225.2,3410,394,540,161.3,6809,316.9,2115
265.0936@7.46,389.8,546.7,487.3,442.1,506,0,0,0,0,0,411.6,515.3,593,514.3,529.1,647.9,424.6,0,575.7,455.5,475.8,0,642,615.2,0,0,486.7,0,471.1,591.7,512.3,569,416.2,20410,548.6,5332,0,15640,575.8,8200,493.6,17250,642.6,1451,519.2,28420,0,7474
164.05237@7.45,0,9989,8559,9863,0,0,386.7,0,0,6193,4575,5187,0,0,0,0,0,0,158.9,145.7,0,0,0,0,0,0,0,160.2,0,137,0,0,0,300,0,0,0,0,0,229.9,0,189.8,0,0,0,203.7,307.7,223.7
247.09035@7.47,299.8,297.4,0,307.8,316.8,298.2,0,244.9,0,295.6,314.7,310.8,232.9,225.9,261.7,244.2,299.9,537,0,477.3,218.9,571.8,632.8,769.5,0,488.6,0,554.6,0,724.8,646,0,0,66030,547.1,21470,295.6,51000,2482,28520,0,47130,1088,9949,322.8,78860,2909,22350
185.0855@7.47,332,272.4,0,357.9,291.9,415,326.5,0,0,343.4,361.7,318.1,0,347.3,410.4,428.1,0,369.3,463.6,463,325.1,556.8,518.9,0,317.4,0,401.3,343,0,634,510.7,550.6,323,38640,475.3,13990,0,30370,865.4,17810,319.5,22120,1041,5677,0,38480,1461,13300
213.08955@7.47,471.8,753,650.8,476,0,435.4,476.3,549.9,540.2,530.3,669.1,0,463.6,0,0,0,626.8,603.5,676.3,565.5,493.3,655.3,0,0,725.3,0,658.1,600,0,439.4,644.9,466.8,586.7,397600,8502,151900,545.6,312300,22120,196700,0,286200,23400,85380,478.4,438100,36030,175500
214.10292@7.47,0,0,0,237.8,0,228,0,231.3,0,219.9,221,185.5,224.1,176.4,264.6,204.2,188.7,292.3,291.2,314.8,250.1,256.8,202.8,0,235.2,0,287.1,287.3,212.1,240.5,264.7,263.4,261.4,92290,850.4,30980,0,72250,3594,18970,0,28700,30740,17970,230.3,0,25660,15140
197.09771@7.51,349.1,5078,4422,5134,406.1,4091,3810,3314,291.7,4645,4837,4855,0,4195,4179,3992,360.4,365.1,283.3,327.4,0,401.5,0,0,267.2,348.6,299.2,350.4,0,0,0,293,1943,0,13180,0,2878,0,14880,35080,2606,0,0,0,3597,0,0,0
263.1048@7.51,246.6,309,274.2,232.1,215,250.4,282.9,0,0,261.6,0,0,216.2,263.8,185.6,0,0,336.3,221.1,0,263.4,304.7,581.1,371.5,281,0,589.5,372.5,269.3,362.7,405.8,352.3,0,501.9,830.8,0,277.7,577.3,781.4,0,254,714.7,29570,5193,258.3,506.1,24760,1422
239.09961@7.51,0,0,363.8,636,0,732.5,807.6,561,303.2,0,0,554.9,546,0,0,0,0,0,308.6,0,831.1,677.8,0,0,282.4,0,0,380.7,581.6,512,0,351,0,23180,676.5,11130,674.9,15620,1196,14150,796.2,4317,816.2,0,0,5021,592.1,0
236.1236@7.51,218.2,0,317.3,0,232.7,246.6,311.8,297.8,358.2,330.1,342.2,345.2,0,296.2,308.5,230.5,311.7,619.9,870.5,991,300.1,370.9,576.2,602.3,319.5,0,663.6,0,325.4,285.7,0,388.1,309.3,309.2,288,303.2,301.7,0,0,277.6,0,376,46240,9950,293.1,326.5,39590,5116
307.11141@7.52,0,4758,321.5,0,0,3626,1533,1038,0,0,4291,7237,1768,1976,6191,6314,0,3140,1332,3147,1329,6786,5726,8271,0,2148,0,0,0,6950,4740,4091,0,0,0,1489,532.5,0,1259,0,652.1,1200,1330,1157,632.2,972.6,998.1,958.6
347.1525@7.53,0,0,264.2,242.7,0,488.8,608.3,564.3,0,244.8,214.4,237.2,467.8,0,0,623.6,243.7,689.6,497.4,3400,571.6,3552,965.9,2262,0,718.8,603.3,1739,562.8,3263,992,2169,513.9,0,531.2,561.8,539.7,534.5,0,794.7,432.3,7222,3697,5584,562.4,5911,2960,4253
329.12117@7.53,280.1,0,0,344.6,322.4,536.2,362.6,304.8,0,347.7,271.2,0,0,896.2,334.6,438.8,305.1,10570,0,8160,285.1,12220,6329,10690,285.3,7351,3057,6484,271.8,13370,7891,10170,380.4,0,261.5,416.1,406.1,334.6,0,348,353.3,5580,2568,2645,0,5493,0,0
475.44824@7.54,0,0,0,0,540.3,0,0,0,0,0,0,0,254.9,0,0,261.4,0,0,0,194,0,0,0,0,0,0,226.9,0,184,0,0,358.6,191.4,225.6,235.9,0,0,0,0,0,305.7,0,0,0,0,264.7,462.4,0
377.69163@7.6,0,0,0,0,0,347.4,0,0,0,0,0,0,527.1,487.6,528.7,0,0,0,0,0,438.3,361.7,606.5,669.7,0,0,0,0,389.5,538.1,536.8,461.5,0,0,0,0,0,0,0,0,0,0,0,0,0,0,0,0
366.17842@7.59,153.1,216.6,0,261.3,516.6,3616,550.8,516.6,184.9,208.1,198.3,197.9,3656,3548,3683,511.3,0,0,231.2,0,3586,3954,3737,4285,158.9,168.4,192.4,0,3516,3906,3735,3652,0,226,0,204.8,165.1,0,133.2,178.6,0,161.6,177.3,0,0,193.5,198.4,0
377.17141@7.6,0,203,0,161.8,231.6,937.1,260.2,0,168.3,0,206.1,0,824.2,984.6,1016,299.2,0,236,244.8,0,956.4,1243,976.4,1262,178.3,244.7,242,188.4,1053,1270,997.2,1079,0,210.4,235,174.7,212.8,145.7,221.6,215.6,217.5,0,247,179.9,236.7,148.7,199.7,220.3
120.06117@7.6,597.5,626.4,628.3,657.8,542.1,467.3,449.8,537.5,468.5,532.6,592,0,498.3,431.8,581.3,0,1559,487.6,0,520.7,1239,575.1,745.7,18840,2455,650.5,900.5,934.7,868.9,0,775.6,11140,2092,23700,11100,37460,1800,8812,1043,17340,1412,0,3614,2990,0,0,4434,0
366.72492@7.61,204.7,138.8,0,135.3,223.9,1504,191.5,222.8,0,0,132.6,131.7,1523,1429,1674,243.6,0,173.1,0,0,1512,1446,1549,1838,0,0,0,0,1189,1587,1449,1588,140.6,0,0,0,0,0,0,133,0,0,0,0,0,0,0,0
268.12625@7.64,0,0,374.4,305.6,1642,423.6,403,536.5,276.4,308.9,327.1,2051,588.8,1205,2996,3077,224.5,253.4,266.1,348.9,579,477.1,585.2,0,315.2,298.3,339.3,333.5,1627,435.2,487.1,492.8,334.4,1959,1966,630.5,309,1072,621.9,1781,288.1,0,2693,0,296.1,0,2604,0
271.08133@7.65,482.7,372.8,412.2,592,1266,1588,1426,0,525.5,0,351.5,498.1,0,1081,0,0,0,2136,0,1399,866.6,7577,5514,3003,0,2131,1764,0,1108,7795,5500,6543,0,0,846,500.3,588.6,823.8,0,1033,833.6,11170,9707,11230,666.4,9044,8146,8544
511.17129@7.65,0,0,0,0,0,0,0,0,0,0,0,0,0,0,0,0,0,0,0,0,0,0,0,0,0,0,0,0,0,0,0,0,0,0,0,0,0,0,0,0,0,1045,0,217.3,0,1505,0,225.1
185.0683@7.65,277.1,254.1,0,0,717,3635,0,1050,0,0,264.4,0,0,758.7,928.9,840.5,276.2,9216,7168,8048,647.8,13510,11240,15150,299,8285,6177,7195,0,13840,10630,12150,429.8,0,0,1773,428.6,0,0,1226,443.1,21680,16840,20310,596.5,0,14690,16050
303.00429@7.66,0,0,0,0,213.7,179.6,0,127.4,0,0,0,0,0,137.8,0,0,0,336.3,177.8,240.3,0,382.8,418.1,506.5,0,282.8,0,0,0,336.2,612,306,0,0,0,0,0,0,0,0,0,1027,474.4,1296,0,0,1208,0
231.07321@7.66,378.3,314,347.6,286.2,0,1135,1070,941.7,367,293.7,0,373.5,578.6,692.4,572.6,585.5,0,7020,1348,6075,0,9884,8620,10810,430.7,6205,1491,5528,580.5,10170,7587,8948,548.1,1147,595.5,814.6,0,944.2,567.7,850.9,0,14360,11760,5455,600.9,14390,10060,11380
305.99685@7.66,0,0,0,0,0,0,517.7,0,0,0,0,0,0,0,0,0,0,0,0,0,0,0,0,0,0,0,0,0,0,0,0,0,0,0,266,0,0,0,0,0,0,0,0,0,0,0,0,0
233.04101@7.67,158.8,0,0,215,146.4,0,824.9,0,123.8,0,0,0,0,0,0,149.7,0,380.6,0,309.2,0,0,1454,1103,0,0,355,0,0,0,955.2,0,0,0,744.8,0,143.7,0,385.8,0,0,0,837,467.8,0,0,0,247.3
430.23434@7.67,2637,4575,4450,4228,3687,7819,6788,5805,2304,4055,4612,4950,3176,8786,5912,9179,2582,4880,3546,4048,2971,10690,9376,11580,2694,3969,4076,5325,4305,9681,8316,4656,2571,0,4501,7003,421,516.2,4322,3494,2063,1991,6433,2052,2397,3320,6821,5212
157.06569@7.68,369.2,0,385.9,311.8,633.4,986.7,0,0,307.6,0,0,321.4,427.2,705.7,489,698.9,0,1967,0,1999,521.6,2696,2679,3702,358.7,7551,5241,6125,540.2,11150,7292,9580,0,495.6,0,2019,0,619.2,529,567.9,0,14010,11910,13790,396.4,14090,10990,11800
346.03566@7.68,0,0,0,0,0,0,1020,0,0,0,0,0,0,0,0,0,0,114.1,0,182.1,0,0,0,153.7,0,0,0,160.3,0,180.9,117.2,0,0,0,683,0,0,0,339.5,0,0,0,0,0,0,0,0,0
348.14947@7.68,0,0,0,591.6,0,331.2,576.2,346.7,0,278.7,0,0,145.4,0,401.9,486.5,0,0,0,257.2,126.7,279.4,287.2,218.7,167.3,0,0,236.4,0,258.2,203.2,191.7,0,180.8,0,282.8,0,0,185.6,234.4,156.8,257.2,211.6,226,169.3,0,255.4,241.1
129.05404@7.68,551.2,639.8,580.9,693,1046,1115,874.1,967.2,0,706.9,763.7,0,742.9,1076,1011,1031,0,11910,9597,11180,1380,11030,9732,4271,0,3492,7401,0,0,0,3112,3550,742.3,979.6,968.3,901.1,673.1,639.5,848.4,0,789.6,5246,4261,0,848.2,4344,3768,3881
203.06398@7.69,0,328,0,0,293.9,288.3,360.2,366.7,2637,0,301.5,0,353.8,956.8,317.3,571,0,1158,0,1404,441.8,1459,14570,8015,2287,0,3523,1811,405,3356,14010,7539,268.8,0,357.1,320.7,344.4,314.4,0,361.9,320.3,1311,11090,5584,316.4,881.9,0,1136
334.17422@7.7,239.9,186.6,192.5,0,0,195.9,199.1,245.9,247.1,250.7,245.1,233.1,167.7,189.6,189.8,0,0,1193,0,1524,0,1606,1253,0,286.5,703,969,2935,238.5,1900,852.2,1375,220.8,197.1,252.3,0,285.7,285.4,251.7,0,218.3,1703,4036,5210,254.3,4336,3613,1087
333.13148@7.71,252.6,311.3,280.7,236.4,223,250.6,325.4,0,0,0,293.8,342.7,261.3,378.9,305.9,238.3,190.2,7778,3685,2534,0,11960,7131,25110,297.3,7223,3523,3826,277.7,13270,6747,10230,405,0,312.2,355.6,0,0,290.1,255.6,410.1,24470,18220,26020,333.2,21020,15140,16590
331.14275@7.74,232.7,347,374.3,471.8,379.5,0,302.4,451.6,367.8,0,287.1,0,341.7,384.2,365,369.8,273.1,3221,0,0,410.4,22570,2473,18100,357.7,1822,464.8,1492,318.4,27450,10150,18040,0,284.2,373.6,365.6,930.6,415.1,372.6,0,628.5,16250,17000,24830,1196,21080,5980,15630
304.02653@7.76,0,0,0,0,0,0,0,0,0,0,0,0,0,0,0,0,0,163.9,0,0,0,232.6,164.1,281.1,0,0,0,0,0,0,0,171.8,190.6,508.8,334.2,0,0,233.1,0,464.5,0,812.3,353.9,309.1,0,0,223.2,259.9
332.14677@7.74,0,221.9,223.8,0,224,223,150.7,203.7,0,0,0,243.9,195.7,0,0,0,0,666.6,247.3,308.6,128.6,1462,562.8,3569,0,0,261.6,386.2,162.6,0,872.5,3441,214.7,219,0,198.8,279.2,201.4,152.1,173.9,212.2,3363,1196,4969,289.4,3204,2808,1138
187.0683@7.74,329.1,441,0,483.4,799.2,780,769.4,623.1,346.8,328,456,0,644.6,928.5,659.9,705.4,296.7,4391,0,4274,571.4,7291,5828,8240,499.5,5272,3295,3988,615.1,7541,6139,5987,624.4,0,586,760.8,0,0,638.4,687.4,590.1,15040,12730,15440,728.3,13610,10390,11160
293.12489@7.75,437.5,562,539.2,625.6,0,0,426.4,0,547.3,596.2,613.2,557.3,495.2,471.7,611.6,526.8,0,0,824.9,556.4,697.5,1407,1172,1048,0,892.7,591.1,853.6,555.7,1347,1122,0,623.9,555.8,686.9,660.7,680.5,0,0,610.5,581.7,2683,2012,11820,636.2,10740,1810,8563
276.02901@7.74,346,0,0,0,0,0,0,0,0,0,513.9,369.1,0,0,0,0,0,452.8,0,0,0,191,0,203.1,0,133.6,0,0,0,0,206.4,166.9,0,0,0,0,0,0,0,0,0,503.7,351.5,0,0,487.2,0,0
489.70103@7.76,0,0,0,0,0,791.1,113.4,0,0,0,0,0,671.4,726.2,558,0,0,0,0,0,639.5,804.1,886.2,1209,0,0,0,0,762.9,1095,979.9,900.4,0,0,0,0,0,0,0,0,0,0,0,0,0,0,0,0
478.70552@7.75,0,0,0,0,0,535.8,0,0,0,0,0,0,296.1,530,535.9,0,0,0,0,0,401.6,723.9,574.2,697.8,0,0,0,0,320.5,789.8,737.8,486.2,0,0,0,0,0,0,0,0,0,0,0,0,0,0,0,0
233.0845@7.76,226,279.7,1059,328.5,605.6,578.2,428.5,427.8,288,0,489.7,0,0,613.6,456.3,507.1,312.2,2248,2446,1614,0,5764,6268,6568,0,3644,1511,1998,0,6227,4800,4682,0,366.2,292.3,479.4,402.9,0,433.4,464.5,348.4,11750,9757,11870,424.5,10250,7993,8869
287.01296@7.76,129.3,0,0,0,0,0,0,0,0,0,0,0,0,0,0,0,0,0,225.5,245.6,0,492.3,242.3,363.2,0,0,0,0,0,0,431.8,0,0,0,0,0,0,150.3,0,0,0,829.1,770.8,917,0,1088,898.2,844.9
273.06908@7.75,0,0,0,0,478.1,0,272.5,0,0,0,0,0,0,421.6,0,293,0,1731,0,1948,0,4322,3436,4529,0,2731,0,0,0,0,3009,0,0,0,0,325.9,0,0,199.4,0,289.5,8719,7240,8668,376.2,0,4979,5926
185.06646@7.76,338.5,283.2,365.6,0,2782,1350,1127,3155,0,325.9,339.6,320.7,734.2,960.2,864.4,773.6,320.2,0,2035,2727,740.4,3362,3520,4332,373,0,0,2018,2147,0,3282,3264,369.5,1957,478.3,0,499.3,1718,642.2,0,361.5,7081,5101,6543,465.1,4977,0,5410
306.02804@7.78,0,0,559.4,0,0,0,219,0,0,0,281.7,0,0,0,0,0,0,0,0,0,0,241.2,0,212.1,0,0,0,0,0,0,0,183.6,0,0,0,0,0,0,0,0,0,519.7,241.6,532.8,0,0,280.3,329.7
450.12952@7.77,0,0,0,0,0,0,0,0,0,0,0,0,0,965.4,0,182.2,0,0,0,0,0,0,0,0,0,0,0,0,0,0,0,0,0,0,0,0,0,0,0,0,0,0,138,0,0,0,0,0
480.15895@7.79,0,0,0,0,0,0,0,0,0,0,0,0,0,397.2,0,162.7,0,0,0,0,0,118.8,0,0,0,0,0,0,0,0,0,0,0,0,0,0,0,0,0,0,0,0,0,0,0,0,0,0
390.14663@7.79,174.1,0,0,117.3,0,0,0,124.1,0,0,0,0,0,0,0,127.8,0,0,0,139.9,0,0,0,0,0,0,0,0,0,0,0,0,111.5,0,141.4,0,0,148.9,0,0,0,357,321.7,424,0,132.7,240.1,163.8
157.07006@7.78,391,412,368,437.6,554.9,938.3,815.8,986.4,415.7,426.1,0,409.8,0,713.6,737.9,0,308,7598,0,6515,678.9,10760,8379,11280,0,0,0,0,679.8,0,2383,0,327.1,0,0,524.9,447.6,0,474.9,431.5,489.4,4902,3778,4687,601,3421,3340,0
303.11697@7.79,0,345.8,342.3,0,6932,4198,3755,4646,340.6,273.3,354.6,344.5,577.2,342.8,253,316.9,328.2,655.7,611.7,1604,2991,648.3,0,0,306.1,608.8,403.3,535.4,2819,0,495.6,398.4,0,5517,6314,7257,422.6,2745,5193,5150,368.3,638.1,0,749.6,0,656.6,694.7,752.1
346.05383@7.79,0,0,1230,0,0,0,0,0,0,0,684.6,0,0,0,0,0,0,245.8,0,253.4,0,358.8,477.2,402.6,0,0,240,216,0,347,361,319.4,0,0,0,0,0,0,0,0,0,876.1,564.1,476.6,0,0,369.6,450.5
373.12804@7.79,274.6,444,0,439.8,206.3,258.8,0,279.3,0,650,673.7,571.3,186,236,238.9,235.2,0,1612,1567,2313,203,12720,7272,22120,0,1354,1145,3483,259,15170,3323,7004,190.7,250.7,245.1,285.1,0,297.3,267.9,258.2,171.4,3908,3449,7157,232.1,3994,1334,1081
329.11276@7.8,0,376.1,326.6,390.9,339.8,1191,710.7,707.2,262.7,328.1,0,360.3,0,1473,644.3,903.5,385.9,14190,0,12890,390.2,24210,15300,22170,0,14810,0,0,0,25780,15940,20220,0,0,0,554,495.1,0,410.7,555.5,0,20240,19620,25090,434.7,18730,16880,18300
374.1508@7.79,176.3,139.3,212.5,0,0,163.2,126.6,0,0,161.2,240.9,0,162,0,217.3,176.3,0,928,0,0,215.6,3519,1977,4643,194.6,309.6,0,732.5,154,3085,917,1881,130.9,0,0,0,0,0,0,115.5,169.1,1348,993.2,1481,121.3,1155,0,376.7
120.07438@7.81,0,3504,2748,0,883,7516,4309,6606,673.8,5849,2867,4155,1305,7683,4472,8473,451.5,887.1,835,795.1,959.1,773.9,975.4,0,0,903.8,1735,894.5,0,705.8,1115,0,0,5638,4852,3781,797.2,4731,4264,4895,912.5,2048,2316,1356,1848,2232,2093,1645
751.38704@7.82,0,0,0,0,182.6,1064,257,182.6,0,0,0,0,905.2,1084,1051,206.2,0,0,0,0,894.7,1449,1205,1751,0,0,0,0,953.6,1474,1252,1398,0,0,0,0,0,0,0,0,0,0,0,0,0,0,0,0
330.12323@7.81,224.6,310.2,231.9,221.3,0,0,0,288.6,234.1,257.7,194.5,205.3,0,241.8,254.9,290.2,0,977.3,2606,891.3,244.1,1870,2272,3985,221.7,0,438.3,497.6,285.2,0,0,1002,0,192.2,206.4,244.8,0,274.6,0,206.8,0,4018,3053,5150,258.2,1029,2717,982.6
348.13852@7.83,0,0,0,194.9,0,231,200.4,191.6,0,174.3,0,166.7,137.9,234.1,0,194.2,156.7,1258,0,905.1,0,950.3,7411,1305,234.9,400.6,1696,431.2,147,1126,6095,794.2,0,147.9,181.6,0,163.9,142.6,0,195.3,0,507.6,3241,0,0,465.7,0,0
387.686@7.82,0,0,0,0,0,0,0,0,0,0,0,0,0,280.9,0,0,0,0,0,0,363.4,520.1,297.5,415.2,0,0,0,0,0,0,530.8,276.6,0,0,0,0,0,0,0,0,0,0,0,0,0,0,0,0
307.11411@7.86,346.6,716.1,0,0,540.8,585.3,538.7,498.2,469.5,0,577.5,0,0,787.4,671.3,0,0,1548,3947,1579,608.1,5432,11530,5890,0,1197,2592,1023,558.2,5101,10090,1625,544.6,364.4,451,538.7,490.3,0,0,553.1,477.7,1406,5115,2683,398.6,1130,6562,0
347.11911@7.87,0,2675,1057,0,0,2516,1405,1344,540.6,2116,902.3,2360,271.2,1126,2997,2012,726,6298,23830,10600,0,7216,70670,12360,0,2605,16470,4814,275.3,6209,55350,6975,311.1,591,1410,1732,308.6,419.9,420.4,465,0,4919,35370,11330,286.7,4310,41490,5284
198.11889@7.95,299.6,0,0,0,520.7,655.5,695.4,2022,0,0,0,0,645.3,588.6,666.8,670.4,0,754.8,0,585.9,588.6,492.5,701.4,629.3,668.4,694.8,689.6,760.7,687.7,672.7,649.4,629.3,1135,16660,4552,10820,1204,15430,4857,11300,945.3,19650,8500,18830,1247,31790,0,0
333.14903@7.95,0,0,344.9,0,405.4,453.2,449.7,439.7,0,402.5,0,0,0,359.8,0,0,462.1,6792,0,1802,378.5,3716,8155,3809,398,5851,1587,1738,390,3615,7698,3134,0,0,322.8,448,376,421.5,298.3,357.8,446.5,7233,5514,7191,371.1,4554,4346,4676
289.10987@7.97,0,0,796.5,0,366.2,0,0,452.7,496.7,488.4,752,594,0,0,0,433.8,532.4,1666,6799,5276,0,9995,61380,49410,480.4,764.5,10550,4015,462.3,11040,21500,16270,508,0,479.7,421.6,0,454.6,352.5,438,552,1419,5896,3848,497.3,873.6,1304,0
290.12065@7.98,0,270.5,0,0,239.3,0,257,0,0,281.2,188,183.8,0,178.7,233.5,0,0,0,0,798.6,0,1387,10930,5839,202.2,0,1389,1019,229.6,1377,3105,2031,188.8,0,239.7,221.7,0,0,251.5,189.8,244.1,352,2067,0,196.1,0,324.1,0
291.10187@7.99,461.1,343.6,389.7,0,0,0,327.5,464.4,402.1,497,0,275,394,488.9,460.3,381.5,388.1,718.6,1373,2175,380.7,2489,18980,14770,381.7,537.9,0,1119,416.2,0,5759,4003,0,0,469.2,292.4,402.9,0,328.4,300.8,463,804.3,2611,1328,0,0,681.3,488.4
321.12516@8.0,0,0,0,0,1654,979.7,676.3,602.5,0,0,0,0,2950,1289,2414,4257,0,2372,0,1437,2396,3995,4180,5064,973.3,2028,1921,1941,1300,4117,3477,3504,808.3,710.2,2169,1074,460.9,810.3,1541,872.7,1523,1087,2200,1020,704.4,769,1385,778.3
213.08963@8.0,549.3,495.6,0,604.3,1206,682.7,0,889.1,426.3,550.2,0,632.1,755.5,0,0,747.9,548.2,0,669.2,995.2,925.1,0,639.3,0,616.8,834.6,559.5,795.7,0,727.6,0,0,0,16200,2840,10110,0,13840,3306,9651,1041,44580,10410,27500,1313,20090,20930,12490
315.13709@8.0,456.8,419,457.8,0,0,0,504.7,620.7,454.3,0,466.7,0,520.5,511.4,531.9,363.1,490.1,2612,1826,2207,0,2959,0,3009,459.5,2227,1563,1938,0,0,1880,2415,0,397.4,520,518.8,505.8,523.1,461.8,436.5,520.9,21700,3644,23750,492.4,3063,2901,13050
322.13628@8.01,244.2,0,287.4,184.8,365.8,0,260.6,277.7,0,0,223.8,1115,274.3,365.1,0,584.1,221.8,745.1,400.6,927.1,239.5,604.3,1033,1299,281.4,408.7,1004,288.7,204,0,1153,1354,302.8,311.1,238.9,355.7,192.6,306.2,363,306.9,260.7,383.5,481.4,356.8,198.2,265.4,838.1,299.4
394.16079@8.04,0,0,0,179.4,0,237.2,161.6,143.6,0,223.1,183,237,0,196.4,225.9,0,125.9,3022,1205,2294,147.6,1668,462.1,1512,176.5,3400,1115,2365,0,2078,895.4,1552,227.7,262.6,237.6,172.5,0,0,144.1,163.8,0,1478,556.1,1154,0,1523,618.4,883.3
303.11456@8.06,251.1,291.2,331.9,322.3,2183,3263,1926,1823,353,0,341.6,336.1,332.1,251.1,314.4,314.4,342.1,552.8,277.7,391.6,756,0,3345,2615,255.7,300.2,512.6,422.3,0,708.7,0,0,329.3,2030,2395,2517,346.5,1137,1761,1986,319.6,404.1,429.7,335.8,295.5,0,0,382.9
417.11152@8.08,0,190.1,0,0,0,244.2,0,204.6,0,0,0,0,0,0,0,0,0,1296,0,1011,0,400.5,295.3,564,0,1359,724.4,899.4,0,599.2,443.6,672,0,0,0,197.7,0,129.5,0,0,0,0,494.7,0,0,550,237.3,406.9
402.13936@8.09,0,0,0,0,0,179.1,0,0,0,0,0,0,0,0,0,0,0,2424,0,0,0,702,512.4,816.2,0,1662,1302,1148,0,1281,745.4,1064,0,0,0,0,0,176,146.3,0,0,1614,748.3,0,184.5,1233,424,517.7
401.14299@8.09,0,298.4,303.3,234.4,379.9,848.6,486.4,572.2,223.5,0,235.3,0,0,301.3,226.3,300.2,142.8,10620,5377,9035,291.1,4715,2500,5270,284.1,9303,8429,7315,276,6185,3635,6105,212.7,307.1,335.8,400.3,264,0,0,0,0,6564,3800,5956,0,5557,3138,4158
319.13978@8.11,320.6,0,0,0,657.9,803.9,665.8,678.5,283,0,0,0,620.2,945.3,566.4,605.6,264.5,7625,7115,6062,668.5,8015,6347,8447,419,8580,5936,5368,657.1,6389,4966,6018,0,0,505.6,431.5,535.8,419.9,453.9,415.9,468.9,12880,8503,11380,544.9,6546,5034,5334
214.10517@8.11,0,0,258.4,212.3,0,292,264.6,212.4,210.6,262.7,0,284.5,259.3,0,194.9,258.5,246.1,4054,288,0,280.4,573.8,441.1,5240,221.6,4097,279.4,2701,228.1,6265,508.2,2159,224,2426,570.4,1893,247.1,2315,581.3,1547,229.5,2637,732.7,0,246,2838,0,0
350.16074@8.12,231.7,0,213.9,181.6,0,0,225.6,0,220.6,0,244,159.2,0,136.1,0,0,0,266.9,252.4,205.2,199.3,254.2,187,259.9,237.6,0,177.2,0,157.3,214.8,249.8,0,177.2,6256,345.5,3375,224.8,7317,321.5,3527,0,0,0,244.8,235.3,247.2,245.5,0
331.12267@8.11,0,456,0,464.2,0,0,0,0,0,382.9,0,0,0,236.9,0,0,0,1084,0,968.8,0,1479,0,0,0,383.3,706.7,743.6,0,0,0,997.1,0,309.3,0,0,0,0,0,194.6,381.3,3977,2338,4096,335,0,2462,2558
289.09226@8.15,0,0,0,0,608.8,0,604.8,555.7,207.8,0,0,0,434.7,334.4,0,412.7,0,3870,0,0,420.1,2626,0,4285,0,736.8,2391,3094,651.8,3224,3255,3554,0,577.6,589.8,554.2,362.9,0,542.5,602.4,519.9,1383,4804,0,527.2,1337,858.1,0
262.01501@8.15,0,0,0,0,135.5,310,0,0,0,0,0,0,0,0,347.6,599.7,0,0,0,0,0,187.6,0,159.8,0,0,0,0,130.3,156.9,153.9,160.4,0,0,202.4,0,0,0,187.1,114.2,0,417.2,347.9,0,0,699.3,0,248.6
175.0819@8.16,430.5,0,0,0,357.2,0,505.4,449.1,321.8,470.6,305.3,527.6,392.9,307.3,425.4,0,344.2,1666,3160,3273,0,4146,3463,4060,0,3102,2162,2865,0,3287,1412,3366,473.9,444.8,0,0,383.4,0,413.7,409.3,0,5639,5226,6187,455.1,4848,4220,4409
289.11415@8.16,479.6,427.4,451.3,0,608.8,638.5,682.2,555.7,412.9,358.6,0,324.9,458.2,0,502.1,449.6,404.7,5306,4226,4836,544.6,5897,2950,4278,304.7,4640,3204,3944,655.3,5455,5666,6044,655.1,577.6,634.2,610.6,0,445.5,444.3,464,664.2,9640,8733,11450,711.8,8655,7092,7806
327.09014@8.16,0,342.1,0,349.7,235.6,0,0,214.7,315,0,316.7,0,153.3,0,142.4,161.7,0,1292,0,4022,0,868.5,2038,2753,349.5,3951,703.9,989.3,256.7,1980,1946,2199,0,217,271.4,223.7,245.2,225.1,0,0,0,3014,3620,3054,203.4,2448,2698,2920
302.02226@8.16,0,0,0,0,0,0,0,0,0,0,0,0,0,0,0,0,0,209.5,0,157,0,270.9,156.8,0,0,185.8,0,205.2,0,0,196.1,248.1,0,188,0,0,0,0,0,0,0,964.4,298.9,409.8,0,1091,314.3,467.4
278.01943@8.15,0,0,608.8,413.9,0,0,0,0,0,0,352.6,0,0,0,0,0,0,0,0,0,0,177.4,0,165.8,0,0,0,0,0,0,0,0,0,0,422.7,0,0,0,0,0,0,1063,271.3,769.8,0,881.3,0,512.1
261.0049@8.15,0,0,126.4,0,0,0,0,128.8,0,0,0,0,0,0,0,0,0,338.9,0,339.8,0,463.9,270.6,460.7,0,0,0,0,0,0,297.6,430.7,0,0,0,0,0,0,0,0,0,2482,2218,1982,0,3049,810.8,1369
404.92839@8.18,0,0,0,0,0,0,0,0,0,0,0,0,0,0,0,0,0,137.8,0,0,0,0,109.2,0,0,0,0,0,0,0,0,127.4,0,0,0,0,0,0,0,0,0,317.2,252.1,0,0,472.7,218.2,0
312.11284@8.16,315.2,339.6,329.9,352.4,0,513.2,866.7,354.2,229.7,0,248.3,320.7,0,272,356.3,0,338,3957,1886,2826,391.8,3265,5118,4170,316,2816,2095,0,513,5957,2789,3251,463.5,422.7,0,351.4,409,410.3,392.7,404,396,6838,5881,5710,345,5750,4408,4059
187.07177@8.16,0,406.5,386.4,0,395.5,441.8,531.5,0,0,322.9,317.7,301.4,0,384.8,467.6,405.4,357.8,2247,2030,1925,342.5,4139,3851,5022,0,2376,0,0,411.9,4498,3393,3629,503.4,451.7,0,697,501.7,537.2,527.6,367.8,454.9,16130,14600,16670,540.9,15180,11840,12880
169.07232@8.17,666.7,684.8,0,727.6,733.4,840.3,753.4,761.4,0,593.6,458.9,0,497.6,0,582.4,485.3,709.6,5265,4650,4815,509.7,8527,7692,9108,434.3,5826,4436,4808,467.2,8708,7304,6977,574.2,0,947.2,1656,713.3,0,895.5,1114,664.5,33820,27170,31900,954.5,41790,22730,31670
419.20783@8.18,189.2,0,201.7,0,230.3,273.4,245.2,253,0,762.1,0,0,262.6,0,246.2,216.5,199,17130,4073,12040,0,3676,1567,3493,241,15950,4053,12150,0,3570,1028,3046,287.6,0,287.2,286,212,0,233.7,278.4,0,8223,2216,5292,232,4019,636.1,2573
311.10263@8.17,722.8,797.1,0,706.9,2360,4057,2033,3319,0,0,747.5,734.5,1485,2545,2585,1568,693.8,35360,26710,30730,0,30200,28360,37490,774.8,28140,20490,25060,3954,31220,27730,32840,4361,3619,1989,0,2067,3224,0,1858,3795,58290,56450,67670,4727,47380,42270,48240
287.0137@8.17,104.2,0,130.5,0,0,224,0,198.9,0,198.1,0,0,0,133.9,144.9,148,0,910.9,780.9,731.8,0,755,854.3,950.3,0,2008,822.4,545.3,0,0,1065,781.2,0,0,0,0,0,0,236.7,183.6,143.5,4113,3931,3855,243,4894,3417,3964
143.0655@8.17,378.9,459.6,509.7,494.6,0,723.5,0,683,334.6,468.7,509.1,0,390.1,0,0,348.8,391.1,0,1860,1994,0,2734,1547,0,290.6,3369,0,0,0,3851,0,0,1375,0,481.9,0,1127,0,452.9,0,453.2,15140,4910,10890,388.4,14660,3583,10140
288.00914@8.17,0,0,0,0,0,0,0,0,0,0,0,0,0,0,0,0,0,245.6,0,174.3,0,228.8,177.2,0,0,0,0,0,0,186.2,208.3,248.4,0,0,0,0,0,0,0,0,0,658.1,620.9,567.9,0,700.6,397.3,793.1
213.08303@8.18,0,577.6,489.2,583.8,0,0,544,0,577.7,0,568.3,706.1,0,0,465.3,0,434.3,1085,781.7,700.3,435,705.1,0,0,587.2,953.9,828.3,1031,0,1244,0,865.8,642.8,9806,1995,0,0,8737,2342,5950,925.3,14020,0,22780,1148,15340,4676,53030
304.01593@8.18,0,0,0,0,0,0,0,0,113,0,0,0,0,0,0,0,0,0,0,0,0,240.8,0,286.6,0,0,0,0,0,0,0,0,0,0,0,0,0,0,0,0,0,717.8,665.2,664.9,0,870.3,605.6,745
254.13156@8.19,258.7,336.3,254.1,0,0,279.8,550.8,480.1,0,340.7,260.1,358.9,0,577.2,649.1,432.5,0,7206,5807,6556,1188,3356,1519,3679,0,3956,2855,3420,0,3081,1386,2556,397.5,413.1,313.1,0,304.5,412.1,414.4,386.4,321.4,519.6,463.9,409.2,266.8,355.6,0,340.1
358.12409@8.21,0,229.6,0,244.5,0,119,235,128.7,151.5,0,0,157.6,140.8,0,0,0,0,1085,2165,2849,122.9,521.5,353.2,557.2,0,1195,1118,1046,145,360.4,384.7,471.7,167.5,0,0,0,145.8,208.9,133.2,148.6,201.6,287.5,309.2,373.1,186.2,292.5,288.2,295.1
357.1199@8.22,0,343.4,0,0,0,323.7,278,264.3,268.7,271.5,0,313.8,0,0,298.9,208.9,311.2,12300,8847,10760,0,2204,1265,1920,241.5,3585,4240,4954,0,0,1066,1282,321.2,0,252.8,0,281,230.9,237.4,0,207.4,483.8,467.5,0,0,422.4,305.8,0
317.1438@8.22,382.6,370.2,466.6,0,744.6,946.3,492.1,646.3,400.3,0,344.1,0,532.3,0,634,510.4,417.5,5204,0,10460,604.7,18100,12140,15600,337.1,4551,9544,10610,0,15100,10570,13240,546.6,674.1,0,594.4,472.2,573.5,0,0,467.8,26640,7535,14680,494.1,9595,7549,15670
198.10392@8.24,413,0,0,457.2,0,570.8,0,403.6,355.9,397.4,428,0,369.7,891.1,555.2,672.4,359.4,481,0,0,345.3,567.6,532.4,605.8,385.4,613.7,0,499.2,317.5,0,471,526.2,1037,0,0,11350,0,0,0,0,1139,16470,0,19320,1239,30490,9922,25760
314.12089@8.23,253.3,194.1,262.1,248,1642,633.3,1097,1122,209.5,0,243.1,194.5,886.1,1209,1061,912.6,237.4,2608,0,8349,0,2063,4870,9950,286.9,5091,1534,1926,1349,7138,1970,5502,1337,847.4,459.6,957.1,520.3,874.4,417.2,879.9,534.4,5554,15360,21460,897.8,4172,12220,13110
326.13875@8.24,269.1,175.7,0,245.5,0,0,0,0,0,0,0,310.9,0,0,183.7,312.5,0,1258,0,838.2,202.7,318.7,0,252,0,328.7,294.7,0,245.3,0,300.2,0,226.1,323.5,300.4,0,0,0,0,0,0,0,0,288.8,236.3,236.2,205.6,0
291.11325@8.24,609,707.9,0,558,3249,2292,2531,1969,0,0,0,0,2614,939.5,1003,963.7,490.4,4676,3571,5985,2123,5260,3700,5192,514,3473,3238,3607,2351,5210,4981,4147,2092,931.1,975.4,946.5,1514,870.3,897.7,1455,919.9,8523,10180,8733,825.2,7497,9342,7251
459.17765@8.24,298.2,0,0,0,1630,225,147.9,0,252,0,0,0,385,143.1,0,136.1,0,0,294.6,0,167.2,0,248.7,161.6,0,0,225.3,0,1177,0,0,179,0,0,0,188.6,0,208.2,164.8,0,171.9,0,272.3,292.9,0,0,0,243.7
313.10961@8.25,1629,2381,379.1,3512,7941,7568,7042,5028,1291,3480,2570,2823,4401,6814,5998,5299,586.1,58130,33900,42140,5652,36110,32080,37590,1988,25070,20910,29080,7892,38490,23430,41840,5207,4665,3475,4845,7596,4284,3264,4987,6060,78620,66820,80700,5536,54890,52490,54820
319.14031@8.27,0,402.8,287.9,0,1284,0,973.4,813.1,0,341.3,442.5,0,0,1578,0,1043,0,12600,0,0,989.9,0,10040,0,740.6,14880,11160,13200,1380,21450,10090,13590,1411,1023,794.6,0,947.6,920.9,792.1,1051,0,0,13900,0,0,0,0,0
320.15522@8.28,220.1,192.9,0,0,432,486.8,347.3,377.4,164.4,0,0,0,350,1282,381.1,391.5,180.5,2819,0,0,337.9,2656,2475,3461,292.4,3932,2818,2600,607.8,3955,2418,3056,867,367.2,226.4,368,355,0,269.8,268.2,294.1,5106,4750,0,262.3,2337,0,0
574.28129@8.28,0,1736,1376,1643,1392,2600,2165,2537,893.9,1621,1635,1833,1243,2731,2246,3302,1040,2019,1180,854.4,944.1,3596,3397,3646,1311,1674,1331,1815,1797,3342,2809,1746,1552,0,2113,2858,170.1,0,1668,1376,582,1133,3110,843.7,1088,1212,3637,1819
171.06547@8.29,0,0,0,277.5,487.3,494.9,363.6,493.1,0,385.7,0,371,545.6,390.4,467.1,460.3,393.1,1863,1158,1335,436.3,1730,1718,1935,522.3,1851,1568,1543,483.3,1372,1565,1415,0,6088,4618,7713,9161,6979,4533,4654,10660,29620,4852,17430,9841,30310,6516,16610
159.07468@8.3,0,413.1,399.8,354.3,811.1,501.6,640.1,553,292.9,509.5,477.3,364.8,595.7,741.9,651.6,419.3,0,8150,5984,1817,654.6,8385,7327,9214,408.2,8899,10320,2384,794.4,8345,10880,8412,0,0,466.9,575.5,554.6,454.6,0,0,566.2,10690,8657,11770,602.8,2974,6571,6907
319.14107@8.3,0,0,2730,0,3671,5436,1288,1012,0,4547,0,3585,1329,4601,2350,1468,587.7,40060,30570,35880,3068,46490,38080,50690,0,24960,34720,17250,1473,24150,32370,18380,3215,2704,0,1088,1172,0,1028,2707,996,34850,57750,80430,2760,18070,35310,17190
289.10145@8.3,329.5,0,424.6,280.9,0,396.7,367,0,0,383.8,422.3,293.4,0,0,311.7,0,294,0,2506,928.3,372.7,1293,1088,3135,303.5,3286,2705,0,437.9,0,0,1108,363.7,382.2,0,429.2,361.5,380.8,379,321.7,0,3280,2793,1467,394.2,1339,0,2617
146.07855@8.35,288.2,296.9,533.3,0,0,0,606.5,0,318.7,222.7,584,360.7,0,1342,610.4,714,215.6,872.2,0,392.6,0,0,600.3,914,0,1127,1139,1273,0,863,658.6,737.1,430.9,10860,8583,0,289.6,5473,0,5590,253.2,0,0,298.2,0,0,0,287.5
317.13347@8.34,0,501.6,533.7,580,629.9,953.1,684.5,565,354.4,0,578.8,649.1,512.6,704.4,0,0,411.6,0,9635,4048,0,4836,0,4863,0,0,2630,0,457.8,4493,0,0,0,0,518.3,497.4,479.9,578.3,578.9,0,487.5,7701,5410,7342,609.1,0,6501,4076
129.05336@8.36,0,0,596.3,706.1,676.6,0,725.6,0,0,0,0,0,678.3,0,0,0,551.8,17930,2971,12670,414.8,0,2922,3555,0,4456,9912,10910,596.5,3609,2470,9417,535,737.3,600.7,454.9,0,700.7,0,476.6,0,0,3320,0,649.5,3654,2165,0
316.15699@8.36,363.2,239.8,318.1,324.5,332.2,366,282.4,249.6,314,0,371.4,295.4,331.5,403.1,0,265.5,297,2496,3285,0,291.4,3271,2170,3355,344.7,2041,3058,1672,309.9,3792,2324,6360,496.6,337,347.1,348,280.5,246.1,317.9,341.2,396.7,4562,6341,17130,0,3494,0,2713
315.12922@8.37,0,0,450.4,0,1425,1320,1186,1033,386.1,0,560.1,0,660.2,1286,886.1,993.1,560.5,31030,19230,27270,1061,45420,26770,41760,525.8,27990,15840,22230,1127,48770,27640,34900,0,0,1023,1182,1589,812.6,1118,0,1537,93480,93730,90380,2983,71680,75070,59090
361.1576@8.38,272.2,0,342.4,323.1,452.5,0,0,0,0,0,307.3,0,464.3,340.4,600.3,0,255.5,2254,0,0,453.4,1075,1138,1672,382.1,4673,8530,7872,410.4,3946,896.8,769.9,646.3,398.8,596.1,0,692.5,437.7,411.4,453,438.4,1118,0,975.5,544,522.1,663.5,861.3
145.07748@8.39,384.5,0,263.9,413.1,323.3,485.2,0,455.4,0,0,396.9,0,383.4,371.3,406.2,289.2,373.6,4321,4526,4389,416.6,0,601.3,0,344.9,8574,12010,10920,316.3,1245,655.8,942.1,372.1,505,0,594.7,437.4,0,0,0,0,0,924.6,0,265.9,1025,949,931.5
171.06933@8.4,581.8,529.3,441.3,0,0,659.2,584,608.8,0,538,446.3,582.6,393.5,534.9,0,571.9,505.8,0,0,1391,671.2,1913,1674,2135,0,2043,1417,1453,522.7,1762,1484,1817,0,0,4558,5418,1756,5119,4514,3444,2067,3275,2567,3513,1445,3494,3179,0
222.1057@8.4,4309,4381,5025,0,3098,4070,4430,2636,2855,0,4402,3074,4465,3872,4987,4659,3686,3885,17150,10340,3960,1145,10730,5465,4402,5016,16220,10650,0,1167,10080,0,4137,0,3839,3232,1861,1641,3795,1519,2052,1521,11250,6069,3019,1301,9781,5096
404.96867@8.42,0,0,0,0,0,0,0,0,0,0,0,0,0,0,0,0,0,345.7,0,0,0,0,0,0,0,662.8,0,249.8,0,194.6,0,0,0,0,0,0,0,0,0,0,0,0,0,0,0,0,0,0
320.14842@8.42,0,345.1,329.8,297.3,296.8,0,335.4,332,0,332,357.3,0,240.5,415.7,307.8,334.8,196.8,0,1986,3420,213.6,3257,2172,0,239.3,2769,0,0,250,0,0,0,0,199.8,245.6,324.3,316,0,246.4,360.1,258,5439,3414,4956,292.8,3126,2002,2303
198.11919@8.44,409.5,418.3,430.1,335.6,0,487.6,0,408.3,471,0,0,376.1,327.5,0,0,0,0,1692,0,1108,0,562.6,0,0,355.9,1455,634.8,887.5,408.6,601.9,0,399.3,2515,0,0,0,1793,0,0,27950,2140,34800,12550,32110,2134,0,0,0
319.14168@8.43,804.8,1283,987.3,4063,0,0,1005,0,965.5,1658,0,1493,569.8,1211,0,633,0,0,9760,11230,0,14240,0,0,408.4,14850,0,0,0,0,0,23560,0,485.9,0,880.8,0,0,530.1,622.2,0,28450,0,26390,1032,24240,10830,12300
197.09649@8.44,420.7,0,0,481.3,431.8,526.4,0,452.3,393.9,316.5,463.7,319,395.6,479.8,317.1,452.4,298.1,14050,5738,9081,0,6807,843.3,1904,0,14960,3860,8017,423.8,10300,1034,2017,0,0,0,0,13050,0,0,0,12710,0,0,0,16680,0,0,0
251.0221@8.45,1349,12900,12290,14190,0,8609,3450,7532,1281,8633,8706,9013,0,706.5,2200,1718,459.6,1107,2413,2186,0,2552,2497,3028,1006,679.6,875.8,888.2,0,1582,1261,2686,0,0,812.5,822.7,0,939.1,792.9,957.5,0,365.8,379.6,380.3,0,384.2,265.9,0
253.04708@8.45,989.7,8386,8033,9494,0,5685,1528,3653,0,5605,5502,0,265.2,431,1301,1257,0,0,1425,1473,0,1637,1571,1841,0,364.6,608.6,622.8,0,1075,728.6,1597,0,0,533.6,1688,356.5,574.4,480.8,363.4,274.3,536.4,491.5,0,328.1,428.1,0,430.3
252.00705@8.46,0,1042,0,909.8,0,1238,0,778.3,0,1281,1047,791,0,0,189.8,184,0,0,302.7,363.8,0,278.5,0,308.4,0,0,0,0,0,0,0,251.8,0,0,154.2,0,0,0,0,0,0,0,0,0,0,0,0,0
319.03563@8.47,0,0,0,0,0,229.8,207.9,162,0,0,0,0,0,0,0,0,0,194.5,1987,0,0,1132,957.6,1723,0,0,0,0,0,1165,1018,1073,0,298.1,267.4,299.9,0,0,0,311.9,112.3,4182,3473,4043,273.9,5237,2896,3495
273.06552@8.47,0,0,0,0,429.4,402.6,0,0,0,603.4,0,0,0,0,0,344.1,0,0,3137,7848,0,3747,0,2941,0,881.1,0,0,0,656.6,0,0,609.7,0,0,0,539.4,0,0,0,0,1650,1322,1718,0,1731,1313,1458
418.9428@8.47,0,0,0,0,0,0,0,0,0,0,0,0,0,0,0,0,0,0,0,0,0,146.3,0,153.2,0,0,0,0,0,0,0,0,0,0,0,0,0,0,0,0,0,516.2,467.9,353.9,0,581.5,302.6,521.2
529.21532@8.48,0,127.4,0,0,0,119,0,0,0,0,0,0,0,0,0,0,0,0,0,201.8,0,213.6,0,0,0,0,0,0,0,223.4,180.5,0,0,0,0,0,0,0,0,0,0,643,265.8,323,0,418.1,189.9,221.4
320.05271@8.47,0,0,0,145.6,0,0,0,0,0,0,0,164.2,0,0,0,0,0,0,0,0,0,163,0,0,0,0,0,0,0,0,0,0,0,194.6,0,231,0,0,191,0,0,629.9,486.5,788.4,0,877.4,496.1,483.1
302.01722@8.47,0,0,0,0,0,0,0,0,0,0,0,0,0,0,0,0,0,0,0,158.7,0,155.3,0,164.7,0,0,0,0,0,0,0,0,0,0,0,0,0,0,0,0,0,579.9,317.8,376.3,0,809.8,420.4,541.1
314.13754@8.47,269.7,280.9,263.9,0,247,0,0,192.8,264.6,0,206,258.5,0,0,228,213.6,191.2,765.3,646.5,794.3,0,2999,620.5,976.5,199.5,520,310.8,0,0,0,572.8,0,288.8,256.1,0,196.3,0,293.6,253.9,268.8,230.1,1409,1757,1901,265,1322,2498,2864
360.08874@8.47,0,0,0,0,0,0,0,0,0,0,0,0,0,0,0,0,0,0,0,0,0,167.4,0,184.8,0,0,0,0,0,203.8,221.3,167.5,0,0,117.5,153.7,0,0,0,106.5,0,360.7,358.6,379.4,0,575.7,312.4,299.6
522.26285@8.49,153.7,122.4,114.1,124.6,156,184.5,190.4,127.5,0,0,149.5,0,0,0,168.4,0,0,896.4,0,0,0,0,276,306.7,119.6,466.4,352.6,400.5,0,259.5,211.6,256.5,0,116.2,0,0,185.8,0,130,131.6,0,330.2,0,0,0,0,0,0
278.05873@8.49,0,168.2,0,0,0,0,106.4,172,0,0,0,0,0,0,0,0,0,0,0,139.2,0,0,0,0,0,0,144.7,0,0,0,152.1,0,0,130.5,0,0,0,0,127.6,0,0,541.1,393.6,620,0,751.3,412.9,473.2
583.34251@8.49,0,503.4,0,0,191.3,394.4,319,291.9,0,0,0,0,184.4,361.5,373.8,393.8,0,0,0,291.9,151.8,717.5,476.2,953.6,177.8,327.3,0,317.1,184.3,835.3,426.7,344.5,276.2,129.3,312.5,776.2,176.3,181,210.3,311.7,0,324.5,431,304.4,245.9,334.8,423.2,0
266.13136@8.51,0,1786,362.1,2213,2178,3186,3349,2909,346.6,1679,0,1684,3005,3066,3722,2693,525.8,4015,5898,5041,3209,3967,8358,7036,1242,4082,4158,4216,2533,3802,6075,5446,4276,3030,4289,4013,3898,2785,4343,3712,4008,5956,11370,8909,4194,6580,11840,8997
406.17495@8.51,309.6,191,0,179.9,135.9,147.5,182.4,148.3,735.6,123.9,199.3,0,204.9,129.8,0,0,206.1,234.2,229.8,158.5,0,272.3,0,210.1,0,213.4,0,282.3,171.4,0,189.8,0,141,204,176.8,227.5,157.1,0,147.3,0,149.3,286.6,275.4,232.7,0,260.3,249,239.5
254.05153@8.51,196.6,837.8,1158,1012,0,0,0,0,0,651.5,678.2,639.1,0,0,134.2,0,0,0,0,0,0,176.9,0,0,0,213.4,0,0,0,0,0,0,0,0,0,0,0,0,0,0,0,264.3,210.2,0,0,276.1,197.5,0
299.12496@8.51,471.9,528.6,567.9,0,438.5,0,615.1,627.6,495.7,411.7,0,427.7,549.7,658.8,552.8,555.1,504.6,0,2486,4194,535.5,3717,3915,4811,0,4123,0,0,583.3,0,3116,0,0,659.2,607.2,602.4,717.4,599.4,511.2,544.5,696.4,13020,14290,16420,735.7,6591,6706,5434
129.05535@8.51,0,0,593.5,0,0,1089,0,793.7,366,683.9,474.5,624.6,575.2,813,492.9,619.9,544.7,3018,0,2877,711.1,2548,1996,2480,402.2,0,1869,0,642.8,2526,1871,2042,1513,806.7,831.1,891.8,991.1,931.3,758.8,641.7,806,19430,4132,0,0,17030,11320,3933
289.09287@8.54,423.8,322.3,0,371.4,331.4,352,429.4,336.7,0,417.8,284.4,436,405.9,332.8,302.1,0,0,1321,661.7,489.4,409.8,982,709.9,846.6,0,1242,804.7,944.6,391.3,1017,512.2,754.4,679.3,726.8,572.3,683.9,528.1,1296,549.5,342.2,290.4,3203,2663,1677,450.5,6093,4364,3939
237.04314@8.54,628.2,0,0,0,0,757.1,0,0,0,613.1,0,0,0,677.8,0,0,0,1127,0,2264,707.9,3234,3461,4984,535.7,859.9,911.3,1510,550.4,3631,1898,3101,1737,988.4,867,0,0,800.2,734.3,719.3,2449,0,2460,0,3095,1770,490.1,0
241.03796@8.54,0,0,0,222.4,0,0,0,0,0,0,0,0,0,0,0,0,0,0,0,287.3,0,509.6,499.4,727.9,0,0,175,192.4,0,604.2,203,342.3,0,331.4,0,0,293.1,362.5,385.6,290.2,408,0,0,922.8,462.5,0,496.7,816.9
317.14046@8.56,0,0,0,2641,1353,6313,4021,5069,0,0,0,0,590,3156,1334,1783,469,35920,18930,17410,709.9,19540,19220,24400,555.8,36550,10480,21760,821,25590,20130,23100,0,2645,3048,2650,779.7,1202,1089,1837,562.3,49560,36750,47460,967,36460,25170,25820
318.15706@8.56,0,0,0,224.6,0,764.3,618.2,569.7,246.8,281.7,217.8,0,264.6,623.5,0,429.4,264.6,2991,0,1136,279.2,1963,1815,2169,196.1,2945,973.6,2456,0,2026,1728,1931,227.5,0,390.8,383.5,267.7,338,254.9,213.8,209.9,3805,7424,3694,324.3,2428,5282,5765
231.11249@8.56,0,475.2,0,0,403.8,502.4,411.3,0,0,0,488.9,0,354.1,567,0,525.3,0,5521,2990,2846,425.5,10430,4481,12120,364.2,5392,2377,4359,376.6,11990,4305,11710,0,389.9,340.9,345.1,598.2,356.6,0,411.2,0,38890,25680,26470,709.5,36860,32710,23360
238.02972@8.56,0,0,0,0,0,0,0,0,0,0,0,0,0,0,0,0,0,0,0,335,0,502.3,605.1,525.9,0,154.2,161.4,0,0,452.5,321.7,397.4,0,240.7,224.9,212.7,239.5,247.3,0,0,0,618.2,378.4,0,344.3,0,247.8,392.1
157.07701@8.57,0,0,453,544.7,485.3,593.5,479.9,508.2,411.2,406.5,545,450.3,459.9,0,0,0,442.5,0,1206,0,0,1156,4669,0,0,0,0,817,454.3,0,23020,12940,454.7,477.5,370,366.8,0,471.4,0,462.7,0,6990,0,7299,358.2,6167,3444,4064
322.14482@8.57,0,460.9,1105,443.5,0,1654,4524,3699,264.5,417,1951,1746,0,1604,5876,3453,358.4,358,0,372.2,0,341.5,345.4,0,311.8,315.7,0,338.1,333.7,324,0,337.1,537.9,5694,4158,3759,0,5707,2008,4004,709.9,3777,273.5,2002,361.4,4299,1203,1758
384.17086@8.58,306.6,1844,358.7,0,0,472.6,404.2,444.4,361.7,0,0,0,398,837.3,494.7,1879,502.5,0,3795,5478,439.6,6398,3205,8927,524.5,9533,4812,9083,368.2,7121,7611,8621,460.2,0,475,381.3,464.3,288.7,307.5,305.5,0,7199,4693,9006,428.2,8036,3432,3653
400.16144@8.58,213.5,0,307.5,305.9,267.2,298.9,302.7,202.2,225,0,283.4,334,0,336.6,0,306.6,297.8,2101,951.8,1559,251.6,1434,504.3,856.6,211.2,1182,746.5,1153,220.8,1591,956.4,1415,286.5,266.5,0,283.2,270.3,0,288.7,297.1,250.1,943.7,691.8,1825,265.2,1130,599.4,601.2
383.16083@8.59,2077,9737,4316,6891,576.1,3051,1981,2357,3226,9883,5966,7062,410,6029,3348,5767,2428,62360,34370,46130,2161,47460,25210,43940,2716,66060,37820,41930,2288,52860,31090,42970,772.6,2468,0,2145,492.4,678.2,1444,450,564,52040,35350,45810,674.7,40680,27290,32540
399.15339@8.59,377.7,922.7,395.2,0,222.7,0,319.8,300.8,372.2,896.5,776,860.8,389.6,553.4,379.5,592.1,363.2,6822,3905,5091,274.5,5193,3051,5300,390.4,7205,4136,4806,0,6026,3448,4952,0,241.1,0,327.8,0,0,354.2,262.1,325.6,6164,3932,4793,257.3,4950,3116,3879
103.04658@8.59,364.3,0,417,0,0,1355,1143,1258,290.3,400.8,335.5,312.1,693.3,945.4,883.6,921.5,0,4330,3435,4229,815.1,2400,2561,2642,930.7,3663,3383,3626,997.6,3922,3492,2520,2882,2570,1930,1684,1281,2182,1366,2870,1524,6345,4374,5783,2239,8222,3389,4269
191.10629@8.6,0,930.5,908,995,1553,651.5,0,619,620,916,851.9,831.7,10050,1092,775.7,683.2,0,0,928.2,754.9,2631,32890,21570,32800,740.8,721.5,831.2,0,5736,37480,16260,20920,623.5,757,0,829.4,800.6,0,865.7,628.5,0,730.2,0,963.6,761.2,839,932.8,930
388.14555@8.62,150.7,0,0,0,0,0,130.3,0,0,0,0,0,0,0,120.5,140.9,0,0,0,150.8,0,0,201,172.2,189.7,137.5,152.6,0,0,0,0,0,172.7,980.1,0,0,0,1404,213.6,244.6,0,212,148.8,160.6,0,0,0,150.1
425.20245@8.63,510.5,635.2,516.1,0,0,419.4,512.8,545.5,486.5,445.7,487.4,505.2,520.4,532.9,420,0,487.8,704.3,424.5,543.2,0,0,565.4,599.7,405.7,0,0,472.8,0,581.6,0,0,537.3,437.6,552.5,519.6,514.3,0,501.8,548.3,531.4,464.8,13140,10970,516.6,636.8,27580,20250
494.20343@8.63,0,137.5,0,0,0,0,0,0,0,0,0,0,0,0,132,0,0,154.8,0,0,0,262.2,278.7,661.1,0,0,0,176.6,0,128.9,0,0,0,0,0,0,0,0,0,0,0,138.2,0,0,0,0,0,0
309.03709@8.62,0,557.1,0,0,0,0,0,0,0,0,0,0,0,0,0,0,0,0,0,534.4,0,1474,1483,1878,0,0,0,0,0,991.4,304.5,483.9,0,0,0,0,0,0,0,0,0,0,0,0,0,231.3,0,0
305.06964@8.65,325.7,357.7,0,0,0,0,0,0,349.7,0,0,304.3,248.4,0,0,235.2,291.9,0,0,0,315.4,1297,728.4,1547,215.4,0,0,0,0,944.1,365.6,390.2,0,0,0,181.7,0,0,0,0,253.5,0,0,0,261.5,0,0,0
311.11948@8.66,815.8,810.6,835,851.7,773,759.7,749.1,620,795.7,792.2,853.9,809.6,0,797,647.7,704.7,833.9,23650,1676,4846,802.5,2126,1311,1708,718.8,4278,2229,25780,0,16450,4223,1884,1356,562,714.1,701.7,0,693.8,752,651.9,862.1,2854,2829,3246,702.7,998.1,0,1005
198.12296@8.66,417.3,451.2,449.8,0,499.7,410.5,379.2,285.6,329.1,0,417.1,399.3,0,0,411.3,394.3,279.1,0,393.3,371.7,298.9,455.8,425.5,446.2,0,324.7,405.1,454.2,256.7,403.4,441,408.5,0,0,22750,51640,5833,61480,22140,0,5638,0,33640,0,7326,0,39520,94210
323.04093@8.66,0,0,0,266.4,0,0,0,0,0,0,0,0,0,0,0,0,0,0,0,3393,0,22740,11990,20130,0,393,1117,1050,0,11020,3353,6123,0,0,0,0,0,0,0,0,0,604.5,1149,0,0,0,295.5,0
325.05019@8.66,0,0,0,0,0,0,0,189.8,0,0,0,0,271,309,108.7,0,0,0,1485,2996,0,11430,7858,13290,0,585.3,840.8,903.7,0,7059,2006,4900,0,0,0,0,0,0,0,0,0,473.7,1146,1132,0,0,166.2,152.3
326.04026@8.68,0,187,0,0,0,0,0,0,0,0,0,0,0,0,0,0,0,0,298.5,639,0,2693,2002,2460,0,0,0,0,0,1740,477.3,764.6,0,0,0,0,0,0,0,0,0,132.3,202.4,0,0,0,0,0
253.05551@8.68,0,0,0,0,306.9,0,28750,0,0,0,0,0,421,632.6,0,1480,0,0,0,0,0,355,245.2,0,0,376.2,0,0,360.4,432.6,235.5,0,688.9,12550,59410,0,0,8463,38280,18370,0,0,262.3,356.9,0,334.4,284.8,0
256.05516@8.68,0,0,0,0,0,0,0,0,0,0,0,0,162.2,128.2,356.3,0,0,0,0,0,0,0,139.3,0,0,0,0,0,0,184.9,0,0,0,281.4,1718,0,0,330.2,1041,494.8,168.1,0,0,0,399,268.8,266.7,324.5
407.19028@8.68,319.8,0,393.8,387.7,430.5,331.2,0,0,374.5,0,402.1,0,327.3,438.9,368.7,371.9,0,67100,484.2,0,0,0,0,0,0,0,0,0,397,0,0,0,370.5,0,377.2,0,412.7,0,0,402.8,0,0,0,328,374.3,289.2,379.6,299.9
252.0131@8.69,0,0,0,0,0,0,6882,4665,0,0,0,0,0,0,4805,500.9,0,0,0,0,0,130,0,146.8,0,0,0,0,0,0,0,0,0,2142,14300,3997,0,2247,8896,5494,0,180.4,0,0,0,0,0,0
348.12917@8.68,0,0,162.4,199.8,201.2,0,143.3,213.2,225,742.6,614.8,1015,0,135.5,0,193.3,0,272.3,0,0,0,291.5,445.5,396.5,0,0,336.6,219.3,0,265.4,295.5,302.4,0,210.2,0,169.9,0,0,253.1,214.4,0,221,251,295.4,0,175.6,264.8,292.3
299.12219@8.69,415.4,426.9,612.2,471.3,731.1,913.5,623.7,707.8,0,0,532.3,539.2,548.5,1163,723.8,566.9,389.5,0,0,7463,616.2,8991,8429,10180,504,7572,0,7198,615,0,6333,6775,0,506.1,533,429.8,1193,519.8,476.1,503.3,981.6,15640,18230,19490,992.2,7961,8103,5128
533.25021@8.7,0,0,0,0,0,0,0,0,0,0,0,0,109.9,0,0,0,205.8,785,221.4,0,0,0,0,269.7,0,876.8,250.9,613,0,710.3,152.2,274.2,0,137.8,0,0,0,0,0,0,0,0,159.6,0,0,0,206.7,0
405.19608@8.72,240.6,0,270.3,299.2,221,361.9,209.4,334.7,284.6,0,318.9,0,0,330.6,209.2,311.9,0,3383,2582,6689,277.3,5258,1640,4434,274.7,13500,3235,8511,283,4975,1193,3898,255.8,337.2,234,277.4,278.6,282.4,0,298.7,285.4,11750,2280,7359,252.7,5827,458.3,2864
192.13737@8.72,0,0,0,0,2770,5938,5886,3616,0,0,0,0,2053,6906,6375,7377,1776,0,0,4584,1953,6331,10660,11570,2176,6201,4001,4757,2214,5273,6054,4952,3573,4218,6366,8630,4951,5628,5594,6810,1965,5097,13960,0,2373,7243,9889,0
251.03231@8.71,0,96890,149900,105000,741.2,25850,96710,61810,0,23730,120300,54210,271.4,1751,33330,3897,0,0,688.6,231.4,0,0,0,213.9,233.4,324.6,0,0,0,244,0,181.2,982.9,20400,145300,51390,416.8,23670,118200,38900,556.7,0,0,468.9,676.1,0,0,329.1
253.0359@8.72,0,0,100800,69420,0,11820,63130,29200,0,0,79730,0,286.6,1266,21570,2379,0,0,411.9,231.1,0,0,0,0,0,0,0,0,0,0,0,0,0,0,97570,25060,0,13310,56140,25450,288,453.4,0,0,537.1,302.9,0,308.7
159.08185@8.73,427.9,500.2,441.4,559.9,0,4604,0,0,310.8,415.6,468.2,0,596.5,0,0,650.8,415.6,0,684,1193,790,0,748.9,0,468.5,723.9,0,1057,727.6,0,838.9,868.1,0,3370,802.4,2486,491.5,2726,707.2,0,511.6,19770,1951,10930,593.6,19480,1689,11060
255.04025@8.72,401.4,10880,0,11560,0,2964,7640,6619,0,2534,0,5963,179.9,211.5,3553,0,0,0,577.5,219.6,0,403.9,0,277.5,0,0,0,0,158.2,0,0,0,0,2102,17120,5562,430,1521,13290,0,0,699.1,703.2,780.2,1106,0,861.1,1322
191.12839@8.73,9951,41360,30940,33460,20880,52250,41340,30290,19830,43690,35300,36760,15790,57560,55450,65970,14880,37360,38590,49910,18010,59410,96650,107500,16740,42710,32350,39850,16170,52010,50060,40750,31700,34570,54850,79570,40500,45080,45570,60400,14120,47920,118900,97610,22790,75040,104000,79030
331.13868@8.73,653.7,822.6,0,1745,0,0,0,370.4,0,784.9,0,1107,198,0,248.9,343.8,0,679.8,1248,0,208.5,0,0,0,0,0,360.3,458.1,0,0,0,0,0,233.6,0,0,0,0,316.6,0,0,0,0,0,427.2,0,0,0
236.18248@8.74,5105,22280,16790,17520,7912,27730,21410,16450,0,23390,19230,19560,7684,30570,29410,35090,7675,2992,20890,26890,7770,27490,49660,54590,8593,23020,14920,19890,8201,22820,18920,19210,15960,17500,27780,41380,20130,22400,22510,30340,6595,23390,43950,48880,10680,36440,53480,38670
256.04148@8.74,0,913.9,2355,0,0,300.9,1626,606.6,0,263.4,1942,556.7,0,0,361,0,0,0,0,0,0,0,130.8,0,0,0,0,0,0,0,0,0,297.1,0,0,562.1,223.4,0,0,586.3,0,0,0,339.2,325.3,310.2,432.2,378.5
143.07529@8.74,296.6,0,339.5,0,0,817.5,514.8,508.3,0,0,0,0,0,743.6,653.7,764.7,264.2,7284,0,5937,0,5736,1467,2401,426.4,10360,2081,9056,440.6,5465,1551,2137,507.5,800.4,536.7,460.5,0,726.3,559.8,519.7,455.6,14580,2481,0,404.8,6469,1601,2151
321.04644@8.76,0,0,0,0,0,281.8,1176,477.2,0,0,0,0,0,0,0,0,0,0,0,0,0,0,0,601.2,0,0,0,0,0,0,0,0,0,0,0,0,0,0,0,0,0,0,0,0,0,0,0,0
407.20818@8.76,392.4,485.3,354.9,336,420.6,1460,472.1,518.7,0,12490,3658,7715,387.1,0,0,0,303,0,16570,45380,0,30490,9139,24290,0,115500,29110,78450,343.9,29810,8944,23090,395,0,433,519.8,0,377.8,382.6,412.3,373.3,130000,22360,82990,288.9,57610,8707,28410
440.09931@8.76,0,127.1,0,0,0,322.1,1265,1262,0,0,0,0,0,0,1865,0,0,0,0,0,0,0,0,125,0,0,0,0,0,116.7,0,0,0,242.4,412.5,749.4,0,222.4,230.7,258.3,0,0,0,0,0,0,0,0
245.13426@8.76,488.9,0,446.3,0,396.5,992.9,619.3,830.1,643.2,0,0,0,599.7,825.3,790.4,915.8,412.5,0,2900,17550,0,12760,2359,11350,0,41470,13560,29630,483.3,12350,2192,11340,347,632.6,589.4,713.4,0,0,553.9,624.2,0,51030,12340,33650,408.4,24000,2001,13520
385.16673@8.76,630.9,0,0,0,1181,0,3821,5846,0,0,0,0,2655,22680,10340,20180,0,45460,0,0,5420,0,40730,55050,5376,54920,53650,58370,5892,51190,51060,55920,1320,4289,5188,0,1116,3375,0,4235,0,27910,0,3147,0,2876,0,0
170.08754@8.76,303.7,0,327.1,0,314.1,356.8,0,346.8,213.8,0,310.3,311.2,322.5,318,222.3,336,245.7,400.9,346.3,358.5,248.9,447.4,432.6,552.2,0,0,287.6,348.7,318.4,425.3,0,384.6,490.5,7100,758.5,4937,434,6933,731.4,4338,400.8,3808,1125,9200,403.9,3959,3690,2313
311.12469@8.77,771.3,0,585.3,808.4,0,745.8,790.4,803.4,777.6,762.3,807.9,829.3,602.6,0,624.2,744.9,570.6,0,0,20760,744.8,12830,5501,11260,0,33290,13930,0,688.6,0,4778,11870,733.6,0,0,555.1,0,0,0,617.9,543.8,1070,1652,0,545.3,1042,1244,0
197.15891@8.78,316.9,305,311,0,0,209.1,327.7,0,296,0,0,0,255,308.7,360.7,255.8,0,338.5,0,0,420.2,401.2,364.4,496.4,0,323.2,270.8,368.1,405.4,0,0,343.3,0,24430,0,0,0,16950,0,0,0,50870,0,0,0,80610,0,17680
199.09669@8.77,0,451.9,373.9,374.3,339.5,480.9,442.6,467,347,405.5,325.7,0,305.5,372.1,0,365,331.9,587,0,594.8,458.7,609.8,0,660.5,298.8,592.5,0,487.8,329.9,561.3,553.8,625.7,5006,15220,14350,9140,3317,14910,15450,0,3681,74240,23580,57820,3825,96870,26300,16250
287.06458@8.78,0,0,0,0,1336,3497,2874,2916,0,0,0,0,641.6,2192,1635,2353,0,0,0,0,729.4,5869,5458,7480,0,588.9,433.5,0,731.7,6209,3582,4776,0,2037,1284,596.1,562.7,1864,588.3,550.9,209,1622,1743,0,487.4,2404,855.7,1447
145.08509@8.78,0,0,395.7,0,416.8,684.6,587,547.4,380.4,606.5,424.5,452.7,564.7,594.2,445.1,0,0,60280,2022,1893,500.2,1351,1134,1158,0,0,0,0,513.5,0,836.4,945.7,0,436,610.5,0,554.7,497.4,0,572.1,514.9,1712,1086,1676,0,1218,1109,1175
246.18934@8.77,2282,332.8,274.3,221.1,0,0,0,0,214.2,0,324,407,0,0,0,0,0,59900,775,1495,0,0,0,0,0,0,0,0,0,0,0,0,0,0,0,0,0,0,0,0,0,4439,0,2951,0,2297,403,1032
442.08304@8.78,0,0,0,0,0,290.5,770.8,527.5,0,0,0,0,0,0,1458,0,0,0,0,0,0,0,0,0,0,0,0,0,0,0,0,0,0,0,308,0,0,0,224,0,0,0,0,0,0,0,0,0
408.21406@8.78,231.5,305.8,197.6,218.6,180.3,412.1,243.3,0,852.7,1770,1164,1298,220,193.5,243.7,0,238.6,0,2666,8178,225.9,4913,1399,4176,226.9,0,3032,7974,0,3248,2855,7205,238.3,0,0,224.9,192.8,199.1,189.6,0,235.1,22930,3184,12130,0,9542,1569,4377
289.0143@8.78,0,0,0,0,0,0,0,0,0,0,0,0,0,0,0,0,0,129.7,0,0,0,0,0,0,0,0,0,0,0,0,0,0,0,0,0,178.7,0,264,0,0,0,451.9,0,372.5,0,944.3,0,301.6
297.0099@8.79,0,0,0,0,0,0,0,0,0,0,0,0,0,0,0,0,0,0,0,0,0,0,0,0,0,637.5,360.9,0,0,0,0,0,0,0,0,0,0,204,0,0,0,845.2,0,367.1,0,1376,115.8,373.7
387.17445@8.79,0,0,0,0,365.3,571.7,316.3,548.6,0,0,0,0,319.4,1460,717.3,1074,320.9,19130,1438,1749,475.8,2142,2101,2566,410.5,0,0,0,0,2274,2351,2499,0,0,494.9,0,314.5,356.2,405.6,0,350.5,1640,3861,1389,319.8,1122,1395,0
389.2115@8.8,0,0,0,0,0,0,0,0,0,0,0,0,0,0,0,0,0,64560,0,0,0,0,0,0,0,0,70180,58810,0,0,0,0,0,0,0,0,0,0,0,0,0,3503,0,0,0,0,0,0
317.13306@8.78,409,0,0,1571,916.5,1257,1187,1239,0,0,1858,0,656.6,1167,1030,0,764.7,0,3133,5183,667.2,7047,6884,8308,789.9,3388,9055,0,718,7596,6056,6776,1326,780.2,2168,1323,841.4,797.3,1668,1063,869.9,9716,12890,11550,888,6116,9085,7487
197.07558@8.79,5368,2015,3138,1784,1744,2871,1306,1852,1991,1439,2180,0,2173,1461,807.1,1320,961.4,888.2,759.7,901.2,2745,1526,1757,1742,1754,979,0,0,1435,648.8,929.5,1005,0,0,0,255400,75390,0,159500,0,82030,289500,212300,285400,88930,289800,235300,286500
198.11361@8.8,908.5,0,333.9,0,801.8,0,0,650.6,284.3,0,311.2,0,658,699.9,647.7,729,0,910,338.2,0,593.2,0,0,639.7,1329,724.2,817.2,747.9,890.9,806.9,726.9,645.2,0,0,0,76150,14310,0,38250,0,15770,185900,60860,146600,17430,210300,70710,153600
345.16842@8.8,0,828.7,0,0,511,0,605.6,702,0,0,716.2,0,516.5,2264,904.8,2207,616,2353,3438,3683,683.5,6774,4912,5370,0,4499,1905,0,0,2350,4366,7742,574.2,0,734.6,720.8,606,595,608.1,0,531.1,6022,5140,5245,606,5672,4489,4855
393.17255@8.8,0,525.7,405.7,418.9,474.2,0,0,0,435.1,468.7,0,338.1,431.2,444.4,428.2,422.5,486.7,492.3,1814,1103,412.3,2835,35990,25400,405.5,0,2028,1352,414,2703,14540,6807,0,419.1,354.2,431.7,336.3,394.1,426.4,0,403.9,519.7,5374,3255,418.9,361.9,2522,464.3
401.1526@8.8,0,1429,1221,1209,349,764.8,480.1,639,284.2,1293,1112,625,0,2626,906.1,2741,407.5,4596,3972,4897,518.4,5568,5290,6754,0,4968,4538,5640,598.4,7181,6205,6949,350.2,0,549.5,529.8,0,0,387.8,0,368.4,3889,4342,4848,334.9,3380,3887,3811
386.1721@8.8,0,2546,0,0,0,884.7,538.4,1255,1413,1082,1729,1801,815.6,2902,1420,2685,1196,0,10580,5451,1262,5956,8278,6581,402.7,13040,11510,0,1303,0,6214,6325,567.5,0,638.7,1078,0,440.9,473.2,813.2,338.6,5734,4075,4105,226.2,5253,6219,3218
352.22462@8.81,283.3,374.3,2216,1544,2638,4214,2837,1832,0,1468,469.5,2239,2944,3789,3478,4303,1210,3713,3242,2546,3232,4551,4677,7172,807.5,3151,2389,2585,3937,4679,3479,6103,4456,2090,2495,2565,4555,1193,3465,2949,3460,3553,4679,5090,4673,2381,3040,3949
361.1409@8.81,0,0,0,0,459.8,2985,812,1060,269.1,404.8,477.4,555.9,387.4,573.2,549.8,665.7,312.8,3526,2695,3636,376.2,5499,5048,8275,289.2,2019,1962,2084,342,3587,2600,3468,0,340.7,715.4,514.1,299,454.9,536.6,375.7,329.5,2061,3540,3560,0,1354,1356,1402
385.15943@8.83,3905,9778,6212,8829,3123,7590,0,0,6436,9553,8336,8435,1427,0,0,0,4706,0,44250,47640,0,45920,0,0,0,0,0,0,0,0,0,0,3282,0,0,5097,3308,850.6,4045,1203,2665,0,33190,34630,0,25730,30670,29250
461.17263@8.84,147.5,0,0,0,258.9,186.3,0,360.7,153.4,0,0,200.7,0,0,208.7,0,146.2,253.2,281.9,699.9,0,156.7,237,474.6,273.7,0,486.4,291.7,0,0,0,136.4,0,252.1,276.3,209.9,0,271.1,0,228.7,199.9,0,251.6,266.8,253.9,261.1,263.1,166.7
246.23011@8.84,20560,34390,46040,50250,34220,56570,61450,56590,22430,41500,35920,44550,34160,50750,64230,67310,14790,0,66920,15660,26900,117900,110000,129400,24270,58310,64840,51800,32120,94570,110000,63740,13430,5718,21150,23810,5277,5195,20320,15640,5456,21970,40830,21520,13200,15660,39920,27380
471.2069@8.85,220.6,0,242.6,197.3,254.3,270.8,0,215.8,237.2,0,187.7,240,195.9,0,0,192.9,262.8,272.5,251.8,276.2,236.9,0,275.3,0,175.6,269,195.8,0,183.4,294.1,292.8,0,200.1,14830,1210,4645,169.4,18320,726.2,6595,258.9,12230,882.3,3432,179.9,4727,685.5,1839
247.22168@8.85,0,3083,0,0,3919,6816,7517,7048,0,0,0,3951,5091,6546,7913,11030,1856,0,8912,7846,3350,15930,13620,16680,0,6404,6982,0,4775,10790,14730,7532,0,0,2848,2913,696.1,643.9,2689,0,686.6,2682,4838,2736,1779,1995,6364,4263
375.15585@8.86,294.5,248.9,271.7,0,345.4,268.5,329,0,0,0,214.4,0,238.7,289.3,0,336.8,356.7,359.1,1492,519.1,0,858.6,13970,6065,322.8,0,1331,1224,0,597.9,3095,1353,265.2,275.9,280.9,308.7,227.3,331.4,317.5,280.1,0,396.2,670,0,265.4,341,529.1,372.6
533.24198@8.85,0,0,159.1,0,0,0,0,0,0,0,0,0,0,0,0,0,0,0,239,251.4,0,202,124.6,0,0,0,166.1,255.9,0,213.9,221.6,0,172.8,413.3,0,0,0,294.9,193,284.6,0,3109,236.1,407.5,0,1561,265.4,1160
327.10225@8.86,0,0,340.3,452.8,235.6,465.6,0,299.9,0,335.1,0,0,0,542.1,379.2,0,0,0,0,2407,549.9,15510,788.9,1047,0,2749,0,0,0,1470,2424,1645,0,0,0,375.9,380.7,0,0,0,0,1617,1995,1925,303.2,1675,1674,1777
246.12522@8.87,265.2,260,239.2,269.5,0,0,225.5,251.3,252.4,0,327.4,286.3,273.8,246.4,0,0,266.1,0,520.9,0,304.4,0,572.6,0,275.3,0,0,0,234.4,481.1,433.9,0,235.3,2502,2814,3531,214,2565,2471,2916,189.1,0,1446,0,0,0,2650,0
378.15462@8.87,0,228.6,217,0,191.9,192.7,0,244.7,144.7,0,178.1,222.2,206.7,209.5,198.7,189.9,0,0,0,380.8,226.4,5795,7472,15280,227.5,327.2,308.4,528.1,146.5,6453,1998,4450,230.2,233.5,255.9,225.3,221.2,0,194.7,158.2,136,322.9,474.1,306.3,0,200.7,226.6,0
472.1819@8.87,323.4,0,139.8,0,0,0,0,0,111.8,0,0,263.7,0,0,0,0,0,993.6,1782,1154,0,209,0,531.1,0,1161,2313,1671,0,369,445.5,608.6,0,0,675.4,1161,0,0,191.8,0,0,4457,0,832.8,0,1316,255.6,486.7
472.29068@8.88,1556,3960,3578,3944,2546,5446,4885,4150,2168,3961,4093,4671,2815,5700,4860,6294,2392,3931,3137,3625,2136,8619,8338,9371,2334,4101,3251,4460,3306,7289,6724,4318,2954,0,4685,6356,235.4,0,4105,2680,3530,1213,7367,2085,2505,5992,7845,6407
241.03826@8.9,0,0,0,0,0,0,0,0,0,0,0,0,0,219.2,397.4,186.7,0,0,0,0,0,0,0,0,0,0,0,0,0,0,0,0,1394,1150,2636,1640,1211,1312,0,1855,0,793.8,0,939.3,1659,0,2039,0
387.18031@8.88,372.4,598.3,0,0,356.8,584,459.4,498,2618,2227,2134,2470,0,0,372,322.6,367.1,31590,28770,30270,332.5,934.6,951.8,0,330.5,54250,55630,52030,0,0,1031,1090,0,474.6,2542,556.9,302.4,418,0,0,289.9,2508,1491,4244,0,876.8,2709,895.8
290.24179@8.9,0,2405,3094,3298,2227,3709,4049,3827,1502,2800,2393,3412,2034,3487,3976,4365,935.7,3881,4272,4533,1772,8311,7580,8986,1758,4065,5136,4407,2422,6786,6956,4144,1204,419.8,1531,1765,443.8,381.2,1518,1282,392.6,1450,3081,1071,794.9,1177,3246,1865
145.07893@8.9,496.9,586,551.1,588.3,611.7,0,548.3,555.7,5970,4207,4574,4857,389.6,431.1,469.1,450.1,0,0,56480,55300,0,6926,6425,7134,513.6,104900,111600,103300,398.6,8395,5914,6269,829.1,1670,496.8,477.9,410.8,0,553.4,877.8,425.6,13080,17810,7061,2055,9546,11460,1752
286.12268@8.9,244,330.8,236.8,298.5,498.3,1289,897.9,1108,292.6,0,321.9,0,344.9,952.1,1116,895.7,323.7,0,885.3,878.2,321.3,2464,4100,3767,223.8,709,805.8,1288,329.5,2342,3655,3445,1333,1320,1972,1880,598.4,1301,1909,1370,820,9845,14170,13470,791.4,5788,9101,7340
420.17815@8.91,181.1,1206,0,0,0,0,0,216.4,0,209.3,1316,255.5,0,223.2,184.8,181.4,0,282.3,320.6,551.8,0,362.8,484,914.3,155.5,578.2,311.7,342,0,664.9,360.4,0,172.8,186.7,224.3,0,177,0,0,165.4,118.9,351.2,337.7,350.2,0,393.7,253.2,300.7
264.12438@8.93,4108,2946,3654,3713,6182,5757,6340,6182,4136,2922,2878,3111,5800,4592,6635,6087,3673,4429,36850,18630,4660,1113,32470,9225,3719,4292,32290,17580,5939,1224,30570,8025,5011,3678,4977,4244,4746,3542,4217,4202,4397,4090,31130,17010,5443,2946,29810,13940
297.12605@8.95,752.8,847.4,0,674.6,1499,834.6,853.2,830.9,795.5,0,0,909.8,870.4,1215,821,769.6,0,22720,15270,17410,858.4,12240,11120,12570,789.8,18300,14980,16290,965.2,12680,10360,9421,0,0,893,857.2,3157,0,813.9,770.8,2697,20940,26160,27020,2705,18400,16210,20120
327.9832@8.97,0,0,0,0,0,0,0,0,0,0,0,0,0,0,0,0,0,0,0,0,0,0,0,0,0,0,0,0,0,0,0,0,129.2,282.8,789.2,365.8,0,270.4,0,403.9,0,176.7,0,150.7,0,232.5,194.5,0
436.12501@8.97,0,1085,730.2,680.1,0,0,0,0,0,0,1036,283.6,0,0,0,0,0,182.2,0,235.6,0,175.1,0,167.4,0,0,0,0,0,0,0,612.9,0,0,146.2,0,0,0,0,0,0,0,170.8,225.3,0,0,0,0
298.98079@8.98,0,0,0,0,0,0,0,0,0,0,0,0,0,0,0,0,0,0,0,0,0,0,0,0,0,0,0,0,0,0,0,0,0,223.7,395.6,390,0,268.2,633.4,308.1,0,159.2,0,0,0,278.6,0,167.7
239.0784@8.99,515.7,0,0,766.4,647.1,0,0,0,0,353.8,642.8,479.4,636.6,890.6,2077,0,577.3,0,1545,1559,0,0,0,0,0,0,0,0,691.6,3193,0,0,14630,44930,65940,66810,11740,50040,66330,64180,13030,28540,47150,46100,18920,36750,48800,53580
317.14422@8.99,0,0,0,0,806.9,1106,1030,951.4,0,0,406.8,0,852.8,1165,1060,1233,891.4,7108,6238,7419,832.9,11770,9800,12440,747.6,9658,7318,8084,844.9,10820,8815,9850,1594,3180,3191,3575,1064,2776,3101,3049,1199,39330,36770,44990,1549,26580,25770,29390
516.27777@8.98,0,0,0,0,0,158.1,0,150,216.2,0,200.1,0,177.3,0,181.3,0,0,276.5,183.9,0,189.3,203.9,0,2422,0,263.4,0,322.9,217.5,0,0,208,157.5,211.9,0,0,0,0,163.7,0,155,0,215,215.9,0,280.7,0,179.6
351.99209@9.0,0,0,0,0,0,0,0,0,0,0,0,0,0,0,0,0,0,0,0,0,0,0,0,0,0,0,0,0,0,0,0,0,0,1809,2799,2830,238.7,1665,2771,2619,212.2,1087,1765,1873,506.9,1837,1884,2056
391.16645@9.0,343.1,276.7,290.9,330.6,0,0,374.3,411.7,362.2,339.2,254.1,254.9,337.5,360.7,297.6,341.1,351.7,2804,0,2682,0,3724,6765,8885,337,2067,4198,6680,349.6,1462,3539,7241,320.2,0,393.1,311.8,305.3,434.1,318,398.6,333.3,498.2,420.8,0,0,370.2,295.5,304.6
199.08281@9.0,0,450.6,0,399.1,938.8,1791,1514,1398,394,0,365.4,0,490.2,776.2,727.2,885.9,304.1,3589,4065,3647,447.9,5415,9201,7745,442.4,3715,3828,3454,561.9,6916,8720,7592,1493,2909,2476,1940,947.5,1982,1707,1932,1041,23370,40390,31250,1521,22790,29920,25400
257.11292@9.0,1709,1667,1737,1831,1689,7220,0,1523,1780,1404,1786,1792,0,1643,1749,1614,1611,0,14270,8347,1661,13430,14460,15730,1777,8301,9824,5089,1462,10480,17210,13710,1300,7607,9372,10150,1748,9446,10240,7662,1648,31330,50520,42420,3361,26330,41810,34040
171.09059@9.0,0,0,0,412.9,2332,3758,2894,3430,0,0,573.3,427.3,874.6,2147,1557,1871,541.6,7573,9324,6409,1163,15140,24190,21020,878.2,7849,9712,7172,1559,16130,21640,17020,0,5635,5252,5820,2247,4533,4255,4392,2228,53660,100600,79310,3891,52990,77410,63260
347.18303@9.0,481.5,0,426.9,0,1778,0,0,1917,420.7,453.1,0,0,0,4066,6185,2460,517.4,11740,8513,2505,3086,4248,3665,2874,433.5,5908,0,0,2304,0,2508,3059,6651,0,0,6624,12470,6576,5669,4143,4190,6057,2765,2716,7463,2768,6932,0
189.08474@9.01,0,483.2,0,2188,2230,4484,2810,2761,0,1610,569.6,584.6,842.8,2064,2020,2584,764.2,6133,5472,4707,935.7,6324,10410,8172,870.3,4131,5346,4304,1566,7251,9438,7691,1940,3051,2628,4823,2261,3974,4881,4905,1794,19810,34910,26130,2636,18050,28370,22550
153.0729@9.01,1235,1299,1196,1049,1439,2251,1866,2054,1222,1238,1171,0,0,1414,1333,1345,1166,1494,5188,4057,1165,8248,15520,14610,0,5222,8038,4364,966,8086,13890,11520,0,0,2615,3348,1339,2302,2418,2234,1529,31330,56240,46580,2394,31550,48410,38060
420.14215@9.0,0,687.9,882,536.2,0,0,0,0,0,0,678.4,0,0,0,135.6,0,0,0,0,199.5,146.2,0,0,284.5,0,231.2,279.9,273.3,0,139.9,253.9,267.9,0,0,0,0,0,0,0,154.1,0,192.3,235,262.6,0,0,0,0
532.27236@9.02,189.2,144.1,233.6,207.4,0,160,0,0,0,217.7,209.6,172,0,0,131.9,0,0,1152,2472,1551,136.2,0,2227,1068,0,1946,1480,373.8,0,0,1336,1443,213.6,161.4,206.4,0,0,155.9,0,0,184.4,983.6,831.1,895.7,199.2,182.3,302,349.6
332.1336@9.02,411.5,837.8,0,927.7,0,0,306.5,0,379.1,302.5,1122,822.4,0,0,0,256.3,212.3,344.4,433.8,0,0,353.6,0,370.8,180.6,0,0,0,0,0,373.1,332.7,296.7,0,1040,519.1,0,280.1,1954,661.6,0,387.8,1875,1167,0,0,955.3,0
347.20491@9.02,0,28760,0,17900,2320,3068,3646,2031,0,14460,8731,14410,2384,4408,7720,2236,411.2,0,4432,38200,3326,5281,5328,3960,433.5,2531,30860,24090,2056,0,10220,4134,7972,8796,5535,8946,15070,7551,6544,5812,5130,7872,3229,4525,11270,3821,10280,2000
289.05647@9.02,0,0,0,0,0,302.3,397.2,0,0,0,0,0,0,383.4,0,0,0,1093,0,0,0,2305,0,0,0,1153,398.3,730.4,0,870.5,0,0,0,0,277.2,641.3,0,0,0,0,0,2670,2223,2605,601,1851,2000,1738
128.02993@9.02,0,389.2,385.4,407,618.6,640.6,614,600.6,450.8,0,0,0,0,467.7,424.3,496.8,408.2,2259,1799,1230,393.5,1960,4475,2164,0,2271,8584,0,360.2,1925,1844,1942,0,0,1183,763.2,543.2,1012,662.5,0,501.7,12980,16890,16990,1336,11920,13640,12060
330.02946@9.02,0,0,0,0,0,0,0,0,0,0,0,0,0,0,0,0,0,150.7,0,0,0,0,136.2,0,0,206.3,0,0,0,0,0,0,0,0,0,0,0,0,0,0,0,308.3,381.9,284.9,0,304,456.8,328.2
129.05925@9.03,476.6,0,594.9,674.9,675.2,1007,759.5,845.8,445.6,557.1,636.2,649,435,0,0,654,0,11970,3070,3168,609.2,2952,3186,3207,603.9,12430,14430,3475,458.4,3025,9245,2717,575.7,0,719,921.7,0,722.9,0,0,770.2,13410,6999,7674,871.2,5309,10880,13050
291.01322@9.03,0,0,0,0,0,0,0,0,0,0,0,0,0,0,0,0,0,0,0,0,0,0,0,159.9,0,307.2,0,180.5,0,0,0,0,0,0,0,0,0,0,0,0,0,256.3,487.9,441.2,0,240.5,366,228.3
143.0762@9.03,0,0,0,0,2455,720.9,819.3,888.8,1038,0,2546,599.3,828.8,694.2,499.5,0,808.8,9284,0,0,0,7625,5473,5341,0,12040,37570,20300,744.9,8250,5054,4550,605.9,730.8,1410,1571,669,1217,919.4,677.8,591.9,17100,15030,25890,2244,14010,17750,15540
273.09287@9.03,1340,0,1359,631.6,683.6,0,0,0,833.1,0,561.9,1116,0,0,0,0,349.6,1361,1142,0,0,397,824,0,0,0,0,983.3,427.2,0,0,557.2,0,459.4,0,0,0,0,0,348.7,284.1,705.9,1011,797.9,506.8,972.6,822.3,726.6
489.2518@9.04,248.3,186,169.5,226.5,202.5,0,221.7,215.6,706.5,0,210,0,0,222.3,184.4,189.1,0,221.9,254.8,395.6,197.8,283,250.5,0,258.4,1130,256.8,0,260.4,259,179.6,246,257.2,420.1,274.3,277.1,0,367.7,232.9,268.7,228.9,13810,916,3239,239.9,3956,486.3,1265
565.22782@9.05,0,0,0,0,0,0,0,0,0,0,0,0,0,0,0,130,0,978.3,252.9,793.6,0,843.1,0,780.7,0,2180,0,907.1,0,938.5,247.9,558.4,0,151.5,0,193.7,0,144.2,0,163.3,0,581.8,248.3,0,0,330,219.6,0
245.13505@9.05,1117,506.8,518.6,0,1063,0,0,747.1,1382,511.1,0,0,0,432.3,570.7,583.8,898.7,15390,0,0,451.7,0,4632,0,906.6,29230,50920,26320,0,1828,0,4641,989.9,519.6,0,0,0,654.6,0,620.9,0,0,0,0,0,0,0,0
391.19432@9.05,347,0,324.8,271.4,449.6,553.6,431.7,490.2,0,0,0,0,0,297.1,374.5,0,479.1,8259,0,0,384,0,2426,0,0,14000,29700,14270,0,927.2,0,2070,520.2,435.1,409.5,493.3,269.5,370.5,0,445.7,341.3,0,0,0,0,0,0,0
566.23484@9.06,0,0,0,0,0,0,0,0,0,0,0,0,0,0,0,0,0,0,138.5,0,0,288.3,0,258.6,0,731.6,0,286.3,0,0,198.2,222.6,0,0,0,0,0,0,0,133.3,0,268.6,0,168.9,0,216.4,0,109.5
597.28487@9.07,0,0,0,0,0,0,0,0,0,0,0,0,0,0,171.1,125.6,147.7,503,0,278,0,0,232.1,203.3,0,2597,0,497.7,178.2,276.4,0,0,162.9,0,0,0,0,0,0,241.9,0,334.9,0,211.3,0,0,185.8,246
389.21881@9.04,1133,0,0,0,0,2460,1975,2197,0,0,1445,0,924.6,711.1,0,0,0,8180,8423,0,0,0,0,764.7,682.4,16590,28800,20930,804.7,0,0,0,896.8,1052,1315,1500,697,0,1670,1349,979.2,1205,1138,0,1058,961,1124,1116
145.085@9.07,623.7,601.1,682.3,643,418.2,422.4,485.9,572.4,3003,548.6,485.3,736.7,518.2,0,627.4,0,578.5,10530,12850,13640,0,0,0,0,0,18270,24430,20890,0,1118,1027,1044,503.1,0,559.6,622.1,581.3,558.5,692,483.3,466.8,1759,2113,1925,661.3,0,0,9503
297.12806@9.08,859.4,854.3,822.4,863.7,3161,1137,899.8,971,772.1,0,877.8,814.6,1096,1475,856.6,0,851.8,0,15550,20600,1665,15210,13530,15730,798.3,21200,13400,17750,1698,20840,12340,14950,1531,817.5,0,793.8,1583,844.6,777,858.1,1442,15790,12150,0,1760,15070,8394,10210
679.33292@9.09,0,0,0,0,0,0,0,0,0,0,0,0,0,0,0,0,0,265.6,0,271.2,0,0,0,0,0,2482,218.6,340.6,0,0,0,0,0,0,0,0,0,0,0,0,0,130.9,0,107.2,0,0,0,0
625.28314@9.11,0,0,0,0,0,0,0,0,0,0,0,0,0,0,0,0,0,0,0,367.9,0,0,188.5,224.5,0,774.7,414,645,0,195.7,197.4,179.2,0,0,0,0,0,0,0,0,0,337,244.9,237.4,0,0,0,0
338.16123@9.11,354.5,375,0,270.4,306,322.5,336.2,0,0,0,409.5,0,255.1,352.6,254.2,346.9,386.3,1284,7603,2570,355.5,0,476.4,433.6,0,2784,25390,5127,0,386.6,390.6,424.3,275.7,334.6,386.6,340.3,332.4,337.2,327.1,372.1,322,655.1,968.1,639.2,0,718.8,554.4,608.9
316.13568@9.11,0,0,0,0,569.5,0,0,0,0,0,0,0,0,0,0,842.5,0,462.4,503.4,0,729.5,1377,1118,1638,0,515.6,0,866.2,691.6,1424,1442,1619,0,0,406.8,799.4,0,0,1063,0,831.5,3410,2544,0,0,1665,0,0
639.33016@9.12,0,0,0,0,0,0,0,0,0,0,0,0,0,0,0,0,0,3481,0,1966,0,0,0,112.7,0,6612,313.7,3087,0,271.8,0,216.6,0,0,0,0,0,0,0,0,0,480,0,281.8,0,0,107.4,0
579.27402@9.13,0,0,0,0,0,0,0,0,106.9,0,0,0,0,0,0,127.9,0,0,240.3,380.6,0,0,0,160.6,0,709.6,225.3,0,0,226.8,203.7,238.9,0,144.6,0,130.9,0,0,0,0,0,291.2,205.9,300.7,0,207.8,189.9,194.6
559.2452@9.12,631,0,0,0,308.3,0,0,0,0,0,0,0,0,169,134.6,0,177,955,346.6,581.8,202.6,879.1,337.4,588,517.2,1284,326,721.6,0,589.6,278.6,495.2,199,174.3,0,0,183.1,0,0,0,295.8,964.4,396.6,920.5,295.1,1049,498.4,588.6
242.12378@9.13,326.8,0,406.7,462.1,2298,0,1437,0,416.1,0,319.6,0,1924,1745,1822,1679,357.1,492.5,593,750.8,2237,0,1385,1428,404.8,593.8,0,0,1955,2384,1837,1441,10550,16540,8354,7140,22450,7147,6836,8133,8377,8240,7016,0,8458,0,0,0
228.09082@9.14,290.4,251.1,295.8,221.5,211.3,0,0,244.3,0,185.5,205.9,252.1,0,280.2,195.4,182.2,0,274.5,0,530.8,256.5,293.3,351.8,215.6,227.5,325.5,0,0,0,220.7,333.2,331.9,8337,6342,6367,0,0,6153,6632,6416,10680,3403,2425,0,3303,2294,0,0
376.15998@9.14,0,0,0,149.9,0,0,235.7,0,197.7,0,0,172.1,0,0,215.6,157.2,131.2,174.8,582.2,200.3,0,0,0,273.1,0,235.4,1525,304.8,0,0,0,0,145.6,247.1,227,178.1,0,189.9,0,198.2,205.7,242.6,0,157.3,0,0,219.1,196.3
399.18407@9.14,363.9,0,0,405.1,0,328.3,0,468.6,288.4,439.4,333.9,319.5,0,378.2,0,0,320.5,7973,3139,6195,336,7362,3727,6659,0,12040,5332,7322,0,7910,4128,6589,0,0,0,0,0,0,0,553.7,0,5113,1230,4111,0,5180,1029,4228
346.13109@9.14,128.9,0,0,0,0,0,0,156.9,0,157,119.2,0,0,112.7,0,0,0,0,205,153.3,0,244.6,0,321.2,0,174.6,0,0,0,0,0,191.2,0,4554,0,0,0,1875,0,278.3,0,372.4,0,389.6,0,293.9,324.1,320.5
392.21884@9.14,219.5,0,236.8,239.2,295.7,263.8,239.9,250.8,0,265.8,2447,735.3,201.2,0,205.2,190.4,0,0,18160,5018,190.2,313.5,1321,792,203.6,0,15910,6919,0,346.1,3418,1027,352,249.3,283.7,274.2,0,196.1,233.2,271.4,259.9,2668,4368,0,340.3,0,1621,2123
391.21061@9.14,320.7,326.2,0,363.7,581.7,440,401.8,0,16640,886.1,6987,2011,415.9,278.8,346.5,387,557.6,0,61990,30370,384.4,0,9462,5452,0,5767,107700,48980,309.8,0,11360,7932,731.9,347.1,450,0,438.9,418.8,334.9,490.4,296.8,7422,32570,28830,1212,3001,9589,5783
245.1354@9.14,0,641.4,0,555.2,1431,694.6,953.2,0,32350,1288,10380,6984,552.6,0,714,0,1017,0,107700,55360,534.4,0,18400,8864,897.2,11320,187000,90600,544.7,1820,21190,13750,1009,0,0,460,604.1,0,728.8,461.7,0,18980,73530,60600,2561,6776,20820,13900
241.09431@9.15,0,450.8,486.1,378.6,0,0,469.5,649.4,448.4,366.9,0,508.6,0,0,284.6,0,325.4,2021,0,0,0,0,1492,0,504,0,4095,2712,0,0,1729,0,73510,58310,72210,68120,74250,52070,73260,82240,92030,77270,96490,73980,103200,78390,96360,85330
783.41365@9.15,0,0,0,0,0,0,0,0,0,0,0,0,0,0,0,0,0,682.8,0,635.1,0,381.3,236.4,289.1,0,675.9,576.2,569.9,0,407.2,352.8,432.3,0,0,0,0,0,0,0,0,0,194.3,187.2,0,0,0,0,0
241.16346@9.15,426.5,0,558.6,423.2,24850,15880,17100,15930,0,0,631.3,0,20740,17660,18090,15610,0,3434,0,6224,22390,5133,14480,16020,537.4,4126,6852,5728,16520,10560,19550,16720,9316,6020,6942,7984,5767,6764,6781,7419,9357,5032,5603,4903,14580,8554,5014,5406
671.47422@9.15,0,0,0,0,0,133.3,105.6,230.7,320.1,573.7,0,725.1,0,0,110.2,276.3,235.5,619.9,357.3,536.8,0,0,0,0,212.5,809.3,775,784.4,107.7,0,118.9,0,0,0,0,0,0,0,0,0,0,0,0,0,0,0,0,0
195.09404@9.16,0,0,1498,0,0,0,1311,0,1575,1596,0,0,1842,0,1912,1715,0,1816,1665,2031,0,0,1742,2193,1512,1884,1912,1813,2311,0,0,0,37960,27610,32010,30140,31690,26080,30820,29120,44080,41490,41550,38150,50250,44660,37670,43500
196.10051@9.16,0,286.1,290.6,0,246.6,450.6,313.1,265.8,0,279.1,374.7,359,353.4,0,282.9,357.2,0,419.4,391.7,397.1,380.9,408.7,335.8,0,0,304.3,388.8,0,0,0,0,325.7,0,2556,5676,2633,2943,4655,6050,7878,10010,7283,3356,7075,4084,3435,9133,10180
223.09981@9.15,1222,1195,1265,1262,1027,779.8,0,1062,1364,1340,1364,1237,0,1011,997.5,0,0,991.9,1305,1396,1031,0,1103,0,1013,0,1104,1061,749.1,1030,1072,0,275300,236200,299900,246300,271100,211100,306300,254800,376700,304300,331500,278800,454900,352100,358200,347600
290.24249@9.16,0,1126,1329,1399,619.3,1302,878.5,1169,504.7,1278,1082,1313,707.3,1054,1312,1412,464.1,0,1958,1697,766.3,2554,2405,2774,445.2,1921,1636,1718,541.4,1812,2145,1397,263.9,0,322.9,329.3,266.4,231.9,325.1,0,291.6,324.6,580.5,0,231.8,356.7,559.3,480.5
224.10481@9.17,2509,2722,2511,2776,2469,2402,2593,2345,2621,2695,2868,2776,0,2491,2371,2522,2682,2641,0,2919,2460,0,2630,2452,1989,2647,2501,2512,2095,2530,2380,2545,0,16230,0,46810,45310,0,54070,44870,27130,25210,25770,20960,28980,25790,96210,21690
143.07658@9.17,0,683.7,0,600.3,622.8,962.7,710.1,793.8,0,796.7,1107,795.8,0,0,772.7,0,432.1,0,25500,15790,0,1889,0,1637,0,0,0,0,435.6,4074,5202,5045,0,0,598.8,0,579.6,0,774.4,724.2,0,3331,6150,7118,704.2,2645,3355,3061
561.25872@9.18,1658,0,0,0,617.2,0,0,0,1348,0,0,0,165.5,0,0,0,251.5,1477,496.5,1100,0,1331,792.7,1252,1353,2365,1020,1414,375.3,1421,480.1,882.9,265.3,0,0,0,404.4,148,166.2,0,578.7,2127,837.9,1951,499.5,1618,1062,1400
260.24184@9.19,5123,11940,12040,12850,8276,13980,15100,13890,5940,10830,10700,12650,8497,15070,16300,16800,5067,15420,14640,14500,7541,32840,29970,36660,6123,15070,16240,16450,7641,26310,27130,16380,3269,4280,5623,6916,2834,2625,4816,5643,3104,6335,11940,6574,3059,7126,12570,9350
242.11459@9.19,312.5,413.2,380.3,328.8,0,1445,0,1536,344,462.5,351.7,464.9,0,0,0,0,366.9,705.5,2084,926.8,0,634,3065,2953,0,485,1069,1038,0,493.4,0,0,0,0,0,19250,0,5374,23420,7176,11050,10540,9835,28360,11640,25620,34810,32940
501.81653@9.2,0,0,0,0,0,0,0,0,0,0,0,0,0,0,0,0,296.9,0,0,0,0,0,0,0,0,0,0,0,0,0,0,0,0,0,0,0,0,0,0,0,0,0,0,0,0,0,0,0
523.8265@9.2,0,0,0,0,0,0,0,0,0,0,0,0,0,0,0,0,389,0,0,0,0,0,0,0,0,0,0,0,0,0,0,0,0,0,0,0,0,0,0,0,0,0,0,0,0,0,0,0
228.08903@9.2,223.5,0,187.8,0,0,263,276.1,203.2,403.3,271,0,250.6,225,0,0,0,225.4,0,1979,0,238.1,242.6,250.9,0,0,284.9,450.1,0,297.5,263.6,0,226,0,0,1940,6014,8091,2171,3069,1989,4533,9391,7956,7921,11370,9372,3267,8947
433.12126@9.2,0,0,0,0,0,0,0,0,0,0,0,0,0,0,0,0,0,168.6,0,0,0,0,250.1,147.1,0,0,0,0,0,0,0,0,0,1099,0,0,0,739.1,177.9,199.8,0,0,0,0,0,0,153.9,0
404.18627@9.2,134.8,0,234.5,192.1,135.4,323.9,289.5,281.9,0,230.9,0,0,168.1,215.3,134.3,221.4,209.7,235.7,0,240.7,141.9,0,0,293.3,180.6,204.2,166.8,0,166.6,232.3,249.6,226,0,262.1,252.3,0,0,0,173.6,0,206.8,415.2,858.1,0,138.8,354.5,263.6,0
563.22986@9.21,170.8,0,0,0,0,0,0,0,0,0,0,0,0,0,0,0,0,331.1,193.7,284.7,0,0,0,328.9,0,848.7,162.8,303.4,0,365.4,225.1,288.7,0,0,0,0,0,0,0,0,0,448.4,226,412.3,133.7,416.3,257.6,335.3
391.16434@9.21,0,443.1,289.5,0,369.6,465.9,391.5,414.7,0,0,0,0,390.4,386.6,383.3,381.9,347.2,1073,0,763.8,0,709,4917,6307,348.1,1781,2856,3843,383.5,7776,12540,22930,0,424.1,465.2,423.6,345.3,411.3,314.2,425.5,357,588.3,0,604.5,0,0,0,307.2
432.08685@9.21,0,0,0,0,0,0,0,0,0,0,0,0,0,0,0,0,0,0,112.5,0,0,0,0,0,0,0,0,0,0,0,0,0,0,3451,216.9,577.9,0,2242,0,528.6,0,149.4,113.9,0,0,0,0,0
299.12458@9.21,0,0,1278,1382,1201,1535,1097,1395,0,0,0,998.3,787.2,1162,1216,1097,854.6,13760,0,19150,996.3,16910,10350,15010,1168,14570,6882,9358,1140,17830,8062,12370,0,1341,1007,1206,1076,1317,983.2,1134,869.9,40050,17760,35550,1027,31540,13540,24130
243.11276@9.21,695.8,729.8,0,618.3,893.5,767.5,675.5,893.8,7171,0,0,1056,739.6,0,768.8,609,782.5,2557,29530,20420,758,3207,8106,1940,0,4095,41240,23800,660.8,0,8156,7780,0,0,859.4,0,1199,810.5,1180,0,1492,2755,11730,13620,1350,1328,5903,5486
616.32657@9.22,0,493.9,0,0,280.7,574.7,564.7,538,0,390.3,453.4,493.2,268.3,575,612,770.5,257,0,332,581,328.6,1175,1085,1274,284.3,370.5,613.1,555.6,399.1,923.6,628.9,660.9,0,0,686.8,692.6,0,0,600.7,415.7,249.1,496.4,1398,498.7,456.5,761.5,1308,1070
665.402@9.24,0,0,0,0,0,0,0,115.5,0,0,0,0,0,0,0,124.1,0,1079,0,0,0,0,0,140.6,0,1299,0,1360,0,187.3,0,0,179.4,0,173.6,0,244.2,0,0,0,239.5,0,189.3,145.6,218,0,0,129.2
296.11123@9.25,280.5,1642,0,0,1625,4130,1505,1952,326.3,320.8,0,0,694.5,1986,1829,1006,440.6,0,0,3803,610.4,8454,3399,9595,0,5574,2749,4108,2386,6516,3455,6738,0,2418,2026,1230,1976,1530,1743,2134,1181,7484,5592,0,1215,5864,5461,4601
213.08979@9.25,0,0,785.8,813.3,1192,2854,3372,4605,724.5,0,550.5,0,826.4,1218,1070,967.5,721.7,7931,7970,6301,846.7,9594,9332,13440,786.4,7565,6238,5762,1043,10500,7948,8102,0,1780,1131,0,1264,0,1203,0,1094,13760,13130,17530,836.8,14720,8747,15080
239.11958@9.26,970.6,941.3,905.9,941.5,998.1,0,834.4,983.4,870.3,954,1029,943.3,904.8,885.9,889.7,872,867.3,947.8,915.3,948.4,734.3,874.4,764.3,1004,721.9,902.7,956.6,0,707.5,882.7,0,877,933,3076,25860,3537,922.5,32310,5410,3079,796,1109,1715,0,1202,0,2068,0
295.11603@9.26,1308,10330,15560,7227,13610,29000,23560,26530,1104,15480,14940,6598,6604,13280,19610,8294,1381,58480,30200,47120,9565,44060,34880,25970,6198,49820,32270,29470,7420,73720,42770,53390,22210,17860,18550,13790,19550,17970,18890,16120,10350,74670,54430,66310,6503,74360,54300,64290
185.09437@9.27,368,0,362.3,492.7,0,802.3,670.2,585.6,381.1,0,519,0,426.9,510.8,531.1,385.3,421.1,3567,2308,3031,447.9,2039,1044,5406,374.6,3887,980.9,2642,506.1,4171,1302,3333,417.9,0,0,562.1,506.6,531.6,510.5,0,0,10310,2285,7430,454.2,8073,2785,5224
605.2467@9.28,0,0,0,0,0,0,0,0,0,0,0,0,0,0,0,0,0,229.1,1302,487.5,0,0,0,0,0,381.7,362.2,207.4,0,0,0,0,0,0,0,0,0,0,0,0,0,156.4,0,194,0,0,0,0
390.24803@9.27,196.8,0,0,0,0,3855,3233,3424,564.1,0,0,0,300.7,489,1464,2083,233.8,261.3,2001,0,0,0,2865,1536,248.4,520.5,0,0,0,245.9,511.3,224.4,290.3,242.6,516.2,1140,249.8,230.5,326.2,0,245.8,282.3,1971,1186,170.9,267.7,0,263.8
275.12736@9.27,2704,3863,3238,3556,2911,4691,4168,3530,2017,2275,2479,2242,1425,1341,2053,1774,1349,9302,9087,9950,2294,5803,6268,7612,2503,8467,7653,7719,3107,6766,5611,6493,3422,3707,3404,3111,1989,3455,2755,3089,2038,20110,17040,20970,3083,17020,13240,15160
301.14311@9.28,4346,4323,4252,4724,4608,5761,3558,2644,2748,4672,3036,3517,3870,5796,3636,3864,2388,14310,15860,14070,4310,32990,12020,19470,3302,9225,9265,9060,4355,15400,11720,14850,2389,2468,959,1590,2218,2054,1104,2166,2175,16920,12340,11220,1580,9172,6021,7641
313.13355@9.27,0,2229,0,0,2751,3303,2989,2953,0,0,0,2815,2761,2966,2855,2833,3142,3021,2782,3217,2962,9273,6110,8255,0,2899,0,5402,0,8265,8484,10700,0,0,2923,0,2832,0,2958,0,2833,50610,45090,42400,1284,41510,34800,40520
297.11972@9.28,5484,11110,0,0,9835,14450,13260,11280,0,6462,7271,6094,2657,3175,3964,3610,2504,0,24760,18500,3382,13430,9795,16870,6225,25860,0,23670,0,0,0,0,0,0,0,6215,0,0,0,0,4170,56800,50710,62910,5261,44020,39160,42980
604.25128@9.28,0,0,0,0,0,0,0,0,0,0,0,0,0,0,0,0,0,0,2821,2473,0,0,174.5,0,0,1870,2007,276.2,0,0,230,276.9,0,0,0,0,0,0,0,0,0,0,0,0,0,0,0,0
143.07678@9.28,0,708.3,670.3,0,474.5,1254,924.5,0,6897,772.2,0,750.7,0,0,0,0,364.2,3429,2106,2629,517.7,3658,1840,0,418.1,0,0,5387,0,5945,7035,2942,536.3,549.1,685.4,613.8,481.9,524.6,643.5,0,0,6401,3435,5662,590.1,4331,4361,4304
298.12675@9.28,0,834.9,0,0,1186,1724,0,1341,0,659.2,753.7,543.9,0,669.5,0,0,530.6,0,2840,5264,746.1,674.2,1789,2404,0,0,0,0,0,0,0,0,0,0,0,1203,0,1027,0,0,786.8,6864,5719,7320,1012,5398,4639,4699
524.17724@9.31,0,0,0,0,841.7,271.3,172.4,212.5,0,0,0,0,177.2,0,134.8,0,0,0,0,0,290.9,0,0,0,0,0,274.1,0,414.6,0,170.4,0,0,0,0,0,0,0,0,0,0,274,224,197.1,0,0,215.2,0
667.36273@9.3,0,0,0,0,0,0,0,0,0,0,0,0,0,0,0,0,0,2179,0,2188,0,0,0,0,0,4825,1867,3374,0,0,0,250.3,0,0,0,110.9,0,0,0,0,0,266.1,0,0,0,0,0,0
531.24785@9.31,135.8,0,131.7,192.5,289,200.1,0,0,108.7,0,128.3,0,0,137.9,0,126.6,122.8,163.6,0,194.9,171,0,184.7,233,0,0,205.4,147.3,0,0,173.8,0,0,674.8,170.6,182.7,156,660.9,0,211,0,342.9,292.8,255.6,0,283.7,248.8,229.8
144.05622@9.3,618,0,4774,23350,0,4960,1357,7963,0,0,4722,8645,479.9,1295,0,5463,399.3,0,0,1478,0,972.3,846.4,845.3,0,1199,0,988.4,0,0,940.9,0,0,14860,19820,33100,636.2,16090,12460,29830,551,1937,1016,0,494.1,2351,897.6,1171
508.20382@9.31,0,0,0,0,3865,2076,1195,1164,0,192.3,124.4,141.1,1146,452.8,524.9,316.6,0,214.7,1715,1290,2132,0,1303,323.5,142.7,1123,1421,296.5,2539,0,1200,396.9,0,360.2,430.2,478.1,164.5,421.2,269.2,347.2,0,278.6,201.6,265.8,210.5,175.9,0,166
406.26209@9.34,0,4959,1911,4251,0,11840,4329,4402,263.7,0,1489,0,184.6,243.2,1982,5513,223.1,185.4,239.2,201.4,0,198.2,0,264.6,257.2,0,0,266.5,0,236.2,240.4,0,0,1199,701.7,2211,233.5,655,1213,1736,244.7,0,130.6,190.1,182,0,150.6,0
603.18774@9.36,0,0,0,0,0,0,0,0,0,0,0,0,0,0,0,0,0,675.7,0,282,0,453.3,0,318.4,0,864.5,0,619.9,0,804.2,131,374.2,0,0,0,0,0,0,0,0,0,264.2,0,233.3,0,0,0,0
399.08388@9.35,0,310.5,0,0,0,0,0,0,0,290.8,0,0,0,0,0,0,0,0,0,475.1,0,1114,459.3,2164,0,0,0,254.7,0,899.5,207.5,526.9,0,0,140.5,0,0,0,0,0,0,0,0,0,0,0,0,0
737.36944@9.36,0,0,0,0,0,0,0,0,0,0,0,0,0,0,0,0,0,581.7,0,461.2,0,0,0,208.1,0,318.2,272.5,380.9,0,255.8,237.7,256.3,0,0,0,0,0,0,0,0,0,0,0,0,0,0,0,0
239.10211@9.38,0,923,619.7,940.7,0,909.2,0,0,0,0,681,0,723.4,652.1,775.5,1020,0,711.5,912.9,688.2,0,0,949.2,913.6,430.5,682,0,0,966.2,982,0,0,5368,9188,0,13260,4493,0,16370,11760,4613,2386,7095,7428,5940,4430,8679,8626
199.11847@9.38,0,1065,622.1,1271,365.4,479.5,0,0,362.8,0,1560,688.5,436,400.9,384.7,400.8,305.7,7065,2366,5890,342.3,6357,4357,5461,0,7614,2974,7555,437.9,8640,5805,8993,347.2,0,400.2,416,431.2,360.2,375.7,0,428.9,13830,3316,11510,426.7,12180,4834,8340
129.06094@9.39,583.8,619.5,747.3,729.7,1006,1319,946.7,826.4,0,0,0,452.1,903.8,1353,1283,1143,601.1,0,0,0,933.1,4227,4513,4784,771.8,3563,2568,3378,996.3,4852,12920,25820,1051,796.7,979.9,984.2,749.4,773.9,1017,889.4,763.1,8332,5187,0,892.9,0,4761,0
301.15147@9.38,0,0,0,0,908.2,884.9,980.7,932.9,0,0,0,0,910.7,835,896.1,691.7,844.7,7294,0,0,924.5,4433,8434,8471,701.6,9792,3607,12910,897.7,20100,30120,23870,0,678.9,659.6,706,1043,856.2,811,0,956.2,0,0,0,1262,0,0,0
404.28999@9.4,0,0,0,0,0,637.5,282,263,138.6,0,168.9,0,0,234.1,395.3,1311,182.1,166.4,0,213.2,0,0,0,0,0,0,225.5,0,0,231.5,232.2,0,133.2,408.7,1224,1443,154.4,1166,1674,1189,0,292.5,1500,381.2,0,0,272.7,153.5
315.09199@9.39,0,1031,0,0,0,0,0,0,0,0,0,0,0,0,0,0,0,0,537.8,0,0,0,697.9,0,0,901.9,346.4,1170,0,1041,759.2,1177,0,0,0,0,0,0,0,387.6,0,0,0,0,117.7,1554,1193,2005
662.32301@9.38,0,0,0,0,0,0,0,0,0,0,0,0,0,0,0,0,0,0,0,650.5,0,0,0,0,0,695.3,0,498.4,0,0,0,0,0,0,0,0,0,0,0,0,0,0,0,0,0,0,0,0
288.05497@9.4,0,0,0,0,0,0,0,0,0,0,0,0,0,0,0,0,0,0,198.1,237.8,0,0,285.7,254.8,0,349.5,0,0,0,1074,1010,716.5,147,0,0,0,0,0,0,0,0,1746,486.6,1535,0,1812,916.7,1334
133.09015@9.41,1114,1017,1106,0,1270,1280,0,1443,1030,0,1231,1156,1381,1336,1258,1305,1327,2238,1592,2279,1449,3081,3762,3257,1281,0,2240,6920,1262,9940,5569,11110,1603,1294,1249,1030,1496,1174,1401,1264,1345,21100,6912,18480,1625,22070,8687,13970
390.27342@9.41,224.8,2651,8680,9263,1318,27620,17720,14760,327.5,2284,4599,3413,2433,19480,44510,61940,0,964.7,0,1061,0,513.7,0,520.2,0,1112,1012,818.3,1174,657,403.4,739.6,226.4,8016,5367,12830,213.9,4941,6047,8747,157.5,1477,1142,0,0,0,316.2,457.1
287.05904@9.42,0,0,0,0,0,0,0,0,0,0,0,0,115.9,0,0,0,0,274.4,0,322.3,0,349.6,309.3,0,0,0,221.1,227.2,0,397.3,0,0,0,0,0,0,0,0,0,0,0,641,570.9,643.9,0,677.3,441.5,851.8
323.06686@9.43,0,0,0,0,0,203,321.8,173.3,0,0,0,0,0,1742,2023,1023,0,0,0,0,0,380.1,0,198.8,0,0,314.9,0,0,0,429.4,0,268.4,0,334.7,110.8,450.3,0,0,0,214.9,1561,0,746.2,0,0,0,994
482.19224@9.43,0,0,0,0,0,0,0,0,0,0,0,0,0,138.8,130.9,0,0,0,0,205,0,0,0,169.7,0,237.4,0,0,0,0,142.1,0,0,0,0,156.4,0,0,0,0,0,814.3,333.9,442.3,0,797.7,270.6,337.1
588.26591@9.44,0,0,0,0,0,0,0,0,0,0,0,0,0,0,0,0,0,0,114.1,0,0,0,0,0,0,0,0,0,0,0,0,0,0,0,0,0,0,0,0,0,0,1090,670.4,954.6,0,667.9,398,876.8
533.20946@9.44,0,0,0,0,0,0,0,0,0,0,0,0,0,0,0,0,0,0,0,0,0,0,210.4,0,0,155,0,0,0,0,0,0,0,0,0,0,0,0,154.1,0,0,1357,819.7,2138,0,1206,515.3,451.6
245.10636@9.44,550.4,524.9,445.1,509.4,723.4,532.6,607.3,534.7,737,528.6,566.2,504.3,655,357.7,827,301,335.2,0,0,1782,698.8,12400,6295,14880,467.8,1138,0,1661,612.2,13550,15260,15560,467.2,669.7,517.5,473,0,602.2,498.4,536.6,0,11540,4509,9648,505.8,11280,6355,4440
223.09934@9.44,864.2,0,843.6,971.9,804.7,776.7,763.6,0,814.4,766.7,699.9,860.5,0,646.1,700.6,610.6,777.2,0,957.4,916.6,767,806.1,818.7,752.2,766.7,771.9,0,540.2,630,0,747.9,823.7,22370,41320,51160,59390,34270,48050,56090,53560,33200,17410,61260,0,46380,32720,78680,81530
527.19898@9.44,0,0,0,0,0,138.7,177.7,0,0,0,0,0,0,0,0,0,166.4,0,0,0,0,217.6,173.6,181.4,142.7,0,0,0,0,0,220.8,0,0,0,158.1,0,0,0,0,0,0,704.3,516.3,780.8,0,665.2,410.2,529.3
332.08312@9.44,0,0,245.9,177.2,0,0,0,0,0,0,0,0,0,0,0,0,0,0,0,205.2,0,332.2,261.1,310.9,0,252.2,0,307.2,0,457,244.9,329.6,0,0,135.7,0,0,138.1,0,142.2,140.1,1315,1115,1179,0,1522,710.6,1119
607.23981@9.44,0,0,0,0,0,0,0,0,0,0,0,0,0,0,0,0,0,0,206.9,285.3,0,223.1,184.2,0,0,191,0,167.8,0,0,174.5,719.8,0,0,0,0,0,0,0,0,0,1457,518,1121,0,642.2,361.9,532.4
129.06198@9.44,598.3,708.2,0,0,0,1210,0,934.8,1124,1182,607.3,1368,669.3,1930,1662,0,707.5,8612,2296,7815,0,4942,11620,3567,444.5,9409,2833,10470,1379,17570,4336,4338,793.5,692.6,0,0,607.6,593.7,0,463.6,592.2,34380,11770,29500,981.8,31850,19820,24300
531.21877@9.44,0,0,0,0,0,0,0,0,0,0,0,0,0,0,0,0,0,0,237.7,188.4,0,189.7,158.2,0,0,180.8,0,0,0,0,0,147.6,0,197.2,131,138.9,0,0,169.9,0,143.6,449.5,462.6,548.2,0,461,530.4,650.8
376.25812@9.45,0,0,6757,0,237.7,23930,14560,6650,0,265.2,0,300.2,217.9,251.8,2748,2756,230.6,0,307.4,277.7,271.9,245.4,302.5,0,213.9,276.8,0,326.9,0,0,0,211.3,295.6,6565,1400,8963,249.1,2429,1338,6980,252.3,277.9,0,290.2,224.9,297.6,0,0
623.25472@9.45,0,0,0,0,0,0,0,0,0,0,0,110.2,0,0,0,0,0,0,0,131.4,0,0,0,162.1,0,250.4,0,0,0,0,165.2,0,0,0,0,0,0,0,0,0,0,1304,429.3,865.6,0,329.3,283.9,292.6
289.11899@9.45,489.5,565.9,610,473.4,419.9,482.6,415.9,436.1,554,530.2,571.3,525.7,434.2,468.7,404.3,434.5,435.9,1805,526.4,1376,444.7,12210,12540,14360,427.7,1390,1067,1876,0,13030,13400,13990,0,435,519.6,542.9,466.5,508,502.5,345.3,565.1,8375,7394,9249,398.6,8728,5511,4238
591.23253@9.45,0,0,0,0,0,0,0,0,0,0,0,0,0,0,0,0,0,0,173.2,231.2,0,182.3,0,0,0,245.3,156.7,0,0,0,0,0,0,0,0,116.8,0,0,0,0,0,723.3,543.9,875.4,0,508.4,287.8,361.8
549.19086@9.46,0,0,0,0,0,0,0,0,0,0,0,0,0,0,0,0,0,0,204.8,148,0,156.2,0,0,0,0,0,0,0,0,0,0,0,0,0,0,0,0,0,0,0,505,322.6,623.7,0,390.7,232.3,333.7
593.27647@9.45,133.2,0,0,0,0,0,0,0,0,112.1,147.9,0,0,0,0,0,0,0,238,255.1,0,207.7,0,0,0,0,0,0,0,0,160.8,198,0,0,0,0,0,0,0,0,0,778.1,423.4,1248,0,506.1,361.1,470.6
171.11752@9.45,0,0,454.7,0,374.7,295.1,0,352.8,455.5,0,425.1,488.9,0,356.7,0,0,0,0,0,1627,347.4,2761,2326,2647,336.6,1809,1285,5272,314.7,7778,2639,8344,443.1,380.4,305.5,258,460.1,366.4,369.8,0,406.4,16440,8304,14420,492.6,16400,6121,10230
301.14299@9.45,944.8,931.7,897.2,922.3,751.6,793.4,703.8,694.5,0,935.9,881.7,0,700.7,636.2,585.7,650.2,687.3,11470,2686,10350,681,10360,17760,18240,775.7,19910,8073,26140,770.3,44200,10180,48210,2104,1797,1201,1146,1600,1300,885.4,916.9,2218,124300,52040,106500,5026,111600,48960,77310
290.07169@9.45,0,0,0,0,0,0,0,0,0,0,0,0,0,0,0,0,0,509.1,331.4,406.4,0,1089,1036,1015,0,602.7,0,552.6,0,0,0,0,0,0,0,0,0,0,0,0,0,2186,768.7,1007,0,1342,698.1,812.8
589.26239@9.46,0,0,0,131,0,0,0,0,0,0,0,156.9,0,0,0,0,0,0,135.6,169.5,0,0,0,0,0,0,0,0,0,0,0,0,0,0,0,0,0,0,0,0,0,688.7,258.1,424.3,0,263.8,244.8,285
390.95215@9.45,0,0,0,0,0,0,0,0,0,0,0,0,0,0,0,0,0,0,0,0,0,0,0,0,0,0,0,0,0,0,0,134.9,0,0,0,0,0,0,0,0,0,0,457,422.7,0,667.7,278.2,293.3
553.16763@9.47,0,0,0,0,0,0,0,0,140.2,0,0,0,0,0,0,0,0,0,0,0,0,0,0,0,0,0,0,0,0,0,0,0,0,0,0,0,0,0,0,0,0,840.3,458.1,1329,0,633.2,444,445.9
502.2288@9.47,105.5,115.7,0,0,0,0,0,0,0,0,0,0,0,130.5,0,0,0,0,141,0,0,0,0,0,0,0,0,0,0,0,0,0,0,0,0,0,0,0,0,0,0,748.6,442.5,760.5,178.1,412.4,488.2,379.1
143.08067@9.45,0,538.8,607.2,602.8,569.7,0,677.1,421.1,0,0,609.7,581.1,0,0,574.3,435.2,356.5,0,927,0,0,1763,1498,1857,0,1909,1206,1428,510.8,2122,1347,6089,0,479.4,0,0,0,0,484,0,531.2,10090,6241,10060,579.8,10230,5056,7468
623.09737@9.46,0,0,0,0,0,0,0,0,0,0,0,0,0,0,0,0,0,0,0,0,0,0,0,0,0,0,0,0,0,0,0,0,0,0,0,0,0,0,0,0,0,296.4,0,288.2,0,384,116.2,198.3
243.12067@9.46,745.1,655.4,610.4,494.8,0,0,570.8,510.6,633.9,637.4,670.4,0,534.9,489,376.1,0,393,0,0,1503,0,2493,1485,2378,0,1947,1231,0,443.7,6548,0,7307,485.6,742.9,631.8,490.9,619,573.5,453.1,0,641.9,17220,7425,13860,729.7,16750,6041,10040
601.2631@9.47,0,113,0,0,0,0,0,0,0,0,0,0,0,0,0,0,0,0,0,0,0,0,0,0,0,0,0,0,0,0,0,0,0,0,0,0,0,0,0,0,0,723.3,1186,1665,0,498.6,804.6,440.7
318.27713@9.48,0,0,0,0,0,11980,0,0,0,0,0,0,10390,0,0,0,0,615600,0,14120,10480,14920,18250,15010,0,15770,0,0,0,0,0,0,0,0,11060,0,0,0,0,0,0,15470,14650,0,0,11450,15540,0
571.19136@9.46,0,0,0,0,0,0,0,0,0,0,0,0,0,0,0,0,0,0,0,0,0,0,0,0,0,0,0,0,0,0,0,0,0,0,0,0,0,0,0,0,0,378.1,0,432.7,0,357.2,243.7,430.3
274.03357@9.47,0,0,0,0,0,0,0,0,0,0,0,0,0,0,0,134.1,0,0,0,281.6,0,233.3,0,0,0,606.7,0,409.3,0,0,0,299.1,0,0,0,0,0,0,0,0,0,416.9,242.3,735.9,0,521.9,410.3,340.8
434.29854@9.47,0,325.9,280.7,185.8,0,0,0,0,127.3,0,236.9,825.5,0,703.6,1798,2059,0,0,176.8,167,0,0,0,0,0,0,0,0,0,0,0,0,0,0,0,349.6,0,0,193,223.4,0,0,125.7,0,0,211,0,221.6
610.3243@9.49,0,0,0,0,0,0,0,0,0,0,0,0,0,0,0,0,0,0,0,157.5,0,399.6,560,452.7,0,206.8,127.2,139.2,0,678.6,671.5,0,0,0,0,0,0,0,0,0,0,0,0,366.4,0,209.1,0,200.6
597.45189@9.49,0,0,0,0,0,0,0,0,0,0,0,0,0,0,0,0,0,0,0,0,0,0,197.6,343.5,0,0,0,0,0,153.3,214.3,0,0,0,0,0,0,0,0,0,0,0,0,190.6,0,0,0,0
317.27455@9.49,15460,18470,19280,19330,16680,19040,18400,18030,15490,19790,18590,19240,17180,8375,18660,19200,15770,21460,21120,20500,17000,10020,8299,21750,16940,20350,20960,20050,15550,7333,10060,10320,13730,12910,14700,14990,12180,12510,14730,14340,12560,16300,17890,16500,12130,14730,16490,16440
602.43698@9.49,0,134.7,133.1,103.4,0,0,874.9,709.1,0,0,124.7,126.8,288.1,944.8,1093,1072,0,700.2,0,0,0,2100,1985,2866,179,762,945.6,786.2,267.8,1629,2006,838.3,0,0,210.7,0,0,0,156.5,186.3,0,254.3,390.5,0,0,0,0,142.2
558.52976@9.49,0,0,0,0,346.3,560,644.4,729.7,0,0,0,0,356.6,774.5,837,927.6,156.1,736.5,0,0,365.2,1237,1317,1751,226.6,765.3,838.9,768.6,373.7,1311,1508,876.7,0,0,0,210,0,0,0,157.2,0,268.6,583.3,0,0,0,0,0
230.24449@9.52,0,0,0,0,0,0,0,0,0,0,0,0,0,0,0,0,0,313200,0,0,0,0,0,0,0,0,128100,0,85800,141500,0,0,87370,0,0,0,0,95790,0,95100,0,0,0,0,0,0,0,0
836.77515@9.5,0,0,0,0,0,0,271.3,0,0,0,0,0,0,294,364,322.2,0,0,0,0,149,795.8,683.8,855.5,0,392.5,347.6,414.5,155.5,629.3,641,382.9,0,0,0,0,0,0,0,0,0,0,309.1,0,0,0,0,0
556.50953@9.5,0,0,0,0,11780,20460,23670,20810,0,0,0,0,12860,24800,31520,28260,5728,0,0,0,11110,60630,47080,58370,8831,28980,30320,27540,13090,44830,46220,27520,3104,2632,6706,8348,2136,2258,5464,6099,2059,8415,20520,0,2533,0,15140,9083
603.4532@9.5,0,0,0,0,333.6,755.7,772,892.8,0,0,0,0,312,784,1088,1087,0,882,0,0,244.4,2027,2295,2541,0,736.5,948.3,809.2,287.8,1459,1910,723.4,0,0,0,169.2,0,0,0,153.1,0,0,436.6,0,0,0,0,0
606.34525@9.49,0,0,0,0,0,0,0,0,0,0,0,0,0,0,0,0,0,0,0,0,0,3028,2067,3376,0,911.7,600.4,972.6,0,2338,1836,1344,0,0,170.6,0,0,136,194.9,105.1,0,862.9,1058,651.6,0,833.9,1047,1006
577.50242@9.5,0,0,0,0,302.1,738,769.6,846.1,0,0,0,0,308.6,938.9,1107,1132,165.5,0,0,0,259.5,2969,2592,3877,179,966,1120,1018,303.1,2233,2569,949.6,0,0,0,187.7,0,0,0,0,0,215.3,655.4,0,0,0,0,0
474.12187@9.5,0,0,0,0,0,0,339.9,212.7,0,0,0,0,149.8,256,278.7,290.9,0,0,0,0,153.7,504.6,510.6,668.7,125.6,322.9,316.4,281.3,0,327.5,438.6,359.6,0,0,144,139.8,0,0,0,0,0,0,208.5,0,0,367.1,211.1,0
600.46696@9.5,0,0,0,0,692,1405,1603,1252,0,0,0,0,0,1701,2243,2040,360.3,953.5,0,1545,570,4793,6565,6793,490.9,1689,2493,2230,738.1,4345,4760,2016,0,240.1,368.6,395.9,287.1,162.5,283,308.2,255.6,446,1122,0,0,0,803.3,478.5
581.51773@9.5,0,0,0,0,0,0,188.8,198.8,0,0,0,0,0,251.8,262.5,259.1,0,0,0,0,0,473.8,487,437.7,0,289.4,287.4,223.1,0,406.9,503.5,285.5,0,0,0,0,0,0,0,0,0,0,0,0,0,0,197.2,0
699.36212@9.5,0,0,0,0,137.2,286.4,297.4,275.9,0,0,0,0,0,332.9,409.9,426.6,0,0,0,0,0,884.3,987.6,1088,0,235.9,337.4,274.1,0,576.2,724,347.4,0,0,0,0,0,0,0,0,0,0,0,0,0,0,0,0
322.2227@9.5,271.6,0,0,0,452.5,918.8,853.3,1019,244,0,290.6,0,419.9,1035,1255,1288,293.9,0,852.6,1014,422.8,3030,2578,3421,375.7,1124,1216,1315,482.9,2571,2298,1331,239.9,190.1,265.5,366.1,0,183.8,0,263.5,241.2,419.3,1741,438.5,0,386.4,840.8,614.7
601.45335@9.5,0,0,0,0,787.7,2225,2414,2117,0,0,0,0,734.7,2498,2881,2870,249.6,0,1846,1808,629.3,7082,6582,9019,450.5,2177,2722,2072,737.8,4937,6120,2521,0,162.5,316.2,321.1,0,0,257.3,219.9,0,382.7,1066,0,0,354.4,1051,464.1
700.36936@9.5,0,0,0,0,0,243.2,298.2,235.7,0,0,0,0,0,292,369.3,325.3,0,0,0,0,0,876.5,817,1108,0,206.8,296.6,259.2,0,493,720.2,293.2,0,0,0,0,0,0,0,0,0,0,0,0,0,0,144.6,0
328.17496@9.5,0,0,0,0,1108,2173,2345,2023,337,0,0,0,1317,2330,2376,2656,996.5,2489,1553,2199,1181,4682,4649,5340,1036,2364,2700,1976,982,3819,4053,2496,565.6,609.6,827,916.7,439.4,427.5,671.1,710.2,514.9,1218,2083,0,508.5,792,2044,1192
577.64386@9.5,0,0,0,0,0,0,0,0,0,0,0,0,0,0,0,0,0,0,0,0,0,0,238,328.9,0,0,0,0,0,0,0,0,0,0,0,0,0,0,0,0,0,0,0,0,0,0,0,0
591.49845@9.5,0,0,0,0,0,137.2,0,0,0,0,0,0,0,0,0,0,0,0,0,0,0,337,248.5,452.8,0,137.4,155.5,129.9,0,0,210.3,138.4,0,0,0,0,0,0,0,0,0,0,0,0,0,0,0,0
722.35315@9.5,0,0,0,0,0,0,0,0,0,0,0,0,0,0,0,0,0,0,0,0,0,187.2,195.4,304.3,0,0,0,0,0,0,176.9,0,0,0,0,0,0,0,0,0,0,0,0,0,0,0,0,0
837.77763@9.5,0,0,0,0,0,145.6,157.7,0,0,0,0,0,0,0,169.3,177.2,0,0,0,0,0,354.2,340.7,428.2,0,210.3,178.5,0,0,0,289.3,180.9,0,0,0,0,0,0,0,0,0,0,0,0,0,0,157.1,0
927.63109@9.5,0,0,0,0,0,0,0,0,0,0,0,0,0,0,0,0,0,0,0,0,0,435.2,333.3,510.8,0,0,0,0,0,0,319.5,0,0,0,0,0,0,0,0,0,0,0,0,0,0,0,0,0
557.5238@9.5,0,0,4394,0,2486,4902,5110,4837,0,0,0,0,2650,5175,6177,5669,1163,6229,3854,5473,2196,11860,10280,11960,1779,5890,5038,5234,2740,7521,9230,5663,610.3,564.2,1219,1744,420.8,477.4,1222,1139,461.2,1744,4338,1470,0,1247,3715,0
277.26359@9.51,0,0,20450,0,10720,13760,13670,13220,0,0,0,0,10670,13640,14660,14440,12970,0,10590,21650,9993,19770,19880,21650,9773,14240,13570,13330,10590,15900,30790,14410,10100,7036,9301,8787,9359,6755,8518,8181,6574,8618,12420,7289,9908,6827,10800,6674
275.27993@9.51,0,0,868800,894900,772400,274900,887400,874800,0,1853,843000,875400,773900,287200,289500,289100,704200,0,920300,240200,750400,1154000,1052000,1089000,740200,891000,0,287800,282500,289600,1092000,975300,580500,564500,663300,285000,549500,556100,653100,652200,563800,686700,858600,717700,256500,656900,851600,764100
106.08143@9.51,25960,38190,40730,42450,34320,64880,46150,43550,28660,57250,38680,58930,33530,46380,47740,46850,27280,46240,46680,43070,31900,66700,64680,73000,29880,46890,48680,44730,31930,61620,59910,70560,24240,24470,31510,34940,35050,23350,30470,30680,21950,37080,46450,34930,22550,30470,43330,38180
296.233@9.51,10020,20970,23890,25180,15030,26810,27390,26190,12830,24050,20420,24730,16250,27670,31150,30120,10050,29690,29750,27730,14510,56270,53870,63790,12840,28680,30710,28650,14560,43400,47960,29160,7494,6206,10470,12350,6052,5877,10230,10370,6002,12560,22350,12710,6772,9736,21080,15650
555.52242@9.51,16970,56750,66490,69670,38710,79320,80570,76870,25700,59840,52990,64320,40190,79020,89330,87430,17650,88650,84430,79410,34380,159500,157200,183700,26500,86510,91580,82010,38080,137200,139100,85720,9037,7926,20340,26070,6314,6642,17840,17960,7007,27130,66980,27040,8183,21240,60090,40640
275.24284@9.51,39540,0,2540,96980,0,0,1730,87760,0,25320,0,72440,0,1694,59470,0,0,0,0,0,1373,3610,2068,4688,0,3765,0,0,0,1408,3609,2967,130000,0,141300,85520,0,0,77590,0,0,0,0,52360,0,73250,53800,36800
256.25203@9.51,61830,99940,100800,105500,80170,106800,107800,105300,68090,99180,94250,102600,79780,119800,113900,111300,66240,114600,112800,110500,75300,172400,166400,184000,71040,113300,120800,117400,79810,151000,157200,120400,50100,48360,65780,71320,43820,45760,61710,63000,46290,72120,102200,68980,48050,67900,100000,82910
276.27289@9.51,149200,227700,234300,242600,193900,250400,252400,247300,166400,235900,218900,234500,197600,256600,263800,263100,95680,262700,258800,248400,185700,353000,339400,365800,173100,251400,269600,256900,182700,312700,326700,263000,79400,74060,154300,165700,74650,70680,149200,151200,74570,165000,224000,165500,116500,150000,214600,188900
278.2564@9.51,0,1033,0,0,583.5,808.8,1214,861.3,0,0,982.1,663.6,917.9,1035,849.8,1047,524.2,0,1501,926,703.2,1265,1278,1401,0,888.4,1082,1008,805.7,1914,1573,855.2,456.1,434.5,548.9,682.2,474.4,394.5,548.5,598.7,425.3,648.2,717.7,530.7,410.6,512.4,1142,1208
390.28514@9.51,321,11450,1322,1977,0,4491,0,699.9,310.3,13390,12620,20170,0,0,0,0,169.1,0,904.3,0,0,0,0,0,324.6,0,286.4,0,0,0,0,0,0,2025,518.2,0,0,1275,1448,2340,0,197.6,0,0,0,208.9,188.1,0
257.24239@9.52,11750,6776,0,0,15510,11110,10820,10760,0,6784,0,6673,8527,11000,11950,11960,7043,0,9538,10390,8126,16320,16190,17600,7517,11850,11840,21760,8296,15030,14600,11780,0,5538,12300,8103,5092,5297,6772,6413,8553,8199,20860,5067,10290,6900,10650,7067
554.52268@9.51,0,10590,0,0,8352,17130,16850,16810,0,11050,0,10670,9087,18230,19370,19100,3500,0,17330,17840,7436,35840,32000,40660,4885,18860,18070,0,8078,26320,25840,17610,0,1633,4627,5914,1398,1448,3819,0,1681,6231,15310,5029,1903,4713,13540,8268
275.46419@9.51,0,29310,0,0,23920,40020,33320,40460,22520,34010,32210,33830,29240,36050,34800,28190,14840,0,40310,30480,25000,39350,37650,38570,22190,33690,40990,0,19830,0,34170,37020,0,0,21110,19670,0,0,15800,0,11280,22170,28150,17370,11500,19600,27040,21400
230.21803@9.52,834.8,685.5,785,1021,220900,266000,250900,240600,0,824.9,0,878.5,250500,148200,275000,170100,210000,183200,0,336400,104400,147800,172900,385900,228400,183700,193800,188600,200600,213100,346500,303400,209800,207100,247400,116500,138300,128800,229300,235500,288100,299100,363400,309000,0,0,380500,834.1
571.49788@9.52,0,1233,0,0,953,2471,2531,2370,0,1364,1028,1269,934.4,2147,2868,2673,773.7,6800,1934,1865,902.6,6496,6432,8077,977.4,6774,8091,6610,977.8,4594,5041,2589,0,0,0,596.9,0,0,0,0,0,537.2,2131,428.2,0,465.9,2389,637.8
287.04872@9.53,0,0,0,0,0,0,0,0,0,0,0,0,0,0,0,0,0,629.7,124.5,254.4,0,0,150.2,0,0,0,0,261.7,0,319.7,0,0,0,0,0,0,0,0,0,0,0,405.9,0,229.6,0,0,0,0
835.76699@9.52,0,0,0,0,0,0,0,0,0,0,0,0,0,0,0,0,0,0,153,0,0,355.4,0,259.3,0,0,0,0,0,0,0,0,0,0,0,0,0,0,0,0,0,0,0,0,0,0,0,0
859.70693@9.54,0,275.5,1064,264.8,0,0,178.8,0,0,260.1,448.5,280.9,0,0,0,0,0,0,318.9,420.1,0,0,365.4,0,0,0,0,0,0,0,0,0,0,0,0,0,0,0,0,0,0,149.4,0,135.9,0,153.5,0,154.5
511.49326@9.54,0,787.5,970.1,1096,555.8,1027,903.6,851,0,770,743.5,933,628.4,1054,1138,1204,0,1436,1377,1441,462.6,2613,2611,3392,311.7,1383,1616,1355,401.3,2654,2161,1303,0,0,357.3,464.3,200.6,0,375,0,230,676.3,1525,785.8,352.3,626.6,1559,0
320.29544@9.55,0,0,0,0,24400,18600,35680,19810,0,0,0,0,24050,43520,40220,39970,24950,41450,0,18510,25030,35760,36930,44880,16400,44720,44250,35640,24550,40600,38440,26910,10950,9699,20550,24790,7840,8772,11780,13230,7958,21920,25020,0,8416,10760,22220,12710
231.2395@9.54,0,0,0,0,26640,30920,30980,28070,0,0,0,0,31540,37340,36230,42720,25480,0,28030,37390,29140,50520,80370,61350,27550,46800,45990,47480,25620,54420,53750,42010,27570,27700,33850,36000,34850,30030,43720,30930,40090,42080,53720,30160,51860,33300,50990,38370
598.53844@9.54,0,542,0,584.1,271.3,762.5,808,621.7,223.8,591.7,0,0,294.7,824.2,843.1,717.9,0,0,942.9,929.7,0,2065,1861,2358,0,889.9,782,828.2,0,2063,1448,868.1,0,0,0,252.2,0,0,181.2,0,0,0,738.9,356.1,0,333.2,858.8,574.8
599.54107@9.55,704.3,2661,2629,3009,1285,3070,3273,3074,928.4,2367,2285,2917,1347,3288,3662,3420,549.6,3931,3440,3560,1233,9499,8616,11360,0,3873,4191,4104,1080,7537,6618,3462,0,0,869.3,1113,0,0,609.9,682.6,195.5,1144,2831,989.6,247,1088,2976,1758
860.70636@9.55,0,142.6,631.8,175.8,0,0,0,0,0,136.9,226.2,175.2,0,0,0,0,0,0,182.4,177.3,0,0,0,0,0,0,0,0,0,0,0,0,0,0,0,0,0,0,0,0,0,0,0,0,0,0,0,0
529.50646@9.54,0,0,0,0,0,158.9,147.3,0,0,0,0,0,0,145.2,163.5,0,0,0,0,224.6,0,392.3,315.4,334,0,195.9,0,0,0,0,275.4,162.9,0,0,0,0,0,0,0,0,0,146.1,172.9,0,0,0,0,163.8
340.26428@9.55,5935,15750,14290,15070,7197,14570,15680,15140,6310,13670,14180,17630,7672,18090,18040,17370,5688,17280,18340,18250,7423,35640,36810,43210,6595,18570,19760,20420,6765,31520,30290,15560,3007,2590,5435,7600,2163,2309,4453,4496,2338,5612,14070,4572,2760,5335,15110,7834
318.4947@9.55,0,0,0,0,13880,17150,21550,16140,0,0,0,0,14220,25280,25950,22130,0,27570,0,28910,13950,36500,33070,28140,0,28250,25720,24060,14370,30000,28760,23450,0,0,0,15130,0,0,0,0,0,13690,23230,0,0,0,22620,0
274.30708@9.55,289100,1562000,1254000,1452000,290100,290100,1365000,290100,287000,290100,810000,290100,290100,290100,290100,290100,290100,1521000,290100,290100,1234000,261100,1675000,1710000,1268000,1410000,290100,290100,290100,290100,1856000,1597000,289700,289800,290100,290100,289800,289800,290100,290000,290000,1168000,1417000,1245000,290100,1144000,1422000,1223000
272.246@9.57,1027,1419,1381,1662,0,0,0,0,1031,1303,1401,1456,3163,0,2228,2131,13270,23280,0,0,0,0,0,2980,13810,20590,21600,21830,2257,4536,3268,0,3120,2264,3883,0,2211,2675,2673,3229,0,0,0,0,0,0,0,0
230.24276@9.55,199900,273700,276400,285300,142200,164900,158800,152300,248400,266800,266900,274200,152200,280700,159800,297200,126700,0,316100,186800,231300,360100,359100,224000,137500,317500,331900,324800,0,372000,202000,181800,0,136100,152400,264300,244000,224400,150200,0,184400,183400,213400,165400,346900,315700,211700,344100
269.10054@9.56,215.9,0,0,0,0,0,190.7,0,231.5,214.9,0,0,201.2,0,230.7,0,0,0,194.2,0,0,172.7,186.6,0,0,175.3,0,0,0,0,0,276.4,375.4,2578,16290,4282,623,4458,10150,2797,1104,1218,792.1,1114,950.4,2252,1023,1503
318.29865@9.56,440600,641600,567600,597600,468400,566900,575000,566700,436700,589500,570300,610900,475800,637200,601000,602000,471100,0,614300,620700,467500,778500,728000,774800,452000,623300,654700,688200,440800,719900,709800,618600,348400,331900,423800,465500,298800,311700,390200,393000,305600,433300,586200,399500,325400,442300,608600,493000
361.29387@9.56,0,3395,2336,3219,1901,1444,2230,2761,1663,2210,2255,1375,1302,1959,2790,2688,1999,2700,2485,2953,1953,3651,2127,4092,1758,2984,2979,3389,2324,3683,2939,1910,1124,1414,1862,1923,996.2,1030,1283,1163,1065,1522,3025,1121,1125,1925,3116,1835
569.53472@9.56,0,0,0,0,0,204.1,307.7,212.3,0,0,0,0,0,286.7,405.6,350.2,0,0,0,275,0,1456,1436,1892,0,308.5,264.1,236.6,0,1181,963.4,339.8,0,0,120.1,148.1,0,0,0,0,0,172.4,441.4,0,0,0,304.8,159.6
319.29118@9.56,0,139200,226300,239600,118700,156200,158100,223900,150800,226200,0,255600,121700,177700,170900,172200,101400,0,122600,264800,121000,361100,346200,382000,155900,185200,172100,293200,112900,341200,322100,254100,0,63310,106800,128400,62220,57290,92300,0,63270,113700,240800,77080,69680,156600,249200,109400
321.28186@9.57,1287,2481,0,3065,1822,2368,2492,2435,0,2025,0,2150,1890,2911,2775,3001,0,0,2551,3524,1786,5903,4301,6302,0,3569,2963,0,1688,0,3876,2853,0,0,1397,1898,803.2,916.1,1261,0,846.2,1615,2808,1079,1033,1791,2826,1717
232.24053@9.56,1878,2944,4855,2572,2305,3020,2602,2638,2399,3033,2215,4736,2773,0,3122,0,0,0,3856,4592,2476,4901,4364,0,0,3989,0,0,3268,0,0,0,3572,0,0,3114,0,0,2426,0,3574,3953,4600,3986,4878,4268,5594,4228
364.31807@9.58,0,0,0,0,1131,1364,1574,1350,0,0,0,0,1471,2324,1799,2144,1257,1959,0,0,1135,3216,3537,4367,1202,2860,2562,3145,1107,3685,3169,2019,663.9,797.9,1016,1219,595.4,713,796.3,841.9,592.5,991.5,1946,0,0,0,1960,0
570.50682@9.58,0,0,0,0,0,147.7,0,0,0,0,0,0,0,169.1,223,217.2,147.7,1137,0,0,0,882.9,823.1,1189,226,1101,1327,1137,0,628.9,0,0,0,0,132,0,0,0,0,124.3,114.8,0,348.5,0,0,135.8,333.4,0
378.29789@9.57,1535,3237,2496,2681,0,240.3,0,238.7,1522,2082,2436,2461,179.4,251.3,300.6,0,1140,0,2284,3573,220.2,366,403.3,446.9,0,3357,2902,3526,0,0,166.1,0,0,343.2,353.9,443.9,261,192.8,0,275.5,0,535,543.9,350,312.3,419.7,850.2,499.2
513.82496@9.58,0,0,0,0,0,0,0,0,0,0,0,0,0,0,0,0,515.7,0,0,0,0,0,0,0,0,0,0,0,0,0,0,0,0,0,0,0,0,0,0,0,0,0,0,0,0,0,0,0
535.83903@9.58,0,0,0,0,0,0,0,0,0,0,0,0,0,0,0,0,341.5,0,0,0,0,0,0,0,0,0,0,0,0,0,0,0,0,0,0,0,0,0,0,0,0,0,0,0,0,0,0,0
186.21402@9.58,1275,1857,2845,1786,1523,1305,2515,2182,1928,1526,2713,1564,1847,1642,1858,2901,1721,4943,2380,2494,1500,1347,1413,1227,1707,4002,2274,1720,1498,1568,1356,810.4,4180,3060,3769,3092,3041,2912,3505,2030,3221,3359,2954,2516,3649,4993,2403,1492
615.53464@9.59,0,0,663.2,0,0,0,0,0,0,335.9,0,0,0,0,0,0,0,0,696.5,995.3,0,603,724.9,818.7,0,1016,926.1,951.3,0,266.3,242.1,0,0,0,0,0,0,0,0,0,0,0,167.1,0,0,0,203.6,0
334.27306@9.59,33690,59960,53570,56200,2545,2753,2042,2293,35680,46240,49240,46980,4509,3350,4200,4005,35460,46010,47000,63300,5379,7451,8680,8761,28150,55190,49640,61130,1553,6064,4797,3457,4037,4804,7426,8319,3016,4703,6086,5838,2648,9364,12900,7559,8109,7965,17250,10850
406.33311@9.59,0,2487,1192,0,843.7,1088,1070,972.8,0,799.5,1704,1971,726.2,2298,1553,1535,989.5,1450,1541,2151,1147,3551,3474,3724,726.9,2163,1693,2333,742.3,3325,2486,1793,444.9,937.4,656.9,1395,609.7,864.4,463.6,612,583.9,1255,1757,561.4,388.3,1076,2509,822.5
384.29266@9.59,1096,2748,1848,2067,940.1,1886,1893,1649,897.3,1768,1988,2449,761.4,2565,2096,2138,774.3,2269,2390,2483,765.9,5205,5417,6496,715.3,2806,2948,3263,552.7,4836,3888,1845,427,475.1,615.1,1229,352.5,0,436.4,496.3,354,1122,2049,580.3,409.8,1014,2422,1245
320.29362@9.59,15340,42570,21130,22050,0,34240,0,21750,16130,24210,35150,27340,0,0,0,0,0,0,40030,43090,0,42150,0,0,0,0,0,0,0,0,0,0,0,0,0,0,0,0,0,0,0,15190,0,13650,0,16850,27350,25810
362.31474@9.59,46670,99770,72890,79980,46840,64800,68680,63240,40950,71020,78390,92590,44850,95880,81190,82440,51310,88340,85250,96730,48480,155600,144800,169900,43240,107400,98280,119800,43020,143400,124900,82590,25750,29750,35680,52530,22490,25440,27110,30820,21860,44490,81340,31700,20880,49420,92250,51020
243.2268@9.59,0,0,0,0,0,742.9,308.3,339.6,0,0,5500,751.4,613.9,421.7,417.6,345.7,2400,0,5475,2647,802.1,1785,2152,974.1,2219,3675,5291,3351,337.3,688.1,1297,452.3,463.5,418.2,601.2,531,418.8,926.5,630.9,529.8,412.5,770,1083,671.2,877.9,512.5,923.6,1946
288.28528@9.61,0,0,0,0,142600,0,0,172300,0,0,0,0,115600,190300,186500,201900,113500,150200,0,0,122600,0,0,0,107900,172600,173300,184500,166000,238900,222300,183500,214600,179000,203800,219900,152700,181700,183600,210100,5544,219800,0,0,0,0,0,0
316.25617@9.59,3611,6437,5816,6152,399.8,647.9,537.9,406.1,3571,5142,5303,5226,553.9,677.4,618.2,580.4,3510,0,5743,7012,796,1349,1216,1434,3137,6069,5809,6779,466.2,0,1061,0,0,0,0,1105,413.5,0,626.2,592.5,417.8,867,1282,700,862.1,844.1,1652,1089
292.25104@9.6,0,6325,0,0,648.4,504.8,473.8,626.2,0,6391,0,11400,1479,593.7,795.3,770.8,6253,0,7678,10400,2286,1836,2157,2682,5948,9953,12850,8663,643.3,2024,1632,1030,0,816.4,1542,1439,772.7,960.9,1214,1213,696.5,1695,2942,1990,1746,1045,3468,1924
290.26531@9.6,296800,400100,428600,443300,32050,30000,25280,29690,338000,401100,394000,377800,78790,29900,39870,36070,302800,400000,408600,433900,102900,95890,102600,108300,290800,406200,410600,408100,26940,76080,66620,44940,61030,42550,91970,92430,34100,63310,81730,50540,43240,78810,145900,101900,101600,80030,159900,135700
242.23716@9.6,20930,29420,34120,35530,3094,3081,3104,4449,25640,29590,30060,27180,6082,4481,3784,3754,20740,0,30550,33880,7272,8917,9483,9980,20310,30640,29510,30140,3552,6507,7045,5407,3459,3178,5325,6115,2961,3677,5722,4099,4603,7215,9925,7129,7532,6212,10680,9877
291.25255@9.6,0,107100,0,0,5170,4499,4068,4537,0,49920,0,0,10660,4691,6175,5959,49360,0,59780,121900,14700,15750,16420,16980,48070,77390,102400,66340,4275,0,10370,10760,0,6581,11960,11500,5447,7478,13540,0,6181,12770,18830,8575,14380,10240,29040,14620
289.28339@9.61,0,0,0,0,45440,42850,51260,43340,0,0,0,0,27820,58580,48390,59110,24780,38620,0,0,27760,112400,105800,122900,23260,47130,44560,49330,39780,101500,99970,54280,34250,44000,56210,63930,37250,45220,52260,55780,2808,65120,124600,0,0,0,112100,0
763.38428@9.62,0,0,0,0,0,0,0,0,0,0,0,0,0,0,0,0,0,1387,1084,1102,0,207.5,180.2,194.4,0,1197,919.8,973.1,0,248.6,243.9,359.3,0,0,0,0,0,0,0,0,0,0,0,0,0,0,0,0
571.65153@9.61,0,229.9,0,0,0,0,0,0,0,0,0,0,0,0,0,0,0,0,396.7,0,0,0,0,0,0,0,177.9,0,0,0,0,0,0,0,0,0,0,0,0,0,0,0,0,0,0,0,0,0
765.39887@9.62,0,0,0,0,0,0,0,0,0,0,0,0,0,0,0,0,0,1036,826.6,954.5,0,165.2,196.5,187.5,0,795.4,870.9,943.4,0,256.7,223.6,279.4,0,0,0,0,0,0,0,0,0,0,0,0,0,0,0,0
363.30517@9.62,7648,16820,11170,11510,0,9791,0,9631,9060,11610,13270,15300,0,0,0,0,0,0,14980,16830,7077,25560,0,0,0,0,0,0,0,0,0,0,0,0,0,7908,0,0,0,0,0,7112,0,5134,0,8553,14680,8201
571.5095@9.62,685.2,4602,5923,6691,0,252.5,0,0,1119,4861,4071,4798,0,0,0,0,0,0,6888,6614,0,1757,0,0,0,0,0,0,0,0,0,0,0,0,0,0,0,0,0,0,0,0,600.6,365.1,0,227.5,1009,695.2
346.27003@9.64,2928,483.7,1211,394.9,0,340.4,17580,69390,2668,0,843,307.3,176.7,0,0,187.8,1145,298.5,0,337.8,0,152.8,0,163.6,1307,253.2,213.5,0,0,0,0,0,202.2,3140,15840,9051,0,4138,10610,5425,181.6,0,182.8,152.7,235.7,167.5,176.6,186.6
212.20485@9.62,4374,5876,4554,0,0,0,0,0,0,0,5801,0,2111,0,0,0,0,0,0,0,0,5720,0,0,0,0,0,0,0,0,0,0,0,0,0,3430,0,0,3161,0,0,0,0,0,0,6167,0,5742
288.28598@9.64,135400,232500,241300,236300,207200,258900,293700,256600,150200,217900,220300,237700,169300,288300,280900,300400,156600,263800,225800,260000,178000,249300,249100,258400,148800,256400,237600,273000,223600,0,192300,277700,289100,253900,302400,329500,221000,253800,275200,294100,11550,332900,242100,329400,183400,205700,248300,268200
530.27449@9.65,0,0,0,0,0,0,0,0,0,0,0,0,0,0,0,0,0,0,0,0,0,204.6,0,119.5,0,0,0,0,0,168.9,0,0,170.3,133,113,0,0,0,0,0,0,2425,195.1,795.5,0,1324,195.2,631.7
374.26248@9.64,4079,3519,4885,4994,679.8,1834,4916,4903,1903,3665,4515,3693,0,0,541.8,1284,3008,5685,2647,4872,0,484.4,686,0,3283,3295,4474,4372,1074,368.7,0,0,685.1,0,1192,878,412,0,1091,963.7,0,918.7,1180,852.5,717.1,896.8,1129,1486
429.30404@9.65,0,0,0,0,2016,2626,4799,2079,0,0,0,0,1737,4101,5972,8325,259.7,272.6,0,0,1619,398.9,3328,879.5,424.4,0,975,0,1151,0,799.3,302.1,290.6,1877,1941,1950,0,1095,2220,2503,243.7,0,284.9,178.1,169.2,0,0,202.7
244.25577@9.65,0,0,0,0,10860,12280,36470,11480,0,0,0,0,9250,18490,13820,17450,7011,40100,0,15770,8411,18710,51670,64650,6930,15320,14560,14170,11960,21920,22880,20070,0,17830,25160,23450,24110,18620,17300,21300,19460,30810,54510,26030,42180,21080,40100,25610
332.40825@9.65,148.8,0,118.6,0,155.7,222.3,0,234.3,0,224.3,225.7,256.9,146.2,248,236.1,172,0,0,249.9,0,0,346.1,274.4,342.8,0,235.4,213.6,0,0,0,0,151.3,257.8,0,0,319,0,0,0,0,0,0,246.6,611.2,216.1,0,422.8,286.9
529.23819@9.66,0,0,0,0,0,0,0,0,0,0,0,0,0,0,0,0,0,0,0,160.8,0,671.1,0,333.9,0,207.9,174.8,0,0,289.7,0,321.8,165.2,249.8,134.1,180.1,0,159.8,0,0,172.8,5951,520.9,3832,0,7273,702.1,3051
332.28455@9.66,1562,2158,2042,2230,11200,2417,3905,0,1525,1981,2934,2358,7995,17280,0,3943,2059,12940,2192,2885,8385,23380,23030,26390,1767,0,14640,3258,3004,23450,21340,16210,8009,4612,5296,5487,3951,4401,4381,5035,353.1,6131,6978,6106,2984,3144,6361,3942
766.39835@9.66,0,0,0,0,0,0,0,0,0,0,0,0,0,0,0,0,0,0,389.7,356.8,0,0,0,0,0,0,0,0,0,0,0,0,0,0,0,0,0,0,0,0,0,0,0,0,0,0,0,0
245.25132@9.67,1369,2002,1663,2615,2390,3112,2416,1764,0,3050,1832,1857,0,2185,5093,0,0,2840,2645,3516,1378,3737,3172,3978,0,0,3290,2858,0,1084,0,2500,2876,0,0,3633,0,0,0,0,1863,5342,6818,7206,4953,4710,8239,4916
272.25086@9.67,167000,228700,0,243300,70100,103900,104800,97670,174300,225600,233600,229500,74070,101800,108800,106600,151800,234100,244000,237500,74640,136800,141300,153000,163200,242000,235300,235300,69060,125200,123900,91200,60560,146000,93880,102000,174500,179000,85510,142800,187200,187200,137400,154700,58670,156400,133500,163000
254.23382@9.68,97160,137800,145000,142200,45080,68530,69070,62950,98780,136000,140000,142800,47220,68520,72600,71490,86940,143200,149700,141500,45400,90930,92480,104500,94610,149700,143600,143000,45750,83140,82760,60160,35220,95420,56030,59440,119700,122300,53100,92860,127800,130900,86360,101000,37280,106200,80530,103800
273.22935@9.67,0,0,0,0,10020,14620,15580,15680,0,0,0,0,10410,15080,15750,15980,20430,0,25050,28380,11160,19790,20370,24100,22160,36260,32290,32900,10270,16910,18440,13330,8142,23070,13200,14740,29220,27010,12080,20590,30550,29120,19670,19970,8984,20940,17590,21300
223.09424@9.68,676,0,456,548.4,0,526.1,0,0,517.6,0,643.2,0,617,493.7,453.6,588.8,664.5,440.8,0,403.7,486.8,528.9,0,539.9,0,484,446.9,417.5,624.9,546.1,455.5,0,88380,97960,131900,143500,105400,95570,139400,143100,98040,50640,106600,137200,113500,106700,127200,159400
390.30459@9.67,386.8,4052,2556,2666,408.7,81610,48810,66280,414,2937,2328,2807,326.1,7028,6784,7516,260.1,240.9,603.3,496,260.1,313.8,0,335.2,0,314.2,439.7,282.8,247.6,224.1,266.1,205.9,218.3,3597,5748,6674,168,3444,3652,4960,164.9,245.3,200.1,244.4,0,229.4,179.3,0
224.10235@9.68,1135,800.8,602.2,694.4,1272,967.4,1083,1007,861.4,642,0,657.9,1032,965.4,908.5,1040,1429,0,0,606.9,1189,706.1,755.1,730.4,1343,815.4,963.8,797.6,1325,825.4,789.9,905,8069,9733,12260,14320,22460,8428,29070,29580,10440,7118,11750,28920,24700,22280,12770,16320
429.31238@9.68,330.8,844.8,755.9,0,1527,4502,3406,2833,277.9,0,876,1810,2185,6327,9208,5034,338.2,305.5,831.5,260.2,1418,0,2110,1033,407.9,277.5,0,260.8,857.5,414.3,867.2,0,297.2,0,1285,2782,238.3,0,1614,0,0,219.4,0,351.1,0,0,242.1,0
242.10099@9.68,363.8,300.3,336.7,297.4,282.1,362.8,324,329.4,319.4,0,353,311.2,0,0,254.5,280.8,256.4,0,0,248.4,356.5,0,317,0,355,305.3,0,348,0,1738,0,0,6562,6328,7536,8827,3736,6244,7862,9049,7638,2300,6680,8035,8523,3730,7539,4788
528.23285@9.69,0,0,0,0,0,0,0,0,0,0,0,0,0,0,0,0,0,0,0,0,0,0,0,0,0,0,0,0,0,0,0,0,141.7,809.8,0,150.1,0,617,0,227.3,0,128.2,0,0,0,124.1,0,0
304.27617@9.69,0,0,0,1509,1664,963.9,1108,1095,0,0,0,0,2148,1104,1241,1104,1847,3075,0,3762,2109,1610,1475,2158,1585,3953,3736,3903,2542,1739,1631,1620,1899,1642,2837,1718,1294,1564,1508,1285,1376,2135,2905,0,1976,1554,2609,1732
328.99786@9.69,0,0,0,0,0,0,0,0,0,0,0,0,0,0,0,0,0,0,0,0,0,0,0,0,0,0,0,0,0,0,0,0,0,0,678.4,118.8,0,363.4,480.9,167.2,0,0,0,0,0,0,0,0
241.0965@9.69,235.7,0,412.2,368.2,0,394.1,0,331.9,0,275.6,346.6,0,0,252.4,0,201.3,326.9,6262,325,389,329.4,0,0,0,352.4,359,0,3771,314.4,3812,0,0,13300,14180,19560,20740,14090,13050,19300,19620,14010,7619,15240,18250,16270,14580,17260,21270
200.23097@9.71,34310,12480,11600,11690,15100,20210,19630,17840,15260,11150,11880,12910,14110,23620,20230,21600,11770,12020,11470,12340,12190,24700,22880,27170,11030,11720,12740,11140,15800,24290,25180,18990,27200,54280,44500,44990,47450,43570,36870,58440,46790,66940,59540,59810,33430,70080,56660,68600
208.08962@9.73,0,387.3,509.1,350.6,597,414.4,572.8,626.5,428.8,0,0,458.1,0,0,573.5,500.1,392.3,714.7,452.4,0,0,347.8,0,0,840.1,457.6,0,654.2,799.1,444.7,355.1,0,203300,77220,61490,0,0,63380,0,53540,0,0,0,0,0,0,0,0
251.99918@9.72,0,0,0,0,0,0,0,0,0,0,0,0,0,0,0,0,0,0,0,0,0,0,0,0,0,0,0,0,0,0,0,0,544.9,177.8,0,0,0,0,0,0,0,0,0,0,0,0,0,0
279.98541@9.73,0,0,0,0,0,0,0,0,0,0,0,0,0,0,0,0,0,0,0,0,0,0,0,0,0,0,0,0,0,0,0,0,517.1,0,184.8,0,0,182.4,0,147.5,0,0,0,0,0,0,0,0
201.23118@9.71,0,978.5,1959,0,1589,2053,2076,1819,0,0,0,966.9,1420,2740,2793,2383,1366,0,827.2,1820,1255,2711,2302,3209,0,1622,1259,0,1603,2369,2938,1887,0,5630,5128,5131,5488,4486,4107,0,5331,8128,7084,5648,3929,7569,6651,7378
225.02514@9.73,0,0,0,0,0,153.8,0,0,121.9,0,0,0,0,0,0,294.5,0,176.3,0,0,0,0,0,414.3,215.1,146.8,204.1,120.4,395.9,261.1,0,0,0,8721,41670,0,46070,32900,39450,51350,39330,0,0,3106,0,16730,0,0
332.27891@9.72,0,0,0,0,7692,9988,12970,9481,0,0,0,0,6950,12190,10890,12470,7037,0,0,7791,6613,14430,15940,17730,5776,11270,10560,11880,10480,16670,14810,11510,6976,9581,11210,14310,8641,10050,11560,12430,361.9,15390,16310,9732,6483,5435,17100,5935
336.00002@9.71,0,0,0,0,0,0,0,0,0,0,0,0,0,0,0,0,0,0,0,0,0,0,0,0,0,0,0,0,0,0,0,0,0,244.1,0,1351,0,0,0,0,0,0,195,1057,266.5,360.4,373.6,1944
288.29725@9.73,0,0,0,0,281300,248700,267200,251900,0,0,0,0,291000,268700,276800,275600,268100,0,176900,190200,245000,267000,280700,284400,220900,272300,273400,270800,298500,288600,281000,266300,239800,257500,270400,260300,292800,309100,263600,272700,9880,246900,274200,196500,247800,269100,257200,229400
569.53777@9.73,0,0,0,0,0,0,0,0,0,0,0,0,0,0,0,0,0,0,0,0,0,519.1,317.5,1027,0,0,0,0,0,0,253.3,0,0,0,0,0,0,0,0,0,0,0,241.6,0,0,0,187.2,0
289.28705@9.72,30110,0,135800,0,98300,165800,167200,128100,0,0,133400,148100,87630,179800,154100,161000,78050,164500,147500,161600,90430,243900,245000,267900,73630,140300,155800,154900,124000,239200,225000,169000,93090,128600,145100,158900,100200,127700,149700,161200,2414,188500,207700,115900,78240,71710,215500,145800
290.28061@9.72,0,0,0,0,14020,17650,20870,18230,0,0,0,0,11710,24200,22050,24050,0,0,0,0,12410,33780,38390,44530,0,0,0,0,14740,34740,33100,22410,12060,14090,18900,23360,12700,14520,18580,19630,0,25990,34450,0,9950,0,30330,0
106.08108@9.73,8858,18280,16710,16930,14120,10450,20410,18610,9454,0,14800,0,12770,23420,22190,23510,11060,20900,18210,21140,12620,35710,33320,37330,11090,18740,20600,21640,10020,31390,33730,12130,12200,13320,16290,18820,6946,14060,16310,16860,1764,22010,29210,22290,11880,12150,29170,17250
368.32431@9.73,2614,5097,0,5684,2771,4851,5555,4675,2135,5511,4561,5503,2463,5954,5692,6401,2472,4793,4268,5081,2705,11470,11720,13930,3591,4932,4686,5101,3139,9752,8887,5825,2854,222.2,3915,5238,384.3,393.7,3821,1957,976.4,2883,9944,2527,2714,3593,10070,5027
270.2517@9.73,1327,990.1,2818,2765,1251,1575,1592,1509,2024,2587,2395,2239,851.6,2669,1642,1736,1107,2910,2714,2712,1318,2717,3998,4982,611.6,2853,2719,3100,1294,2351,3794,1666,1061,2261,2327,1738,1795,2383,2548,2749,615.7,3360,3727,1827,1544,1857,2285,2258
428.31909@9.73,588.2,966.9,931,969,470.2,1973,1140,871.6,468.6,883,844.3,588.3,527.6,1285,2151,1227,454.4,802,937.7,918.4,1534,2186,2055,2649,484,929.3,862.9,958.4,1001,1925,1754,1399,0,323.1,809.7,852.5,368.2,348.9,645.1,468,1034,783.2,1319,567.5,370.5,1499,1385,1542
304.27764@9.73,1635,4108,4866,4328,3866,994.1,1063,851.6,2630,3891,4930,5588,8475,1044,944.8,913.7,2663,4771,4976,6100,2123,1302,1097,0,2340,5368,2664,5522,4194,4209,1464,2347,2806,0,3854,2427,0,858.3,1347,0,1892,0,4990,1921,4156,2465,3910,3221
288.46823@9.73,0,0,0,0,0,20720,17590,15600,0,0,0,0,0,21980,19790,23670,0,0,0,16300,0,35690,36450,37830,0,15140,14290,0,0,34340,30300,20570,0,0,15520,21610,0,0,14480,0,0,23700,33260,0,0,0,29630,0
274.25642@9.72,0,0,0,0,0,0,0,0,0,286100,115500,0,0,0,0,0,0,0,0,0,0,287400,0,0,0,0,0,0,0,0,0,0,0,0,0,0,0,0,0,0,0,0,0,0,0,0,0,0
245.25591@9.74,0,0,0,0,3207,3173,2798,2678,0,0,0,0,3047,3273,2817,3799,2332,0,2604,3657,2438,4271,4089,4912,1893,3922,3722,3825,2839,4956,4432,4164,5744,5249,6439,7595,8502,4764,5818,5708,1034,9066,16970,9679,17670,6461,17040,10720
130.05419@9.74,582.1,501.6,547.1,597.8,0,401,0,394.4,576.9,536.7,0,609.4,543,433.6,372.4,401.5,0,427.6,0,570,399.7,591.7,564.5,0,0,0,0,590.7,564.9,517.1,552.7,529.1,7997,4580,5013,3047,4539,4515,3659,3014,6084,2883,3010,0,2922,0,3076,0
324.98461@9.75,0,0,0,0,0,0,0,0,0,0,0,0,0,0,0,0,0,0,0,0,0,0,0,0,0,0,0,0,0,0,0,0,1070,763.3,491.2,488.9,549.8,434.4,281.4,0,584.8,308.2,0,0,552.8,675.9,0,512
152.08324@9.75,614.8,0,491.9,559.8,0,429.8,0,550.6,0,594.4,577,0,0,446.3,544,518.3,534.2,444.8,0,0,411.4,389.2,495.2,0,0,528.9,528.9,567.9,470.8,467.9,444.8,390.1,12750,8207,8450,6399,7923,6510,6106,5321,8982,7504,5068,5538,6687,7839,5121,6380
274.27547@9.73,0,0,0,0,0,0,0,0,0,281400,283400,0,0,0,0,0,0,0,1470000,0,0,1996000,0,0,0,0,0,0,0,138700,0,0,0,0,0,0,0,0,0,0,0,0,0,0,0,0,0,0
244.25639@9.75,30420,33420,34280,33760,29780,38470,31340,30210,27370,27830,31130,34270,30210,20830,35290,45920,24390,42240,40060,49500,25320,53950,50480,26020,23640,42630,43040,41400,32110,60450,56460,26790,60230,61330,40960,77280,80590,55190,59280,64070,6589,95530,100700,117200,102800,78830,163100,109300
404.28684@9.76,0,1746,404.3,382.6,0,3914,1875,1456,0,399.7,442.6,0,134.7,2080,4086,4758,0,207.6,0,0,0,0,151.3,202.2,166.7,223.8,0,189.9,159.3,0,191.5,153.9,0,920.5,930.2,2479,0,722.8,1076,2552,134,0,115.7,188.8,220.8,0,0,163.8
225.07646@9.76,0,0,342,418.1,587.8,651.2,617.5,644.1,0,0,353.7,381.6,719.5,736.6,638,619.1,516.6,0,0,0,1136,0,737.6,587.5,808.1,640.2,666.9,451.5,0,552.6,525.1,629.9,169200,116200,106400,100300,108000,87770,85930,81970,117100,78400,58080,67000,96400,101800,59830,86800
179.07054@9.76,2705,614.9,721.9,0,1011,932.4,1008,986.2,585,0,588.5,669.6,1231,1272,1010,956.9,801.5,0,0,1030,1934,854.1,1257,1161,0,1072,1018,960,0,626.4,866.4,916,279800,191300,179500,167100,180700,174100,138200,147800,200500,133300,109100,129200,181800,185000,108500,147700
207.05773@9.76,9517,0,659.6,0,3719,3075,3512,3299,0,3320,4082,618,3711,4053,2993,3257,2058,4151,3049,0,6470,3218,4270,3715,5251,3805,4196,3900,3185,1366,2152,2441,0,504800,463700,424800,485600,452500,406900,416900,498000,442700,365200,404300,461600,485400,354400,428700
180.07973@9.76,450,508.5,431.1,0,0,549.8,423.2,546.7,432.1,398.6,0,542.1,595.4,0,567.5,0,511.7,0,584.1,585.8,600.3,0,533.7,587.4,0,480.3,0,0,572.5,0,0,553.6,0,0,20820,19820,21050,31130,17100,0,22340,30970,13830,12390,33480,33390,12840,14650
184.08878@9.77,190.3,0,0,155.3,0,235.9,228.8,195.8,0,246,218.3,0,0,155.8,0,171.1,0,157.4,225.6,238.2,0,175.9,201.5,216.8,207.2,213.9,240.4,153.7,0,211.8,0,241.7,8591,6212,4946,5099,6310,5361,4225,4923,6899,5388,4161,4320,5962,5881,4232,4924
272.24279@9.78,0,0,241600,0,0,0,0,0,0,0,0,0,0,0,0,0,0,0,0,0,0,15760,0,0,0,0,0,0,0,0,0,0,0,0,0,0,0,0,0,0,0,0,13480,0,7973,0,14870,0
226.08808@9.79,909.9,0,0,246.9,314.4,301.3,0,0,0,338.1,283.3,0,237.6,423.7,197.9,0,0,265.4,0,365.3,0,357.4,390,335.6,209.1,293.7,236.6,0,205.6,236.2,253.2,0,0,0,0,0,0,0,0,0,0,34620,15640,18300,39650,23730,16280,19640
390.3208@9.8,0,579.2,324.1,365.5,189.2,0,0,0,219.5,0,437.2,357.6,224.5,0,419.1,0,202.4,209.9,321.8,238.2,225.2,275,496.2,439.3,0,299.3,285.7,234.9,0,380.3,380.1,285,169,0,0,0,0,0,456.3,0,0,355.1,338.3,0,161.7,0,329.3,0
375.1884@9.8,285.7,475.9,269.3,375.4,6145,1665,924.2,2126,336.7,342.2,349.2,422.2,3321,1992,1505,2208,252.2,0,369.1,482.4,2450,1248,1164,1253,357,366.7,385,0,6249,3617,1343,4787,0,0,348.9,299.5,307.4,389.7,327.2,307.5,383.9,374.9,327.2,383.7,304,356.9,327.1,354.2
258.27153@9.8,0,1265,2549,0,1258,2005,2232,1956,0,0,0,0,1474,2102,2613,2682,1103,0,1674,2331,1139,4408,4028,5530,1159,2325,2001,1801,1350,3484,3780,2273,1196,3158,2015,2988,3378,3254,1926,2636,3096,5053,3545,4004,1365,3237,4130,4865
290.28294@9.82,0,0,0,0,27460,42210,23810,19890,0,0,0,0,24060,28570,24000,31370,15730,32800,0,0,26030,72180,40530,46470,16010,29340,27530,30860,32030,49320,38070,28110,18870,24040,22260,20690,13600,25180,18700,24060,0,0,33710,0,13740,22710,0,0
374.26539@9.81,0,1125,358.3,0,0,2310,337.4,527.8,0,345.6,453.1,0,0,0,346.1,627.6,780,0,0,297.9,314.3,438.2,524.8,665.3,258.5,372.8,0,0,242.1,0,342.2,261.3,0,0,264.1,294.3,275,251.9,230.7,254.6,200.3,286,268.5,270.9,222.3,0,0,275.9
259.13194@9.82,446.5,0,416.9,499,4502,5286,1952,4157,531,430,571.2,416.2,3743,3741,1332,4986,0,511.1,0,412.8,1365,634.4,740.1,660.7,635.3,1069,1177,689.9,1643,682.2,737.3,741.1,4419,4653,6557,4208,3375,1186,4039,3934,4153,1459,1245,0,4602,1445,1161,0
317.26591@9.84,0,0,0,0,4299,16150,30520,37930,0,0,0,0,7829,3840,14870,30950,24020,59940,0,0,0,0,6001,3085,30450,55530,62980,52150,11620,2548,9846,2598,9913,7772,20650,13140,4428,9326,24430,14230,5243,0,14500,0,0,0,0,0
106.08017@9.83,0,0,0,0,3778,4218,4257,3906,0,0,0,0,3406,5905,5486,5620,3445,4624,0,0,2957,7178,8404,9453,3279,4786,4998,5552,5718,7757,7320,6291,3527,3721,4173,3996,3442,3747,4046,3920,0,4865,7638,4797,3456,0,6083,4145
288.29741@9.83,250000,0,0,888500,524400,960100,954300,933400,243600,897300,863600,0,474400,281800,963700,284800,473800,963800,924200,0,779700,287300,289200,289800,714500,928100,968600,283800,545500,290000,287600,1016000,267100,787700,279200,909400,469800,503100,275500,876900,21030,979400,285900,980000,472300,463500,282500,883600
583.55411@9.83,0,0,0,0,0,0,245.8,0,0,0,0,0,0,369,241.9,320.1,0,0,0,0,0,1142,1093,1722,0,0,260.4,289.6,156.7,904.7,706.8,359,0,0,0,0,0,0,0,0,0,305.7,695.9,0,0,0,616.7,0
241.13354@9.84,429.8,427.7,389.2,428.8,679.7,0,454.2,368.2,393.4,385.5,425.5,419.6,566.2,377.8,468,447.4,411.2,0,0,3133,826.4,4358,3369,5018,501.2,3639,2590,2841,843.6,2927,4166,5307,0,0,0,0,0,0,0,0,0,2988,4490,6191,0,0,4731,5864
427.12376@9.83,0,0,0,0,0,254.8,0,214.8,0,0,152.7,0,0,0,0,157.5,0,0,0,387.5,0,5029,8549,12270,0,166.9,0,411,0,2943,2295,3145,0,0,0,0,0,0,0,0,0,0,368.9,0,0,0,0,0
289.29012@9.83,0,385400,238900,376400,152900,284700,296300,426600,0,134700,223400,246600,181600,315600,457800,482200,170500,282700,257900,271800,141000,407700,414600,442600,119800,428400,277900,292900,164800,405900,366800,307600,186100,133500,226300,430000,131100,138600,220500,228500,2616,292500,354500,463500,122400,123000,347100,250600
331.27252@9.84,1970,2573,6726,4864,3182,4244,4270,3866,0,7031,3311,2922,2867,4493,4191,4118,2607,9274,8160,3595,3008,5894,5907,6527,2525,9698,9183,8592,4067,5396,6691,4847,2583,2831,2987,3836,3091,2948,3253,3018,1330,4762,5327,4138,2631,2533,10620,4410
270.25905@9.84,4489,10220,7496,7547,6079,11610,12290,11230,4250,7475,7159,8264,6650,10690,11690,12550,4952,9563,8254,9490,5645,20980,16660,19570,4743,8949,9827,9792,6971,20170,13490,13750,7402,5476,7270,11440,5651,6058,7484,7816,278.7,10710,13940,14070,5452,5755,17360,8662
288.47576@9.83,0,0,0,0,21600,33920,32720,29670,0,0,0,27600,14180,35430,31590,31510,12710,32440,27730,31660,18710,40330,95250,45610,0,31060,32280,26390,0,0,39910,35670,0,15130,21820,28070,15090,16420,19370,21000,0,35090,43030,27900,15890,14450,36720,24540
332.28963@9.84,0,9250,0,43140,22580,15790,36090,46270,23860,12530,10160,14310,18820,39220,50570,53330,18880,37210,13610,16340,19490,61530,61190,70470,25000,52360,37710,39070,25430,59280,53970,40070,20660,22920,26070,29770,21000,24110,24930,27860,598.6,40970,51800,15120,18640,7571,49550,10350
428.12916@9.84,0,0,0,0,0,0,0,0,0,0,0,0,0,0,0,0,0,173.2,0,0,0,833.9,2231,3352,0,0,0,176.4,128,546.6,445,811.7,0,0,0,0,0,0,0,0,0,0,0,219.5,0,212.3,0,0
568.40751@9.84,0,0,0,0,0,0,0,0,237.4,0,0,0,0,0,0,120.8,0,157.5,1027,933.1,0,449.7,3619,1302,0,391.8,383.8,0,0,161.2,1742,379.6,0,0,0,0,0,0,0,133.3,0,224.7,255.6,213,0,0,0,0
360.28688@9.86,0,0,0,0,1293,0,5791,9318,0,0,0,0,1502,891.4,3373,5640,5768,10120,0,0,0,0,1196,679.3,6116,9661,10520,10270,2344,426.2,1875,431.5,1401,1255,2931,2788,648.2,1544,0,2085,557.5,1456,2013,0,714.8,0,0,0
286.25608@9.85,2740,0,4003,4040,10720,15490,15920,14390,1434,1072,3678,0,10630,16280,15760,16400,11510,19440,0,0,10630,23210,23290,27420,10200,19370,17510,19230,11880,20760,19800,14750,14460,19870,21310,25830,19640,20980,22250,23480,974,26750,31930,506,14540,0,31550,18780
256.2555@9.85,7528,14960,16080,16780,1572,7339,11440,14820,9458,17750,13150,14460,5019,1993,8602,14430,7748,16770,17760,17280,1251,0,3105,0,8117,17670,18840,18950,2756,1470,3688,0,4741,6462,6777,10080,5392,6929,6113,6678,5219,8820,3847,8899,1821,8522,4060,9569
316.27694@9.86,149000,259500,293200,320500,28840,135800,217600,269200,200800,263400,259100,272200,50420,21290,114800,183700,154000,273300,291700,259300,547.4,7800,40770,17920,177400,269200,300700,262300,72500,7543,59430,12620,45020,49170,116200,95550,27980,59340,107800,81970,36150,73950,98040,65030,35410,60810,86720,94520
244.2572@9.87,0,0,0,0,26770,34580,20010,30170,0,0,0,0,30020,39960,35100,40390,26920,0,21970,29700,26240,56110,35070,57970,26100,43960,45310,50280,31190,60880,50940,49170,41200,37350,40310,44950,47390,38930,38180,40680,3869,68770,93900,0,86710,49880,100300,66450
242.11265@9.87,356.4,0,291.8,385.7,458.5,380.4,0,0,310.5,352.6,0,0,0,0,303,369.3,384.2,0,1293,1042,427.7,881.7,0,952.5,306.8,660.4,1211,492.1,0,0,1116,0,12500,11250,26590,0,20990,10010,27060,17500,0,0,0,0,0,0,0,0
466.3386@9.87,0,404.4,213.6,328.9,1740,5487,3586,2162,0,425,314.7,1017,808.5,6966,7791,6614,360.2,2232,8306,7627,1665,11000,17210,13670,397.3,3926,6629,7361,599.1,4696,5574,1635,282.1,507.6,694.7,1606,250.5,403.8,785.5,1552,219,363.3,1768,661.3,172.8,300.1,674.3,0
333.29393@9.87,4888,5872,1976,8351,3084,4747,4730,4209,1926,0,0,0,2581,5219,4586,7667,5625,0,4316,4936,2898,8940,8523,10110,5301,10490,3986,4581,3320,7215,7237,5136,2290,3203,3081,4368,2701,3223,3174,3139,0,5889,6816,5717,2894,3067,7223,4219
462.31215@9.87,0,3215,1146,3985,0,3922,2350,2953,258.7,257,1945,282.5,0,0,327.3,760.7,0,0,624.7,325.8,0,425.3,861.1,1040,170.3,0,0,0,0,494.3,172.4,0,236.5,203.8,0,183.8,0,190.2,170.2,0,166.4,238.2,0,0,0,165.1,0,158
268.24479@9.88,3926,5250,5577,5455,3402,5218,5467,4688,3218,5006,4988,5608,3073,5531,5480,5343,3284,12310,5051,5074,3188,7725,7600,8876,3158,5542,5205,5529,3713,7251,6469,4787,4500,6402,7320,7804,6129,6899,7540,8363,1168,9058,10610,8791,4528,4427,10320,6497
303.24936@9.88,0,0,0,0,1609,6407,7709,9375,0,0,0,0,2240,2473,6542,6826,6058,2171,0,0,716,1260,1983,1987,8864,4598,7037,3262,1409,1798,928.1,1163,0,1471,2558,2114,380.7,1542,2127,2150,492.3,686.9,717.3,0,337.2,350,616,502.4
287.26438@9.88,2959,0,0,0,2656,1628,1695,3142,2393,0,0,4295,2274,1218,1652,1781,1264,4714,4559,3715,2587,2282,3972,2821,2455,4690,3549,4029,1156,4181,2027,3080,1335,4719,2068,2431,2114,4021,2302,2095,382.5,5405,3567,2802,1633,1427,3278,2094
288.3009@9.87,425900,278600,273000,281500,0,0,0,0,437200,278000,278200,283800,0,0,0,0,0,0,285400,274800,0,288600,287100,288200,0,0,0,0,0,0,279300,0,0,0,0,0,0,0,0,0,0,0,278800,283200,0,259100,0,276100
510.36455@9.88,0,0,0,0,0,0,0,0,0,0,0,151.8,0,314.6,288.3,303.3,0,227.9,406.8,567.2,258.7,1010,2198,1312,0,269.4,375.2,586.6,0,556.2,523.1,194.4,211.2,234.5,156.4,0,160.3,183,0,202.7,0,193,420.2,203,0,0,190.3,0
380.11196@9.89,0,0,0,199.8,0,0,183,0,0,0,0,0,0,0,0,0,0,0,230.4,0,0,0,0,0,0,0,0,0,0,0,0,138,0,208.6,504,257,0,255.2,316.6,201.7,0,0,219,0,222.6,0,0,0
765.39166@9.89,0,0,0,0,0,0,0,0,0,0,0,0,0,0,0,0,0,1333,273,1513,0,0,0,0,0,1467,1052,1252,0,0,0,0,0,0,0,0,0,0,0,0,0,0,0,0,0,0,0,0
245.25888@9.89,2760,3677,2514,4269,3309,4319,3824,3778,3154,3120,3325,3222,3368,4466,3614,4292,2968,0,5002,6310,2832,7159,5898,6817,0,4841,0,0,0,0,5752,5677,0,4320,0,0,5413,0,4348,0,716.6,8268,11130,10770,10180,6474,13040,8347
550.34111@9.9,0,141,0,0,0,207.5,0,213,0,0,0,141.5,199.6,748.2,346,294.5,0,248.6,0,281.8,239.1,1083,2394,2415,193.4,177.8,264.4,203.7,188,340.5,1150,316.3,173.6,204.4,255.3,288.2,143.4,223.9,167.7,194.3,0,211.1,1209,0,182.6,160.9,553.5,166
507.31937@9.9,0,242.4,0,0,1543,1055,825.8,709.2,0,0,0,0,881.4,2154,1764,2288,346.9,473.6,0,1024,1394,1800,4524,3175,540.7,423.6,788,1074,947.5,670.1,2037,1226,286.5,630.5,607.1,1087,363.3,647.5,1069,795.1,0,393.9,1440,0,296,317.1,723.7,257
302.2552@9.9,44180,128700,143000,108700,10740,60370,62870,67330,60340,49550,107300,80520,17440,11810,46730,46360,44360,16940,47100,51520,5992,13060,16180,16100,54010,32680,46750,21990,10080,8067,8687,5025,2038,10210,17070,15060,1320,11320,15550,14420,2261,3541,7183,2499,1475,2536,3642,2378
535.0258@9.91,0,0,0,0,0,0,0,0,0,0,0,0,0,0,0,0,0,0,0,0,0,0,0,0,0,0,0,0,0,0,0,0,1490,1368,4136,4917,1535,1244,3183,3731,0,632.7,2719,0,1668,1925,4213,0
558.01625@9.9,0,0,0,0,0,0,0,0,0,0,0,0,0,0,0,0,0,0,0,0,0,0,0,0,0,0,0,0,0,0,0,0,0,498.5,1425,1856,570.7,470.1,1214,1285,0,0,0,0,0,0,1314,0
332.285@9.89,22880,43050,41350,17840,0,33200,0,14580,11240,27320,26320,28830,9077,0,16740,0,0,0,32330,36580,0,34690,0,42230,0,0,0,0,0,0,0,0,0,0,0,0,0,0,0,0,0,22010,0,38520,9573,19240,26500,29510
541.02291@9.91,0,0,0,0,0,0,0,0,0,0,0,0,0,0,0,0,0,0,0,0,0,0,0,0,0,0,0,0,0,0,0,0,400.4,237.3,506,511.5,250.9,0,488.7,384.3,226.6,0,287.4,0,364.8,289,0,0
506.33177@9.91,1126,654.7,222.2,0,3974,4814,3212,2174,1240,2090,341.4,1439,3552,8521,7669,7096,1054,1363,4151,2887,4469,7126,16570,14030,1677,1504,3228,2382,3400,2574,7546,2172,767.6,2097,1722,2802,549.4,1744,2228,2863,824.7,929.9,5137,1333,271,0,2427,366.8
447.22733@9.91,255.5,0,372.3,0,250.6,204.1,224.5,210,257.3,0,0,215.8,269.4,260.4,250.1,181,0,331.7,270,236.9,270.4,252.8,0,0,214.7,307.6,323.5,276,281.8,0,0,313.4,417.2,2115,1497,1232,427.5,1449,1199,917,463.1,2862,2275,3096,620.1,3998,4320,2353
360.29713@9.91,10310,27640,22210,12060,4200,6668,22050,30610,13130,19070,23030,23430,2037,6044,10560,13260,11510,5883,21520,21070,2535,9389,11360,12450,11280,22660,22980,22840,5013,7823,10340,4557,1069,3396,11060,8775,1398,4710,7418,5734,1359,3921,5941,3038,1813,3221,5635,4121
339.98121@9.91,0,0,0,0,0,0,0,0,0,0,0,0,0,0,0,0,0,0,0,0,0,0,0,0,0,0,0,0,0,0,0,0,837.4,840,1159,1402,711.6,629.3,1326,1166,827.1,642.5,728.9,1009,842.1,597.6,806.4,824.9
573.20602@9.91,0,0,0,0,0,0,0,0,0,0,0,0,0,0,0,0,115.6,239.8,180.4,271,0,157.7,0,197.1,0,0,0,0,0,175.7,172.8,0,0,0,441.4,415.7,349.3,0,429.8,437.4,309.9,391.5,508.8,950.5,316,468.6,405.7,788.3
602.01065@9.91,0,0,0,0,0,0,0,0,0,0,0,0,0,0,0,0,0,0,0,0,0,0,0,0,0,0,0,0,0,0,0,0,646,460.4,1187,1531,532.3,0,1134,1264,421.8,201.4,729.7,0,639.4,642.5,1257,1272
812.03224@9.91,0,0,0,0,0,0,0,0,0,0,0,0,0,0,0,0,0,0,0,0,0,0,0,0,0,0,0,0,0,0,0,0,0,0,812.7,1016,0,0,730.7,678.1,196.9,0,495.9,0,321.5,0,0,0
283.00996@9.92,151.1,0,139.2,151.5,0,0,0,0,0,0,0,0,0,384.5,249.6,0,0,277.7,0,0,315.6,382.5,266.8,0,232.6,0,0,0,0,0,0,0,1083,911.9,1826,1912,1284,876.4,1561,2222,765.8,615.5,2055,2168,1669,1892,2581,2777
324.24991@9.91,1798,5306,6233,4459,453.4,2402,2439,2710,2401,2182,4558,3622,688,913.2,2176,1954,1436,359.3,2339,2281,0,693.4,1807,1654,2208,1026,2056,730.8,0,1516,416.4,1162,0,0,1915,1518,267.3,1498,1527,1721,264.2,350.4,1599,456,0,535.5,1601,591
336.00811@9.91,0,0,0,0,0,0,0,0,0,0,0,0,0,0,0,0,0,119.6,0,0,0,0,0,0,0,0,0,0,0,0,0,0,3172,3105,5366,6898,2832,2918,5310,5172,2923,2457,5800,5932,3570,5062,6622,6982
566.00537@9.91,0,0,0,0,0,0,0,0,0,0,0,0,0,0,0,0,0,0,0,0,0,0,0,0,0,0,0,0,0,0,0,0,0,221.9,508.4,558.7,272,0,488.4,424.6,257.2,0,484.7,663.4,298.6,0,0,0
286.26577@9.91,12330,17810,17230,17870,0,6827,6374,0,10860,16910,16600,18960,0,0,0,0,0,0,19740,18230,0,10440,0,0,0,0,0,0,0,0,0,0,0,0,0,0,0,0,0,0,929.4,0,0,25940,0,12800,13920,8507
564.00516@9.92,0,0,0,0,0,0,0,0,0,0,0,0,0,0,0,0,0,0,0,0,0,0,0,0,0,0,0,0,0,0,0,0,0,410.5,1005,1179,493.8,329.9,856.2,850.7,471.8,264.2,996.8,978.9,557.6,0,764.3,1410
167.08562@9.91,1107,0,0,1367,1321,944.2,1325,0,1321,1113,1513,1325,1334,1369,1329,1219,971.5,1804,1294,0,1310,1067,0,0,1168,0,0,1095,0,0,0,0,16700,15810,25590,27960,16740,15360,26530,27600,16510,15400,26270,27900,18520,23240,30700,35490
534.02098@9.91,0,0,0,0,0,0,0,0,0,0,0,0,0,0,0,0,0,0,0,0,0,0,0,0,0,0,0,0,0,0,0,0,3392,2399,8085,9540,2643,2122,7140,7453,2237,1344,6622,7131,4103,4802,10190,12490
241.09497@9.91,460.8,376.2,263.4,411.2,455.5,526.8,0,0,308,423.5,273,0,505.6,0,429.5,0,420.7,1199,3041,6140,550.7,1757,0,0,347,0,0,0,362.1,0,0,0,61380,60670,98850,99320,62390,60170,89730,95410,59650,45710,87440,88710,64420,71640,96290,109100
311.98116@9.92,0,0,0,0,0,0,0,0,0,0,0,0,0,0,0,0,0,0,0,0,0,0,0,0,0,0,0,0,0,0,0,0,673.3,508.1,888.2,1123,616.9,453.9,835.4,885.5,473.6,250.1,634.4,595.1,584.2,591.6,599.4,817
508.34823@9.92,0,0,0,0,1333,1674,1226,531.6,204.5,602,0,217.5,855.9,3593,3106,2567,311.9,1194,1509,1772,1441,5981,10450,9460,266.2,2063,3038,3163,1102,2741,4511,1705,285.9,548.2,482.2,1291,307.3,468.9,1042,1172,204.4,605.4,2568,0,244,265.2,1303,297.1
559.01392@9.92,0,0,0,0,0,0,0,0,0,0,0,0,0,0,0,0,0,0,0,0,0,0,0,0,0,0,0,0,0,0,0,0,0,0,599,701.2,180.4,0,579.3,0,203.3,123.3,396.5,0,328.3,272.7,650,0
532.02682@9.92,0,0,0,0,0,0,0,0,0,0,0,0,0,0,0,0,0,0,0,0,0,0,0,0,0,0,0,0,0,0,0,0,0,0,566.7,661.9,216.5,0,399.7,523.6,188.5,133.9,423.6,500.8,259.3,313.9,632.9,836.5
285.98959@9.91,0,0,0,0,0,0,0,0,0,0,0,0,0,0,0,0,0,0,0,0,0,0,0,0,0,0,0,0,0,0,0,0,0,0,467.8,570.8,249.7,195.5,412.8,473.5,217.1,200.5,470.2,541.2,245.7,428.4,757.9,828.4
264.06928@9.92,0,0,0,0,0,0,0,0,0,0,0,0,105.5,0,0,0,0,0,0,0,160.3,0,167.4,0,0,0,0,151.4,0,0,0,220.6,0,2622,2990,3400,2906,2436,3520,3974,3063,1914,2838,2685,2643,2487,2887,3204
326.96329@9.92,0,0,0,0,0,0,0,0,0,0,0,0,0,0,0,0,0,0,0,0,0,0,0,0,0,0,0,0,0,0,0,0,0,851.9,1870,2105,965.9,729.6,1831,0,997.4,622.8,1787,1806,970.4,1196,2414,1503
796.05832@9.92,0,0,0,0,0,0,0,0,0,0,0,0,0,0,0,0,0,0,0,0,0,0,0,0,0,0,0,0,0,0,0,0,0,0,2676,3419,788.9,0,2344,2660,591.7,173.6,1775,2200,1052,1153,3176,3999
317.15786@9.93,0,0,9635,0,371.4,0,0,0,0,0,0,0,592.5,0,376.8,471.8,540.4,0,480.5,422.6,412.6,975.3,5439,6474,992.2,530.8,1047,455.3,0,1295,3209,3254,0,396.4,0,349.7,0,0,329.1,0,0,446.9,857,598.3,0,306.3,458.2,0
196.10655@9.92,452.6,560.2,556.8,481.2,469.8,480.2,465.1,329.4,570.6,0,507.9,601.1,493.7,325.7,0,0,499.6,614.7,462.6,0,430.8,389,354.6,443.5,0,587.6,364.5,0,0,523.3,0,0,3870,5097,6077,6753,5364,4806,6145,5828,2907,4210,8758,7623,3141,3298,3811,3573
362.96779@9.92,0,0,0,0,0,0,0,0,0,0,0,0,0,0,0,0,0,0,0,0,0,0,0,0,0,0,0,0,0,0,0,0,0,0,0,312.9,0,254.3,397.2,434.2,254.7,145.1,288.5,363.7,285.6,262.1,367.5,483.1
259.13017@9.93,0,1021,870.1,764,954.9,0,1082,952.9,564.3,577.5,955.8,685.3,809.8,1048,0,1291,0,3993,688.9,0,895.3,0,9522,14860,803.8,3793,3241,3393,1063,14210,10350,13530,2700,1889,1413,1262,1998,1503,1240,1707,1516,0,19480,0,0,0,0,0
536.03275@9.92,0,0,0,0,0,0,0,0,0,0,0,0,0,0,0,0,0,0,0,0,0,0,0,0,0,0,0,0,0,0,0,0,0,344.1,953.1,1471,494.3,353,1213,0,405.5,0,1261,924.3,675.1,704.3,1826,1233
432.27869@9.93,438.9,39790,18500,23160,368.4,3994,19480,12150,509,376.8,13510,1496,555.7,424.7,481.1,479.7,0,551.4,407.4,465.8,519.5,0,530.1,402.7,0,444.2,540.2,594.6,485.2,0,492.2,397.2,556.4,520.7,0,540.6,0,0,518.8,512.1,435.5,493.2,0,546.2,0,0,488.6,510.9
440.90526@9.92,0,0,0,0,0,0,0,0,0,0,0,0,0,0,0,0,0,0,0,0,0,0,0,0,0,0,0,0,0,0,0,0,0,173,428.8,457.4,257.2,207,436.9,0,0,0,277.5,257.1,253.4,320.5,460.1,236.9
557.018@9.92,0,0,0,0,0,0,0,0,0,0,0,0,0,0,0,0,0,0,0,0,0,0,0,0,155.8,0,0,0,0,0,0,0,0,0,4175,5194,1366,0,3606,0,1178,541.2,3327,2860,2168,1994,5264,6254
463.3205@9.93,0,661.7,297.7,841.2,249.8,0,0,664.6,0,0,534.2,0,286.9,1754,549.7,736.1,228.3,11320,0,3744,248.8,10800,18630,21910,385.8,2006,1843,10260,296.3,3106,14370,5322,241.8,253,276.7,296.8,0,255.5,202,281.4,0,403.8,931,0,266.6,306.3,375.3,261.7
283.98971@9.93,0,0,0,0,0,0,0,0,0,0,0,0,0,0,0,0,0,0,0,0,0,0,0,0,0,0,0,0,0,224,0,0,0,0,481.7,869.1,0,0,360.1,0,254.2,0,359.4,330.7,235.9,252.9,438.3,421.3
334.00416@9.92,0,0,0,0,0,0,0,0,0,0,0,0,0,0,0,0,0,0,0,0,0,0,0,0,0,0,0,0,0,0,0,0,0,0,0,370.4,169.5,0,268.7,0,153.2,0,221.5,252.2,190.6,218.4,408.7,406.6
509.34454@9.93,153.8,108.9,0,116.1,255.7,332.3,340.2,260.6,0,370.8,139.8,0,234.5,787.7,687.8,944.5,131.2,727.9,528.2,693.5,619.9,1453,2498,2979,149.3,607.7,831.6,912.3,402.8,988.1,4231,497.2,296,330.5,250.6,348.5,201.9,0,267.8,375.5,242.3,0,1098,361.5,186.4,310.2,419.8,279.1
542.02169@9.93,0,0,0,0,0,0,0,0,0,0,0,0,0,0,0,0,0,0,0,0,0,0,0,0,0,0,0,0,0,0,0,0,503.9,0,998,973.6,389.3,493.8,840.7,0,415.9,251.9,1198,1283,583.9,675.7,1621,1780
168.09893@9.94,303.7,0,282.3,351.9,345.2,0,0,338.6,0,371.8,298.2,376.9,244.8,316,0,0,347.2,4312,0,0,332.4,0,0,0,319.8,0,1125,3737,0,1553,0,0,0,0,3262,3893,4394,0,6233,0,2661,2169,3766,3120,2869,3009,4376,4267
572.98476@9.93,0,0,0,0,0,0,0,0,0,0,0,0,0,0,0,0,0,0,0,0,0,0,0,0,0,0,0,0,0,0,0,0,0,0,0,753.9,0,0,696.4,0,230.3,0,507.2,569.7,327.3,384.1,747.7,981.8
361.28025@9.94,1306,2745,2625,7420,554.7,3249,0,3449,1617,2343,2661,2458,448.2,1220,979.9,0,1125,4552,2520,0,532.8,2316,1557,0,1587,0,1672,1862,494,1716,1853,1227,364.3,325.5,1027,676.6,0,627,0,522.8,333.8,0,0,0,0,0,0,0
338.02621@9.94,0,0,0,0,0,0,0,0,0,0,0,0,0,0,0,0,0,551.2,0,0,0,0,509.2,0,0,413.3,0,571,0,515.2,472.4,553.4,0,0,630.4,782.9,505,0,755.2,0,419.7,0,568.4,728.4,541.1,664.7,803.8,704.2
412.15285@9.94,0,0,0,177.8,0,0,0,0,0,147.9,0,141.5,0,0,0,0,0,0,0,0,0,349.9,1481,1212,0,233.9,134.3,0,134.4,224,0,248,0,0,0,0,0,0,0,0,0,930.4,0,888.4,0,673,226.3,0
553.17313@9.95,0,0,0,0,0,0,0,0,0,0,0,0,0,0,0,0,0,201.8,0,0,0,0,0,0,0,0,0,0,0,0,0,0,156.9,0,264.2,178.7,0,0,0,0,0,0,0,1442,186.5,377.4,415.2,439.4
330.27815@9.95,0,0,0,0,936.6,1938,2726,2703,0,0,1849,0,896.7,2256,1825,3691,1802,4673,0,0,0,1517,2105,2072,1649,3307,3219,3222,1443,1274,2112,0,2091,2404,4580,2614,1137,2840,4195,4050,270.9,2624,2813,0,944.9,809.5,2592,0
832.13382@9.94,0,0,0,0,0,0,0,0,0,0,0,0,0,0,0,0,0,0,0,0,0,0,0,0,0,0,0,0,0,0,0,0,0,0,0,427.1,0,0,0,0,0,154.5,753.7,690.4,159.5,518,1008,1302
362.31285@9.94,0,947.1,817.2,967.8,2242,3138,1952,3909,6313,876.9,844.1,857.3,2838,2286,2472,3562,422.6,0,0,883.7,5267,2104,7447,2457,455.5,467.4,609.3,782.9,3935,3240,2978,8764,20950,6555,2950,21540,21970,1866,2658,6620,4234,1871,2163,1241,1666,1351,5182,1685
287.98205@9.94,0,0,0,0,0,0,0,0,0,0,0,0,0,0,0,0,0,0,0,0,0,0,0,0,0,0,0,0,0,0,0,0,0,0,0,0,0,0,0,0,0,0,0,196.5,122.2,0,169.4,342
850.99575@9.94,0,0,0,0,0,0,0,0,0,0,0,0,0,0,0,0,0,0,0,0,0,0,0,0,0,0,0,0,0,0,0,0,0,0,0,0,0,0,0,0,0,0,0,237.9,0,173.3,395.2,560
459.42757@9.95,115500,0,0,164.5,0,128.6,0,0,3598,0,0,0,0,0,0,0,0,0,0,0,0,0,0,0,181.6,0,193.8,0,0,0,0,0,0,0,0,158.4,0,0,190.3,137.5,0,0,0,0,0,0,0,0
183.10291@9.95,0,0,386.4,440.5,779.4,0,0,795.4,380.5,406.8,432.7,364.1,0,750,550.2,451.9,0,21740,0,0,853.9,0,13310,18220,607.9,14920,14200,15890,1042,18350,15520,23070,0,0,0,1928,1702,0,2335,0,2176,14980,10360,0,0,0,0,0
338.07338@9.95,0,0,0,0,0,0,262.7,353.9,0,0,0,0,0,0,0,0,0,665.7,0,0,140.2,1022,762.9,921.8,0,682.2,449.2,1351,169.4,670.7,683.7,1230,0,440.3,0,0,471,433.6,0,908.7,470.1,1316,1154,1271,527,664.7,892.6,585.2
508.33631@9.94,231.3,242.4,144,0,0,947.1,760.3,0,237.6,789.2,119.2,391.6,788.4,2462,1938,1612,206.8,0,2586,3098,872.6,4382,7243,7464,0,1546,2006,0,0,1763,3371,1147,274.8,0,0,635.5,246.8,0,590.6,0,277.6,577.5,1864,937,247.3,262.3,958.7,314.6
535.21203@9.95,0,0,291.9,220.1,0,150.5,133.9,0,206.6,190.4,219.3,0,0,136.6,219.8,0,0,358.4,0,0,0,0,347.8,269,0,0,0,241,0,250.9,228.6,313.3,228.9,0,0,202.1,296,0,0,212.5,315.3,1494,822.4,1833,337.1,1234,1574,1370
230.36175@9.97,33310,0,0,0,0,0,0,0,0,0,0,0,0,0,0,0,0,0,0,0,0,0,0,0,0,0,0,0,0,0,0,0,0,0,0,0,0,0,0,0,0,0,0,0,0,0,0,0
223.10428@9.96,0,0,880.4,0,10260,0,9416,6836,0,1064,914.6,0,0,0,0,0,6901,13200,8909,11340,0,0,0,0,2831,12780,6707,8526,0,0,0,0,308700,319600,397400,411400,319000,311800,401300,418000,319000,277900,410100,413100,339800,377500,428700,469300
833.13635@9.95,0,0,0,0,0,0,0,0,0,0,0,0,0,0,0,0,0,0,0,0,0,0,0,0,0,0,0,0,0,0,0,0,0,0,0,0,0,0,0,0,0,126.8,344.5,484.6,0,316.3,489.9,705.4
411.12547@9.95,205.3,0,0,0,0,0,352.2,0,0,0,0,139.3,0,0,0,0,0,0,0,0,0,1547,4246,4118,0,0,0,309,0,597.5,554.3,554.4,0,255.7,0,0,0,0,0,0,0,2174,0,2098,0,2338,0,0
551.1383@9.96,0,0,0,0,0,0,0,0,0,0,0,0,0,0,0,0,0,0,0,0,0,0,0,0,0,0,0,0,0,0,0,0,0,0,0,0,0,0,0,0,0,785.4,391.3,2335,0,0,425.5,301.9
514.25154@9.96,0,165,0,0,0,0,0,126,0,0,0,0,0,0,0,176.7,0,235.4,703.2,337.8,0,216.5,1486,259.6,0,263.6,329.1,307.6,132.3,254.2,1941,595.2,210.3,150.9,0,0,210.5,142.4,163.2,156,0,892.6,499.1,1012,156.4,225.1,0,1112
491.20258@9.96,0,0,0,0,235.4,250.8,0,247.5,0,151.7,0,0,256.2,0,240.9,198.9,0,282.5,184.6,230.5,247.2,309.2,213.7,0,0,373,380.2,384.4,179.6,353.5,0,316.6,710.1,306.2,334.7,344.7,355,246.8,0,318.9,423.2,2016,3052,3489,407.2,1226,2639,2891
225.1166@9.96,0,498.8,0,409.2,2055,974.4,0,588.2,591,0,426.9,381.4,1058,1175,923,843.4,716.5,33890,0,0,1275,22960,30500,29800,1255,23320,27790,30960,1691,31860,30800,35770,0,0,0,0,0,0,0,0,0,0,0,0,0,0,0,0
129.0636@9.96,467.3,408.4,390.8,482.9,716.2,750.9,697.8,705.8,0,381.3,360.7,392.1,759.8,1054,0,0,0,10260,0,0,783.3,12560,9843,37900,549.7,22240,8974,22240,862.7,9963,9547,10900,0,0,0,688.9,771.1,0,0,0,0,31420,25950,0,1457,26090,5996,6692
475.13651@9.96,0,0,0,0,0,0,0,0,0,0,0,0,0,0,0,0,0,0,151.7,0,0,0,0,191.3,0,0,0,0,0,0,0,152.8,0,0,0,0,0,0,0,133.3,218.8,477.8,272,551.1,0,246.8,274.2,297.3
328.02742@9.96,0,0,0,0,0,0,0,0,0,0,0,0,0,0,0,0,0,304.7,0,0,0,321.7,214.7,304.9,0,306.2,179,282.7,0,249.1,229.6,291.8,0,0,0,0,0,0,0,0,0,270,0,419.3,0,0,375.6,647.2
597.23289@9.96,0,0,0,0,0,0,128.7,151.4,0,0,0,0,0,0,159.3,203.8,0,602.4,0,567.4,0,665.2,489,870.2,0,474.2,437.6,600.2,229.3,588.7,528.6,752.3,0,0,251.9,206.6,235.7,215.6,191.7,157.9,0,571.2,470,435.1,0,542.9,411.6,0
260.1367@9.96,249.1,293.9,205.5,0,316.3,0,323.6,253.3,0,0,269.8,0,0,372,768.3,705.7,272.2,1035,0,695.4,229.3,3000,2363,3862,0,788.8,569.3,993.2,0,2385,2431,3161,0,573.4,0,0,431.7,597.8,471.1,0,422,7042,5400,5997,530.2,5793,4246,4738
155.11003@9.98,1304,1016,1428,1264,1061,1086,0,0,1230,1343,0,1444,0,1289,1322,1292,1255,21290,0,20560,0,11520,10610,12770,1407,19860,17330,19000,1063,10780,9365,12050,0,0,1193,1300,1374,0,1310,1382,1253,16410,10280,0,1398,34830,8493,8244
552.37781@9.96,164.6,184.7,0,0,0,0,0,115.9,0,0,131.6,0,678.5,0,798,0,3041,181.6,212.5,327.9,0,1267,1879,1948,3451,1228,1282,222.5,0,0,1012,233.2,0,208.5,157.6,136.7,156.9,0,202.3,0,0,246.6,924.5,271.8,0,0,268.9,227.1
463.30874@9.96,0,324.3,246.5,0,164.4,0,306.4,283.9,223,1715,0,478.1,307.1,1271,0,0,0,0,1994,2969,295.3,7141,0,15670,0,1408,0,0,0,0,9800,0,230,303.9,231.8,0,0,264.3,0,0,197.3,326.1,736.2,376.2,198.4,228.2,0,270.1
763.38818@9.97,0,0,0,0,0,0,0,0,0,0,0,0,0,0,0,0,0,1661,1200,1647,0,370.7,343.2,353.8,0,1405,1142,1148,0,455.8,430.1,707.7,0,0,0,0,0,0,0,0,0,118,0,0,0,0,0,0
197.11206@9.98,362.9,0,486.2,423.4,517.6,0,493.6,358.5,0,378.8,420.6,457.8,480.2,567.1,356,381.5,406.7,9196,7707,9168,655.4,19220,8649,11480,413.7,8097,7324,8173,634,18250,15320,19370,0,729.1,592.4,0,784.6,851.8,460.1,0,700,7983,5370,0,750.1,6092,4028,3709
244.14183@9.97,284.2,230.3,271.6,266.6,449.2,356.6,285.4,0,0,0,0,0,394.3,430.5,315.3,0,364.4,0,0,4952,470,7701,7172,8511,323.7,6504,5926,6614,511.5,7094,6765,8087,602.5,268.2,217.3,291.5,473.4,257.6,264.1,265.9,470.9,6116,4783,0,746.3,6012,3069,2981
277.06159@9.96,0,0,0,0,0,556.8,0,0,0,0,0,0,0,0,642.9,0,0,0,0,0,0,178.3,189.4,238,0,127.5,166.8,0,0,0,0,129,0,0,0,0,0,0,0,405.3,547.2,233.1,395,0,0,225.7,0,0
582.36995@9.97,0,0,0,0,0,954.8,881,605.8,0,0,0,0,0,2211,2785,2472,0,0,0,216.5,0,288.9,328.4,389.2,0,0,240.3,0,0,231.3,188.4,187.7,0,327.3,306.4,452.4,0,0,263.4,269.1,107.6,147,258.4,225.3,0,0,0,175.8
571.13039@9.96,0,0,0,0,0,0,0,0,0,0,0,0,0,0,0,0,0,0,0,0,0,0,0,0,0,0,0,0,0,0,0,0,0,0,0,0,0,0,111.8,0,0,345.5,439,725.2,0,484.9,542.6,768.6
764.3903@9.97,0,0,0,0,0,0,0,0,0,0,0,0,0,0,0,0,0,0,328.9,597,0,187,155.6,167.2,0,634,379.7,454.7,0,175.8,222.2,301.2,0,0,0,0,0,0,0,0,0,0,0,0,0,0,0,0
566.38479@9.97,150.3,0,0,0,0,256,221,0,0,203.6,0,0,0,268.5,200,188.1,0,2820,885.8,865,0,1138,6498,2258,226,1031,2532,620.5,0,290.3,2810,541.6,155.6,0,0,0,0,0,0,222.1,0,356,1606,1451,0,550.2,1199,221.3
243.12412@9.97,535,0,566.5,695.6,1770,1285,1058,942,0,1991,505.1,0,2002,1477,889.1,0,1046,49190,40530,47980,1910,49800,45420,57640,1199,44260,40340,45100,2373,46370,45140,52190,5334,0,0,0,3857,0,0,0,3785,41160,31920,40490,5804,34270,22340,26460
259.12916@9.97,486.4,0,0,556.6,0,1116,832.4,0,0,0,787.1,0,942.3,1071,833.5,0,772.7,33460,2465,3502,665.3,17980,12810,18540,716.3,3566,0,0,0,120100,13610,17960,14630,2359,0,1471,2265,0,1688,5544,2156,37290,25720,39680,2576,37450,22400,26980
179.09627@9.98,680.1,780.4,768.3,921,860.5,721.7,944.4,887.1,635.9,780.4,881.1,809.2,731.7,709.3,870.3,721.7,851.2,2054,0,2009,965,2678,1938,2383,0,2063,1563,1765,852.4,1634,1946,2160,182800,0,0,0,0,0,0,0,0,0,0,0,0,0,0,0
816.14629@9.97,0,0,0,0,0,0,0,0,0,0,0,0,0,0,0,0,0,0,0,0,0,0,0,0,0,0,0,0,0,0,0,0,0,0,0,0,0,0,0,0,0,339.4,1023,1239,0,774.8,1047,1718
360.29071@9.96,0,0,0,33420,2196,7483,6015,13200,0,0,0,0,2518,4136,4330,4215,3541,0,6444,6260,1946,7479,7444,9159,0,6843,6761,6814,1766,5079,6228,3621,0,1125,3636,2449,497.4,0,2283,1342,472.9,1192,2148,1004,697,946.9,2065,1561
817.14832@9.97,0,0,0,0,0,0,0,0,0,0,0,0,0,0,0,0,0,0,0,0,0,0,0,0,0,0,0,0,0,0,0,0,0,0,0,0,0,0,0,0,0,184.7,433.1,664.8,0,405.5,528.1,1014
201.09485@9.98,386,0,0,462.6,0,493.2,344.2,479.7,0,439.8,0,335.4,0,420.1,400.3,485.7,443.1,0,0,2086,0,4369,4002,5413,440.9,2729,2084,2323,418.9,0,3335,4130,0,380.5,482.9,344.2,505.4,0,425.2,358.1,492.3,7772,5211,6616,619.4,6707,4076,4968
169.09892@9.99,632.2,730.4,768.4,747.3,716.9,0,733.5,779.8,726.3,554.9,757.6,580,699.1,1198,1157,579.9,738.8,14720,6400,7724,0,17440,8461,19270,645.7,13750,6472,12720,0,16660,14830,19470,1183,628.2,614.6,839.9,876.7,691.7,0,905.7,876.7,10980,12630,15680,1095,8436,9768,5701
276.25699@9.97,775.3,0,0,1291,0,692.4,588.7,0,520.9,0,0,789.1,521.8,1970,807.9,1868,0,979.1,0,1840,591.4,3271,0,1907,0,650.5,0,1591,1108,0,2588,0,0,0,397.5,0,479.1,275.8,476.6,0,369.8,573.3,1177,0,467.9,433.2,780.7,423.8
516.21713@9.99,0,0,0,111.9,0,0,0,0,0,0,0,0,0,0,0,0,0,0,192.8,195.7,0,250.3,0,238.6,0,283.1,235.8,257,175.8,0,0,192.5,0,165.7,0,0,0,0,209.7,137,0,420,753.2,792.2,187,282.5,261,275.4
542.24145@9.98,0,0,0,0,0,224.8,0,117.9,0,0,0,0,0,0,137.1,0,0,0,534.5,246.4,130.3,141.9,308.3,252.1,0,767.7,526.3,191.1,0,136.9,272.5,184.3,190.1,177,174.4,0,0,188.9,136.1,149.7,180.6,300.2,303.2,330.1,0,261.7,0,302.1
517.23175@9.99,0,187.9,164.7,0,0,192.7,0,0,0,0,0,214.8,0,0,0,0,211.2,0,342.7,325,136,346.3,331.2,377.9,240.4,402.1,330.7,0,130.6,287.8,0,300.7,0,261.1,266.3,0,173.3,267.1,260.9,0,0,508.7,392,600.4,292.5,460.3,861.4,616.4
492.19092@9.98,0,0,0,0,0,195.4,0,0,0,112.2,0,0,0,0,0,0,0,0,257.3,0,0,0,0,215.8,110.8,0,0,218.7,0,0,0,199.4,211.4,0,0,140.3,0,0,0,0,0,456,0,1224,167.4,351.9,606.9,690.2
128.04689@9.98,0,273.4,358.7,283.2,477.9,487.6,556.3,576.2,0,0,363.2,339.4,316.1,587.9,348.6,379.1,365,4968,3278,3895,558.5,5745,4569,6654,0,4311,3964,0,466,0,3999,4851,8233,0,7852,0,0,0,0,3662,0,6647,4521,6701,0,5796,3400,4189
183.09781@9.99,0,0,367.6,374.8,806.8,693,818.6,1155,0,0,371.6,374.4,737.3,750,571.8,376.8,598.5,10510,17230,20940,937.6,22630,40260,51940,0,29270,17240,19480,0,35940,33300,15210,15890,6643,6245,0,0,0,0,6385,0,38590,32520,38370,0,36360,27400,30740
330.28251@9.99,2077,4446,5059,5619,1338,2786,4027,3962,2273,4249,4080,4694,1353,6017,2517,9393,2422,12690,3955,5082,973.9,2241,3019,3471,2275,5119,4808,4636,1899,2590,2952,1465,3046,3781,6939,3829,1597,4599,5880,5186,558.2,4107,4109,3187,1499,1840,3967,2531
404.28664@9.99,0,2310,1451,2927,267.9,5230,1143,2549,940.2,0,2037,0,290.4,647.2,851,614.6,456,685.2,713.6,1375,208.1,935.9,1205,1600,0,1130,0,1047,258.9,1141,962.5,777.5,226.6,324,504.4,1713,176.8,0,434.8,686,0,0,295.1,0,225.9,250.6,280.4,239.2
227.05126@10.01,0,0,0,0,0,0,0,0,0,0,0,0,178.4,0,0,0,0,0,0,116.6,0,218,271.9,258.2,0,0,0,260.1,0,387.8,806,1178,11530,17440,11840,12420,0,14290,0,15100,0,0,0,0,0,0,0,0
154.07621@10.01,446.2,383.2,416.5,341.8,0,0,0,250.3,279.4,372.2,0,0,301.1,0,260.2,366,371.5,2217,1209,1387,383.1,4430,1944,4429,269.9,1476,0,1458,0,4488,3253,4728,1805,3929,2902,0,1292,3439,3233,4192,3410,5035,0,6227,4163,0,4922,1089
376.14595@10.0,0,398,1709,562.8,0,147.3,0,212.4,0,207.9,1481,314,166.2,0,0,0,0,0,0,0,204.3,0,0,0,0,0,273.6,0,157.7,0,191.6,0,0,0,0,0,0,0,0,0,0,0,0,162.9,0,0,207,0
226.11122@10.0,343.9,205.3,0,0,0,0,246,266.9,221.2,260.8,236.1,328.5,0,0,0,274,0,0,3795,4848,0,4757,0,0,225.2,0,6108,6219,0,0,0,0,177600,248300,199700,230100,65650,90330,74350,99110,180800,0,171000,0,218500,0,0,0
286.26632@10.01,13900,19820,20310,20000,10310,16640,17330,14730,11070,18510,19120,20690,8267,18040,17240,17300,12310,21370,20350,20870,8488,26950,24520,31160,11830,21070,21100,22020,11800,25390,22010,15450,14670,18140,20070,23890,17770,18600,21800,22550,548.2,28990,38190,28330,18840,12950,37450,22320
510.34167@10.0,0,161.4,0,194.8,249.4,190.7,155.3,0,0,0,0,0,220.5,987,373.8,335.3,122.9,302.1,657.8,0,320.6,3424,3338,2483,0,476.7,827.5,764.4,0,699.4,1128,336.6,0,209.5,228.3,197.7,203.9,0,137.8,0,0,202.8,435.7,265.2,165.4,227.1,0,215.6
248.22418@10.01,2452,4602,4027,4660,2604,3659,3600,3884,3448,3986,3908,4504,4866,4279,4335,4538,2344,5500,5425,4451,3642,7436,8177,7604,2663,5471,5173,5656,2041,6217,5541,4191,2549,2707,3106,3362,2047,2581,3013,2925,3997,3335,4163,2727,1983,4898,4691,5455
268.24602@10.01,6577,9714,11320,11370,5256,8442,8645,7832,5350,9146,11320,12670,4373,10950,8698,10630,6233,0,10110,11870,4135,13410,15180,17390,5603,10870,12910,13080,5597,15190,13330,7953,8574,9934,10820,12980,10460,8406,9917,9935,373.9,15810,20230,16000,7118,6588,19510,12380
245.13257@10.01,697.2,899.3,982,900.1,0,941.3,1437,0,890.9,829.7,1199,0,873.5,1015,0,818.2,0,122200,2567,2546,0,0,0,0,0,0,0,0,0,0,0,0,0,0,0,1129,1199,0,919.1,0,0,0,0,2348,0,1563,1245,1306
602.97587@10.01,0,0,0,0,0,0,0,0,0,0,0,0,0,0,0,0,0,0,0,0,0,0,0,0,0,0,0,0,0,0,0,0,402.8,762.1,648.1,758.3,0,667.4,0,542.8,0,0,0,347.7,0,0,0,0
388.31017@10.02,0,0,0,0,2461,7764,12900,18080,0,0,0,0,3049,2211,6927,13550,9574,0,0,14920,0,1028,3928,1857,9898,19190,18440,19270,6418,1194,5147,1379,2799,950.6,6484,5053,708.3,1089,4506,631.8,696.9,3766,6657,2105,1826,2181,5193,3531
1030.07767@10.02,0,0,0,0,0,0,0,0,0,0,0,0,0,0,0,0,0,0,0,0,0,0,0,0,0,0,0,0,0,0,0,0,446.6,1707,883.2,1348,0,1194,0,1114,0,0,0,0,0,0,0,0
467.30129@10.01,248.1,424.9,0,0,1567,3336,1994,380.9,291.6,0,463.1,428.3,1801,5765,2185,2531,0,1666,0,3396,2334,5836,11490,8151,0,4501,7072,3625,658.3,4082,5415,2544,0,461.2,468.8,585.7,361.2,355.1,384.9,529.4,429.7,539.5,1977,381.6,401.1,372.2,1271,524.5
287.2622@10.01,1766,2930,2379,2196,1583,2718,2848,2519,2769,2463,0,2923,1443,2862,2773,2965,1905,0,3123,3431,2041,4657,3761,5403,1611,4285,3302,0,1974,3983,3353,2425,0,0,3036,3741,2477,0,3204,0,300.5,4848,6284,4630,2438,2274,6045,3401
524.26202@10.02,0,0,126.1,0,0,269.8,218.4,0,141.8,0,217.4,170.9,0,0,135.7,164.5,0,268.4,1224,1097,142.4,1484,1388,1518,0,1304,1205,0,0,651,1374,1445,209.3,275,0,255.9,207.8,0,214.9,267.2,181.9,1053,1623,3078,641.8,1675,1430,1889
143.0787@10.02,626.2,615.8,435.6,0,0,662.3,0,0,495.9,798.3,742,416.4,551.2,0,0,0,0,154900,7791,8146,0,0,0,0,2683,0,0,0,5896,146600,0,12320,11610,1707,0,737.7,1696,1408,0,0,0,12290,0,12370,986.5,11560,0,6275
533.02824@10.02,0,0,0,0,0,0,0,0,0,0,0,0,0,0,0,0,0,0,0,0,0,0,0,0,0,0,0,0,0,0,0,0,318.9,525.1,452.6,478,279.7,456.6,320.6,415.7,367,217.2,247,343.9,0,0,0,0
389.28242@10.02,0,0,0,0,709.1,2256,3492,4630,0,0,0,0,900.8,768.1,1780,3487,2390,0,3122,3805,280.1,368.6,1256,646,2431,4810,4405,5685,1633,367.9,1322,399.4,800.2,408.3,2030,1331,380.4,447,1369,865.3,0,1044,1906,921.8,563.1,871.5,1665,1009
519.059@10.02,0,0,0,0,0,0,0,0,0,0,0,0,0,271,0,0,0,0,0,0,0,0,0,0,0,0,0,0,0,0,0,0,872.1,0,1182,1673,665,830,1027,1626,626.1,1125,529.2,0,0,503.8,996.9,744
314.96108@10.03,0,0,0,0,0,0,0,0,0,0,0,0,0,0,0,0,0,0,0,0,0,0,0,0,0,0,0,0,0,0,0,0,289.6,413.7,431,469.6,239.5,381,319.8,366.1,263.4,0,219.7,0,219.2,0,0,0
460.0674@10.03,0,0,0,0,0,0,0,0,0,110,0,0,0,0,0,0,0,0,0,0,0,0,0,0,0,0,0,0,0,0,0,0,241.4,419.4,259.5,391.2,167.8,301.9,275.5,289.7,0,0,0,0,242.8,0,198.8,261.7
527.03154@10.03,0,0,0,0,0,0,0,0,0,0,0,0,0,0,0,0,0,0,0,0,0,0,0,0,0,0,0,0,0,0,0,0,957.5,1405,1205,1389,816.5,1272,1015,1221,805.7,903.8,514.2,0,1243,0,543.7,0
604.96968@10.03,0,0,0,0,0,0,0,0,0,0,0,0,0,0,0,0,0,0,0,0,0,0,0,0,0,0,0,0,0,0,0,0,0,406.8,263.5,329.7,141,276.1,227.7,243.5,0,0,0,0,248.4,0,0,0
501.06691@10.02,199.1,0,0,0,0,0,0,0,0,0,0,0,0,172.7,183.6,0,0,0,0,0,0,0,0,0,0,0,0,0,0,0,106.8,0,426.4,615.8,433.1,506.1,259.6,430.2,422.4,552.1,302.3,272.4,185.2,0,492.9,0,0,248.5
1535.12506@10.03,0,0,0,0,0,0,0,0,0,0,0,0,0,0,0,0,0,0,0,0,0,0,0,0,0,0,0,0,0,0,0,0,258.7,1006,482.3,716,235.7,618,356.4,567.7,0,511.9,0,0,596,0,0,0
1043.05645@10.03,0,0,0,0,0,0,0,0,0,0,0,0,0,0,0,0,0,0,0,0,0,0,0,0,0,0,0,0,0,0,0,0,0,458.5,457.3,567.1,207,357.8,330.6,390.4,263.8,139.4,185.8,0,318,0,0,0
1278.11866@10.02,0,0,0,0,0,0,0,0,0,0,0,0,0,0,0,0,0,0,0,0,0,0,0,0,0,0,0,0,0,0,0,0,201.8,484.5,272.6,391.2,0,302.9,0,282.8,0,0,0,0,0,0,0,0
323.99104@10.03,0,0,0,0,0,0,0,0,0,0,0,0,0,0,0,0,0,0,0,145.2,0,0,0,0,0,0,0,0,0,0,0,0,463.6,457,586.7,623.7,342.3,407.5,367.5,467.2,446,233.3,272,0,356.6,299.6,351.4,0
388.29097@10.03,12000,28970,25850,24950,2918,10970,20780,27920,11520,20940,28380,21370,4095,2307,8875,17380,12130,25760,23060,24420,0,2086,6075,2952,12360,24660,23370,25000,8093,2223,6396,1759,3935,1041,11300,6314,734.8,1008,6633,3853,756.6,4976,9042,3854,2336,3520,8185,5748
541.01252@10.03,0,0,0,0,0,0,0,0,0,0,0,0,0,0,0,0,0,0,0,0,0,0,0,0,0,0,0,0,0,0,0,0,782.4,977.9,1237,2086,749.1,877.3,1196,1199,744,346.6,1041,1042,926.2,1174,1504,1647
225.09846@10.02,1488,0,0,706.7,0,0,895.9,750.6,1048,1746,645.4,629.3,602.7,0,794.6,742.1,530.6,0,27090,32710,0,34600,0,39220,0,30130,0,0,0,0,0,0,379600,419700,391900,403000,345200,409000,365700,380200,348800,431600,402300,446800,386100,467600,426100,442900
513.03772@10.04,0,0,0,0,0,0,0,0,0,0,0,0,0,0,0,0,0,0,0,0,0,0,0,0,0,0,0,0,0,0,0,0,0,475.9,319.9,403.6,196,375.1,253.7,289,0,154.8,146.5,0,251.8,0,167.3,0
526.02973@10.04,0,0,0,0,0,0,0,0,0,0,0,0,0,0,0,0,0,0,0,0,0,0,0,0,0,0,0,0,0,0,0,0,1648,3331,2251,2730,1326,2475,1988,2094,1763,1254,789.1,0,1743,1156,1365,1118
184.09831@10.03,297.9,0,208.9,0,0,0,0,0,288.6,0,288.1,0,0,231.2,214.2,0,284.5,1475,2346,0,268.7,0,1795,0,219.9,0,0,1286,0,1792,1651,1810,26720,41920,32910,37920,27640,38570,31450,34940,29190,32070,24520,31160,38710,48110,40390,40730
156.09421@10.04,303.9,233.5,294.3,298.8,0,0,380.9,0,297.1,0,321.5,298.2,327.9,0,0,365.4,327.6,1555,1493,0,0,0,2642,0,246.8,0,3247,1211,358.6,2810,2523,2620,5904,9152,6443,8150,6074,8293,6502,6978,6359,8785,2498,8361,7770,11530,11570,11250
220.13677@10.04,424.8,264.8,0,261.4,406,395.9,459.8,419,260.1,390.2,0,346.1,403,533.7,461.4,432.3,379,3483,334.5,0,0,6660,7534,7197,386.9,1910,1881,2175,434.9,7310,7621,8049,1205,693.4,346.3,437,1696,667.2,507.9,658.3,638,0,7031,0,0,0,0,0
781.02378@10.04,0,0,0,0,0,0,0,0,0,0,0,0,0,0,0,0,0,0,0,0,0,0,0,0,0,0,0,0,0,0,0,0,0,636.1,480.5,574,257.5,476.6,384.7,424.3,292.9,152.9,0,0,392.9,245.6,196,0
542.01779@10.03,0,0,0,0,0,0,0,0,0,0,0,0,0,0,0,0,0,0,0,0,0,0,0,0,0,0,0,0,0,0,0,0,0,488.1,636.8,615.9,366.4,468.6,642,538.7,448.9,214.1,264.2,0,459.6,367.4,517.7,0
346.96964@10.04,0,0,0,0,0,0,0,0,0,0,0,0,0,0,0,0,0,0,0,0,0,0,0,0,0,0,0,0,0,0,0,0,924.9,1367,1074,1229,756.4,1114,962.1,971.5,847.4,500.3,426.5,0,1023,727.9,598.6,757.6
512.03906@10.04,0,0,0,0,0,0,0,0,0,0,0,0,0,0,0,0,0,0,0,0,0,0,0,0,0,0,0,0,0,0,0,0,0,0,407.3,318.7,255.7,352.3,283.2,261.9,259.2,140.6,0,0,266.3,159.5,192.5,0
528.03888@10.04,0,0,0,0,0,0,0,0,0,0,0,0,0,0,0,0,0,0,0,0,0,0,0,0,0,0,0,0,0,0,0,0,0,590.4,415.8,441.7,307.9,498.4,387.7,558.9,409.3,307.9,285.8,0,342.3,525.7,301.9,347.3
538.33046@10.04,0,150.9,0,0,3159,5536,4079,2519,0,0,0,0,361.7,0,253.6,216.8,0,231.5,246.1,279.7,1845,0,241.1,220,0,0,272.4,0,1110,2192,0,0,0,2834,2855,4350,248.6,1870,3094,3865,0,0,0,393.5,0,0,183.3,283
466.33817@10.04,759.7,371.9,520.3,331.9,4708,10390,4796,2708,201.6,4050,1416,3146,4034,27100,19300,20530,578.1,4601,21570,19140,5955,26980,54920,36390,1223,11860,21490,16710,3062,11930,15760,3968,0,858.1,864.1,2508,0,852.2,1005,2044,582.2,915.8,6191,1356,269.4,477.7,2454,431.4
525.02404@10.04,0,0,0,0,0,0,0,0,0,0,0,0,0,0,0,0,0,0,0,0,0,0,0,0,0,0,0,0,0,0,0,0,3608,6197,5070,6085,3004,5055,4292,4993,3612,1925,1559,1837,4585,3050,2122,2568
1531.11583@10.04,0,0,0,0,0,0,0,0,0,0,0,0,0,0,0,0,0,0,0,0,0,0,0,0,0,0,0,0,0,0,0,0,0,1692,864.2,1250,454.1,1225,697.1,868.6,613.6,751.3,424.7,0,1127,1271,702.7,0
324.99707@10.04,0,0,0,0,0,0,0,0,0,0,0,0,0,0,0,0,0,0,0,0,0,0,0,0,124,198.8,0,0,0,0,0,0,2977,4347,3899,4003,2698,3962,3564,3625,2629,2600,2300,2568,3997,3933,2904,3357
157.08664@10.03,0,827,0,0,1120,2288,1928,1116,654.5,799.7,666.6,780.5,0,0,984.3,846.2,0,4485,3560,0,825.6,4654,6103,6384,597.1,3564,5207,5463,976.3,6649,5922,5808,1009,681,0,0,0,920.2,0,892.6,843.8,0,4420,0,0,0,0,0
213.09375@10.03,999.9,0,954.4,760.9,843.3,884.1,828,0,1039,909.1,971.7,909.4,0,0,754.4,851.7,782.8,1597,863.8,625.6,813.4,3021,3438,3696,880.9,1209,1232,1109,0,2646,3073,2890,21830,19340,14480,17800,11050,28360,14220,15390,24380,15190,11100,12640,13160,38360,14710,14320
771.06436@10.04,0,0,0,0,0,0,0,0,0,0,0,0,0,0,0,0,0,0,0,0,0,0,0,0,0,0,0,0,0,0,0,0,0,1385,934.2,1336,708.2,1186,1012,1067,775.5,436.2,348.9,0,1042,739.9,515.8,725.4
130.05959@10.05,460.7,687.9,617.6,498.2,641.8,562.3,580.3,598.8,602.7,0,558.3,587.1,452.7,609.2,562.4,495.8,0,2906,0,0,561.9,0,3015,3687,595.9,2405,2351,2753,0,3959,3255,3279,20210,21800,21440,22170,17410,21150,20000,20690,18490,24440,26740,31880,21540,28040,27340,25980
502.03944@10.04,0,0,0,0,0,0,0,0,0,0,0,0,0,0,0,0,0,0,0,0,0,0,0,0,0,0,0,0,0,0,0,0,0,750.7,651.6,757.2,410,682,598,638.1,589,369.1,369.3,405.8,636.4,483.5,424.1,0
424.91335@10.04,0,0,0,0,0,0,0,0,0,0,0,0,0,0,0,0,0,0,0,0,0,0,0,0,0,0,0,0,0,0,0,0,419,1201,879.3,999.6,564.5,851,872.1,859.6,629.8,444.3,411.7,530.3,820.6,737.9,495.9,670.1
1027.06454@10.04,0,0,0,0,0,0,0,0,0,0,0,0,0,0,0,0,0,0,0,0,0,0,0,0,0,0,0,0,0,0,0,0,0,2593,1660,2138,935.3,2130,1478,1731,1122,892.4,600.3,0,1772,1624,961.3,0
252.0098@10.04,0,0,0,0,0,0,0,0,0,0,0,0,0,0,0,0,0,383.3,0,0,0,0,0,0,0,0,0,234.4,0,235.9,0,0,630.4,656.6,379.8,0,471.2,401.1,619.5,424.9,361.4,317.3,275.2,284.2,409.8,264.6,263.7,206.9
1537.12203@10.04,0,0,0,0,0,0,0,0,0,0,0,0,0,0,0,0,0,0,0,0,0,0,0,0,0,0,0,0,0,0,0,0,0,549.2,0,349.7,0,354.5,199.9,0,177.4,327.4,169.7,0,361.9,636.7,287.5,386.7
294.98125@10.04,0,0,0,0,0,0,0,0,0,0,0,0,0,0,0,0,0,0,0,0,0,0,0,0,0,0,0,0,0,0,0,0,633.8,1187,844.9,1095,639.2,1066,776.1,993.9,711.1,816.5,378.4,609.2,831.6,905.1,828.1,768.2
1029.07208@10.04,0,0,0,0,0,0,0,0,0,0,0,0,0,0,0,0,0,0,0,0,0,0,0,0,0,0,0,0,0,0,0,0,0,2845,1487,2344,747.2,1959,1168,1449,939.3,1105,578.2,0,1765,2605,1156,1736
772.06825@10.04,0,0,0,0,0,0,0,0,0,0,0,0,0,0,0,0,0,0,0,0,0,0,0,0,0,0,0,0,0,0,0,0,0,725.3,566.3,706.4,437.3,0,523.7,557.9,429.8,245.4,0,0,624.5,446.2,335.5,326.8
207.08505@10.04,844.9,737.2,1012,735.8,927.7,1044,0,994.8,860.6,1018,1024,944,0,1519,0,1067,901,0,4073,4936,0,0,1291,0,835.8,1108,1054,1054,1205,1114,0,0,1710000,1139000,1116000,1135000,1040000,1178000,1056000,1061000,1087000,1144000,1133000,1255000,1178000,1294000,1224000,1211000
248.09547@10.04,204.4,196.8,266.6,0,0,0,202.9,269.3,0,228.3,0,0,0,201,295.8,189,305.5,0,0,241.8,0,178.7,0,0,0,0,0,0,0,0,0,178.3,0,12410,5390,12010,4516,11520,10010,11020,9510,14390,5249,14690,12140,16570,12840,5995
322.9907@10.04,0,0,0,0,0,0,0,0,0,0,0,0,0,0,0,0,0,0,0,0,0,0,0,0,0,0,0,0,0,0,0,0,0,280.4,223.4,362.3,154.4,256.5,229,230.8,236.6,0,0,228.2,197.1,278.4,205.7,211.1
773.07068@10.04,0,0,0,0,0,0,0,0,0,0,0,0,0,0,0,0,0,0,0,0,0,0,0,0,0,0,0,0,0,0,0,0,0,434.6,310.1,445.6,281.1,333.3,320.2,333.7,276.8,189.4,140,0,364,246.4,200.8,280.1
1534.12131@10.04,0,0,0,0,0,0,0,0,0,0,0,0,0,0,0,0,0,0,0,0,0,0,0,0,0,0,0,0,0,0,0,0,0,1181,569.4,898.5,310.4,0,429.2,561.7,376.5,609.1,271.9,0,755.1,1241,578.5,949.5
152.08061@10.04,0,580.7,441.5,423.4,657.3,606.2,0,651.3,567.8,0,425.3,533.2,683.9,619.8,457,633.6,0,851.9,732.4,586.1,821.1,2220,946.5,3114,471.2,849.6,757.8,762.6,573.3,828.1,2617,2719,27020,33090,29580,31280,24940,31550,28390,30660,26450,34000,30420,34940,31290,39880,33620,38280
1274.11237@10.04,0,0,0,0,0,0,0,0,0,0,0,0,0,0,0,0,0,0,0,0,0,0,0,0,0,0,0,0,0,0,0,0,0,463.5,336,445.6,247.2,0,299.6,361.5,258.2,344.4,155.9,0,452.6,0,0,0
207.15734@10.05,992.6,737.2,1012,956.7,947.1,999.2,0,943.1,860.6,1018,1021,944,768.5,0,880.3,962.3,901,0,3236,0,0,0,0,1767,692,4600,1014,1270,941.7,0,1856,0,46360,60270,53430,43930,43490,48890,47630,54140,43180,61180,34880,58200,39740,71690,61080,68730
208.09799@10.04,556.8,630.9,0,634.4,445,584.1,0,0,705.3,589.9,469.7,0,631.2,571.4,581.5,0,561.3,0,900.4,0,615.6,0,500.1,622.5,0,568.9,0,0,683.7,613.4,535.6,503.4,0,211800,208600,222000,193000,483500,432600,211000,195900,489100,438000,502700,207100,201800,500800,536800
269.03752@10.04,0,0,0,0,0,0,0,0,0,0,0,0,235.7,0,0,0,0,0,0,0,0,0,0,0,0,0,0,0,0,0,0,0,0,1096,1219,1498,993.7,1107,1184,1152,1204,953.4,877.6,776.8,1187,0,857.5,904.4
129.06136@10.05,694,620.4,657.9,577.4,1000,0,0,733.1,522.4,873.2,660.3,584.9,0,954.4,874.9,953,0,10050,6829,9890,905.9,28920,31470,13840,783.2,8078,11680,8260,1026,29900,27180,30010,3609,4387,4410,4515,3833,4079,4371,4409,4086,9945,8586,31250,4527,0,0,22190
511.03721@10.04,0,0,0,0,0,0,0,0,0,0,0,0,0,0,0,0,0,0,0,0,0,0,0,0,0,0,0,0,0,0,0,0,0,412,520.9,544.2,406.2,422.8,460.2,483.3,451.7,206.4,196,0,480.7,198.1,211.4,195.3
247.09854@10.04,589.6,489.1,495,580.7,518.1,0,0,566.2,530.1,541.9,579.8,593.3,471.5,525.2,533.8,0,511.7,1739,506.6,585.1,584.4,0,298.9,0,414.7,321.3,378.5,0,0,235.5,0,299.2,13690,15100,13410,14400,11240,12980,11870,12410,11560,16500,12470,14790,13410,18050,13130,16680
849.0181@10.04,0,0,0,0,0,0,0,0,0,0,0,0,0,0,0,0,0,0,0,0,0,0,0,0,0,0,0,0,0,0,0,0,0,1240,688,980.9,349.7,731.1,547.5,703.3,452.4,766.3,557.3,0,711.4,1319,516.5,594.8
302.26193@10.04,0,0,0,0,0,0,0,0,0,0,0,0,0,0,0,0,0,42020,0,0,819.7,1628,1799,0,0,0,0,0,0,74250,0,0,1185,0,0,0,1430,0,0,21120,1035,1820,1369,2186,1321,1272,2174,1665
1277.11606@10.05,0,0,0,0,0,0,0,0,0,0,0,0,0,0,0,0,0,0,0,0,0,0,0,0,0,0,0,0,0,0,0,0,0,0,343.7,553.1,214.8,0,356.1,0,267.5,410.8,232.7,0,467.3,542.6,361.5,551.4
280.0496@10.05,0,0,0,0,0,0,0,0,0,0,0,0,0,0,0,0,0,2261,0,0,0,0,868.2,0,0,0,0,1440,0,0,0,1532,716.2,905.1,616.6,0,686,725.1,643.6,676.7,668.5,0,642.2,1123,681.5,636.7,0,0
1279.12223@10.04,0,0,0,0,0,0,0,0,0,0,0,0,0,0,0,0,0,0,0,0,0,0,0,0,0,0,0,0,0,0,0,0,0,0,0,272.9,0,0,174.6,0,0,250.3,159.9,0,204.8,451.1,231.7,0
1568.10005@10.05,0,0,0,0,0,0,0,0,0,0,0,0,0,0,0,0,0,0,0,0,0,0,0,0,0,0,0,0,0,0,0,0,0,0,0,181.1,0,0,140.8,0,0,159.2,0,0,166,354.7,0,0
180.08718@10.05,645.2,624.6,583.9,704,718.9,0,658.2,0,662,465.9,528.2,531.5,639.1,0,619.7,0,555.6,1167,665.8,0,522.4,1788,898.9,0,693.7,0,1019,1131,642.4,1767,1661,1573,125400,160600,72710,80860,63260,71150,72530,0,67040,75570,137000,163500,151800,90220,162400,179200
272.27672@10.05,0,2881,6250,6086,3575,6810,7513,6046,2554,5402,0,4639,4548,5598,8005,8064,1125,6002,6562,5386,3293,12400,12310,15320,2248,5880,6746,3002,3839,9837,10800,6443,693.1,664.5,2308,1486,959,1055,2581,1078,1044,2061,5038,2115,1081,1397,2168,2053
273.28685@10.05,0,1166,0,0,577.9,1187,1638,1074,0,861.1,1369,621.1,662.2,872.9,1380,1359,0,0,2408,848.7,896.8,2015,2026,2527,706.4,1431,1075,1549,684.2,1440,1823,2071,389.3,324.3,399.3,918.8,422.6,0,0,0,0,519.3,970.7,573.7,401.7,515.9,600.7,497
300.1238@10.05,412.7,0,450.9,328.3,945.9,606,649.8,726.1,404.8,0,493,376.9,1131,2914,2206,1049,669.1,7830,0,0,1101,30150,31890,34730,902.1,8772,8042,8887,1315,31400,29400,34100,4123,2733,2094,2707,3221,3012,2095,3070,415.2,41360,43900,0,3040,31430,29100,0
1083.14871@10.06,0,0,0,0,0,0,0,0,0,0,0,0,0,0,0,0,0,0,0,0,0,0,0,0,0,0,0,0,0,0,0,0,0,0,0,0,0,0,0,0,0,372.9,293.3,276.4,0,444.5,355.5,0
1045.06446@10.05,0,0,0,0,0,0,0,0,0,0,0,0,0,0,0,0,0,0,0,0,0,0,0,0,0,0,0,0,0,0,0,0,0,0,0,412.7,0,0,0,0,0,0,0,208.1,286,391.1,304.8,427.2
616.19068@10.06,0,0,0,0,0,0,0,0,0,0,0,0,0,189.9,0,0,0,354.9,0,0,269.8,0,551.5,730.4,0,419.1,298.9,310.7,518.2,718.9,632.9,596.8,0,0,0,0,0,0,0,0,0,0,365.9,0,0,0,0,0
459.04209@10.05,0,0,0,0,0,0,0,0,0,0,0,0,0,0,0,0,0,122.9,0,0,0,0,0,0,0,0,0,126.2,0,125.6,179.9,0,0,521.1,0,567.8,349,527.8,437.7,0,427.6,299.2,357.9,225.8,555.5,443.4,298.1,424.4
1095.07528@10.05,0,0,0,0,0,0,0,0,0,0,0,0,0,0,0,0,0,0,0,0,0,0,0,0,0,0,0,0,0,0,0,0,0,0,0,513.9,0,345.1,279.8,0,237.4,315.9,267.3,344,357.3,449.5,354.8,411.8
839.08751@10.05,0,0,0,0,0,0,0,0,0,0,0,0,0,0,0,0,0,0,0,0,0,0,0,0,0,0,0,0,0,0,0,0,0,0,0,136.3,0,0,0,0,129.3,1180,712.6,1058,184.6,1254,671.4,718.8
564.3623@10.06,441.1,346.6,0,327.1,592,3992,647.2,574,406.5,415.6,432.1,420.3,388.7,724.9,780.1,769.3,417,0,4905,6375,435.4,5103,7053,6765,517.8,1213,2913,1357,435.5,4551,5893,1741,447.9,411.2,463,390.5,457.2,328,0,503.5,425.5,0,1152,458.1,0,0,0,285.7
1341.12463@10.06,0,0,0,0,0,0,0,0,0,0,0,0,0,0,0,0,0,0,0,0,0,0,0,0,0,0,0,0,0,0,0,0,0,0,0,0,0,0,0,0,0,511.9,269.3,381.5,250.1,761.3,349.3,400.5
1354.07264@10.06,0,0,0,0,0,0,0,0,0,0,0,0,0,0,0,0,0,0,0,0,0,0,0,0,0,0,0,0,0,0,0,0,0,0,0,364.1,0,0,0,0,0,326,0,225,268.3,668.4,258.9,335.6
326.02482@10.05,0,0,0,0,0,0,0,0,0,0,0,0,0,0,0,0,0,330,0,0,0,0,428.8,453.7,0,431.3,287.6,338.3,0,273.4,244.7,379.5,0,1282,0,1205,496.5,713,638.9,1000,609.6,896.3,1303,934.5,816.3,1417,1151,1422
212.10425@10.06,0,938.7,891.2,877.3,837.8,845.1,672.6,785.4,1645,760.6,883.1,880.2,772.7,811.9,888.4,777.9,809,4164,0,2505,824.8,3075,939.2,1768,779.2,3929,1157,1170,812.1,2846,1128,2766,0,239900,186600,214700,164500,228500,181300,198700,77220,169900,134600,170000,216400,244800,183100,232200
1275.11375@10.05,0,0,0,0,0,0,0,0,0,0,0,0,0,0,0,0,0,0,0,0,0,0,0,0,0,0,0,0,0,0,0,0,0,966.2,0,708.6,0,648.4,484.2,0,352.1,431.8,253.7,420.2,639.1,705,429.8,564
260.13305@10.06,236.2,224.6,231.4,0,522.6,0,0,383.7,198.4,261,212.6,235.9,487.4,1018,625.5,581.9,371,3914,0,0,497.2,15080,24470,20230,469.9,4633,4452,4304,616.8,15600,15860,16910,1492,1128,652.6,831.9,1394,1116,811,972.3,1586,13960,16090,11770,1273,9486,10210,0
299.03792@10.06,1208,0,0,0,0,0,0,0,0,1646,577.2,0,559.5,645.3,408.4,0,0,29480,932.1,27890,0,13310,15040,18680,0,19810,18200,20240,1097,19990,17410,18650,1776,969.4,651.1,723.8,1976,557.1,507.4,600.2,483.5,556.4,17810,492.3,0,706.8,558.3,624.8
270.05003@10.05,0,0,0,0,0,0,0,0,0,0,0,0,0,0,0,0,0,0,0,0,0,164.8,0,0,0,155.7,0,0,0,0,152.1,0,0,235.2,0,282.7,271.5,220.6,249.1,197.9,264.9,245.3,272,261.4,322.5,274.7,250.1,206.3
523.08783@10.06,0,0,0,0,0,0,0,0,0,0,0,0,0,0,0,0,0,0,0,0,0,0,0,0,0,0,0,0,0,0,0,0,0,0,328.5,441.2,695.9,368.9,401.4,0,596,3174,0,2554,411.5,3526,0,0
533.02081@10.05,0,0,0,0,0,0,0,0,0,0,0,0,0,0,0,0,0,0,0,0,0,0,0,0,0,0,0,0,0,0,0,0,0,397.8,311.5,441.1,0,380.2,317.1,0,350.2,192.8,182.8,186.8,439.5,208.9,292.5,169.5
1352.06756@10.05,0,0,0,0,0,0,0,0,0,0,0,0,0,0,0,0,0,0,0,0,0,0,0,0,0,0,0,0,0,0,0,0,0,0,0,421.8,0,0,0,0,0,278,192.8,218.6,266.6,359,258.1,337.2
313.0609@10.05,0,0,0,0,117.9,0,0,0,0,0,382.3,0,0,0,0,0,0,496.9,0,0,0,628.6,863,899.3,0,393.1,0,0,307.5,614,728.9,709.4,479.6,409.8,0,264.8,325.7,406,0,0,362.4,2207,1992,1995,356.5,2580,1865,2219
851.03273@10.05,0,0,0,0,0,0,0,0,0,0,0,0,0,0,0,0,0,0,0,0,0,0,0,0,0,0,0,0,0,0,0,0,0,533.9,0,437.1,0,447.5,305,0,263.9,567.6,303,537.2,325.3,564.8,357.9,532.7
590.32821@10.06,0,0,0,0,0,0,0,114.6,0,0,0,0,0,0,0,0,0,298.1,207.7,0,0,342.3,715.3,324.9,0,532.8,307.3,400.1,0,1043,401.6,1113,0,0,0,141.8,0,0,0,113.5,0,397.1,549.4,1596,0,603,0,0
1081.14442@10.06,0,0,0,0,0,0,0,0,0,0,0,0,0,0,0,0,0,0,0,0,0,0,0,0,0,0,0,0,0,0,0,0,0,0,0,0,0,0,0,0,0,709.5,563.1,648,169.7,1176,699.5,766.4
552.39314@10.06,5813,183,188.6,154.3,287.5,235.8,217.8,219.3,3844,863.8,158.1,469.3,362,0,559.3,0,0,208.5,2086,385.2,216.8,0,0,0,0,436.4,0,0,0,0,0,0,158.9,0,231.4,144.8,0,235,179,261.6,169,0,0,0,177.7,0,236.5,201.9
842.09995@10.08,0,0,0,0,0,0,0,0,0,0,0,0,0,0,0,0,0,0,0,0,0,0,0,0,0,0,0,0,0,0,0,0,0,0,0,0,0,0,0,0,171.6,2103,1085,1182,346.4,1992,1065,1478
1080.14083@10.06,0,0,0,0,0,0,0,0,0,0,0,0,0,0,0,0,0,0,0,0,0,0,0,0,0,0,0,0,0,0,0,0,0,0,0,0,0,0,0,0,0,642.5,490.9,654.9,173,817.1,605.3,617.3
1118.23064@10.07,0,0,0,0,0,0,0,0,0,0,0,0,0,0,0,0,0,0,0,0,0,0,0,0,0,0,0,0,0,0,0,0,0,0,0,0,0,0,0,0,0,419.6,288.7,0,0,0,0,279
1132.20592@10.06,0,0,0,0,0,0,0,0,0,0,0,0,0,0,0,0,0,0,0,0,0,0,0,0,0,0,0,0,0,0,0,0,0,0,0,0,0,0,0,0,0,303,195,0,0,221.1,185,203.5
1314.20124@10.08,0,0,0,0,0,0,0,0,0,0,0,0,0,0,0,0,0,0,0,0,0,0,0,0,0,0,0,0,0,0,0,0,0,0,0,0,0,0,0,0,0,452.7,259.2,274.6,0,360.4,266.7,297.3
1377.22202@10.07,0,0,0,0,0,0,0,0,0,0,0,0,0,0,0,0,0,0,0,0,0,0,0,0,0,0,0,0,0,0,0,0,0,0,0,0,0,0,0,0,0,353.5,220.1,0,0,0,189.6,217.6
1398.21684@10.07,0,0,0,0,0,0,0,0,0,0,0,0,0,0,0,0,0,0,0,0,0,0,0,0,0,0,0,0,0,0,0,0,0,0,0,0,0,0,0,0,0,356.8,213.2,0,0,227.6,0,0
1592.17205@10.07,0,0,0,0,0,0,0,0,0,0,0,0,0,0,0,0,0,0,0,0,0,0,0,0,0,0,0,0,0,0,0,0,0,0,0,0,0,0,0,0,0,355.4,160,238.7,0,346.1,209.9,282.2
1599.12592@10.06,0,0,0,0,0,0,0,0,0,0,0,0,0,0,0,0,0,0,0,0,0,0,0,0,0,0,0,0,0,0,0,0,0,0,0,0,0,0,0,0,132.7,443.2,226.2,351.6,204.8,618.8,284.4,447.5
179.08691@10.06,896.9,926.4,833.1,899.8,943,0,990,1047,688.3,908.9,704.7,696,0,1015,1043,937.4,0,4283,3114,3983,945.4,3778,5179,6466,906.4,3725,3158,3488,1053,6777,2224,6800,0,617100,589300,599200,519800,585400,560600,573500,539500,662800,228400,228500,603500,737900,236400,243600
1097.08233@10.06,0,0,0,0,0,0,0,0,0,0,0,0,0,0,0,0,0,0,0,0,0,0,0,0,0,0,0,0,0,0,0,0,0,0,0,0,0,0,0,0,0,361.1,284,285.4,282.3,506.2,294.3,469.1
823.13735@10.06,0,0,0,0,0,0,0,0,0,0,0,0,0,0,0,0,0,0,0,0,0,0,0,0,0,0,0,0,0,0,0,0,0,0,0,0,144.2,0,0,0,0,734.4,657.4,832.7,0,905.7,713.7,871.4
353.04721@10.06,0,0,133.9,0,0,0,0,0,0,0,0,0,0,0,0,0,0,0,0,0,0,315.4,284.4,359.1,0,0,0,0,0,319,299.5,290.5,0,0,0,0,0,0,0,0,0,522.5,403.7,302.1,0,0,328.3,314.3
562.3553@10.06,0,295.2,0,193.5,814.5,4561,605.5,633.1,277.9,0,0,0,483.1,4265,1184,3624,381.3,1680,1234,836.9,603.6,3924,6490,6219,511.2,1217,1275,2247,392,2324,2949,1217,296.6,356.7,0,1648,321.4,335.6,447.3,1955,0,317.5,0,231.8,252,0,0,210.7
155.10285@10.06,1195,0,0,1043,1438,1541,1483,1652,1372,1270,1311,0,1415,1714,1652,1524,1069,0,17580,0,1210,56090,40180,50750,1353,8434,7507,7820,1646,44690,36610,37250,2263,0,1454,1571,1888,1441,1694,1671,1793,24540,34840,40860,1968,11070,26880,30190
153.07513@10.06,0,0,1977,2079,0,1803,1790,1769,1969,1818,1553,0,1724,1765,1637,1794,1641,2732,0,0,1820,13280,13290,6842,1687,2350,2596,1873,1918,12720,11350,2972,0,0,0,11490,9875,0,11050,23780,10980,11550,11050,10990,12070,32020,25590,29310
201.09291@10.06,465.4,501.8,450.5,370.4,543.1,442.5,524.8,570.5,0,377.6,472.8,379.1,560.9,991.8,735.3,614.2,518.6,7924,7272,7643,498.4,30480,27710,35040,590.7,7940,7494,7809,555.3,30330,19070,21550,1685,925.3,754.9,752.5,1092,1045,719.3,775.7,969,17380,22010,25800,1291,13800,16420,18640
585.1022@10.07,0,0,0,0,0,0,0,0,0,0,0,0,0,0,0,0,0,0,0,0,0,0,0,0,0,0,0,0,0,0,0,0,0,0,0,0,0,0,0,0,0,530.5,408.5,306.5,0,0,293.7,0
117.03567@10.06,708.3,698.5,651.8,624.3,731.7,578,0,0,756.3,564.1,707.1,583.5,697.6,1111,931.1,832.8,632.4,6924,7874,6394,789,20340,18280,23920,737.1,9078,6354,8653,684.7,19560,16270,18690,1627,776.4,731.5,818.9,1212,839.7,753.3,784.6,1250,22910,19800,22080,1242,12560,15030,16510
219.10656@10.06,621.6,0,0,0,1496,931.3,887,1017,2781,3445,0,0,3077,4046,2854,3188,1034,0,18320,18730,3212,66230,74520,89060,2915,19680,18650,17130,2015,50660,67530,73050,0,4600,2432,3300,5189,4567,3408,2924,4694,94700,90420,83360,7786,77300,67590,74100
173.08976@10.06,0,970.8,702.7,977.4,1357,1085,1106,1218,0,816.8,870.5,0,1268,3289,1425,1321,1102,0,10010,11700,1317,32680,30890,36480,1075,8923,9704,10690,0,18360,29730,34510,0,2419,1245,1883,3657,2475,2137,1477,3535,39870,28830,35870,3997,24730,30880,30100
1325.17815@10.06,0,0,0,0,0,0,0,0,0,0,0,0,0,0,0,0,0,0,0,0,0,0,0,0,0,0,0,0,0,0,0,0,0,0,0,0,0,0,0,0,0,523.1,308.5,522,145.5,525.2,387.7,481
912.28955@10.06,0,0,0,0,0,0,0,0,0,0,0,0,0,0,0,0,0,0,0,0,0,0,348.4,344.4,0,213.4,143.4,200.6,0,300.3,257.7,335.8,0,0,0,0,0,0,0,0,0,0,0,0,0,0,0,0
821.12673@10.06,0,0,0,0,0,0,0,0,0,0,0,0,0,0,0,0,0,0,0,0,0,0,0,0,0,0,0,0,0,0,0,0,0,0,0,0,0,0,0,0,0,297.9,182,0,0,263.7,281.4,233.7
883.34315@10.07,0,0,0,0,0,0,0,0,0,0,0,0,0,0,0,0,0,440.3,0,0,0,415.3,362,443.6,0,429,390.3,453.5,0,466.8,346,567.3,0,0,0,0,0,0,0,0,0,0,0,0,0,0,0,0
154.07361@10.06,0,404.9,382.1,327.2,394.3,0,0,0,417.2,310.9,0,363.5,380.9,311.4,0,403.9,303.8,1112,0,0,326.7,1497,1423,1609,373.7,1103,900.6,1255,322.2,1555,1403,1591,0,1604,1542,1956,1697,0,1835,0,1850,2080,1944,1748,1852,2488,2015,2089
299.11445@10.06,5155,2300,2099,2256,5551,3020,3019,4211,10770,9829,2271,0,701.7,13040,8649,6197,3291,62010,59490,61320,5597,216500,215200,254700,5604,68590,62320,64130,7429,219500,200400,228800,28980,17280,9684,12420,21600,19210,13450,15040,19870,358500,325300,295600,25330,247400,264800,299300
471.05873@10.06,0,0,0,0,0,0,0,0,0,0,0,0,0,0,0,0,0,258.3,0,0,0,189,178.6,200.6,0,226.9,0,279.3,0,208,215.4,262.2,0,0,0,321.9,262.9,0,287.8,0,261.2,379.5,0,285.4,239.8,0,336.7,306
1529.10858@10.06,0,0,0,0,0,0,0,0,0,0,0,0,0,0,0,0,0,0,0,0,0,0,0,0,0,0,0,0,0,0,0,0,0,0,0,0,0,0,427.3,0,421.8,388.8,264.6,309.9,680.9,658.2,435.8,481.8
615.2016@10.07,0,0,0,0,111.2,0,0,0,0,0,0,0,0,352.9,0,419.8,0,626.4,708.4,1007,365.7,1396,1520,1712,0,713.5,759.9,648.3,0,1858,1458,1876,255.8,0,165.6,0,0,0,0,223.7,161.4,947.7,920,0,0,0,613.1,0
573.24134@10.07,0,0,0,0,0,0,0,209.2,0,0,162.9,0,0,0,124.6,0,0,1163,216.5,0,0,417.8,366.2,1152,0,1295,357.1,983,134.3,394.1,337.8,662.8,157.7,215.2,234.3,0,161,232.8,172.4,241.4,0,422.9,347.8,0,0,0,288.6,0
901.0992@10.06,0,0,0,0,0,0,0,0,0,0,0,0,0,0,0,0,0,0,0,0,0,0,0,0,0,0,0,0,0,0,0,0,0,0,0,0,0,0,0,0,0,321.8,228.6,0,0,469.3,281.1,282.8
183.09224@10.06,738.5,408.7,0,605.9,586.3,0,449.5,0,460.7,0,939,435.4,517.1,860.2,597.6,516.2,496.1,7500,0,0,437.1,23920,11980,14290,458.5,8025,9618,10180,587.3,11180,10760,12040,0,0,0,0,5906,0,7391,0,6755,13320,13090,10900,7999,13090,11180,11790
1323.17038@10.07,0,0,0,0,0,0,0,0,0,0,0,0,0,0,0,0,0,0,0,0,0,0,0,0,0,0,0,0,0,0,0,0,0,0,0,0,0,0,0,0,0,296,191.4,234.2,0,359.8,173.1,287.3
1351.06926@10.06,0,0,0,0,0,0,0,0,0,0,0,0,0,0,0,0,0,0,0,0,0,0,0,0,0,0,0,0,0,0,0,0,0,0,0,0,0,0,0,0,220.9,298.6,210.8,277.9,333.9,501.3,291,347.2
1538.12219@10.06,0,0,0,0,0,0,0,0,0,0,0,0,0,0,0,0,0,0,0,0,0,0,0,0,0,0,0,0,0,0,0,0,0,0,0,0,0,0,0,0,0,0,196.8,219.5,248.8,400.2,228.8,252.9
1561.10378@10.06,0,0,0,0,0,0,0,0,0,0,0,0,0,0,0,0,0,0,0,0,0,0,0,0,0,0,0,0,0,0,0,0,0,0,0,0,0,0,0,0,133.9,207.9,135.6,180.6,200.3,315.3,164.2,186.6
1585.17718@10.06,0,0,0,0,0,0,0,0,0,0,0,0,0,0,0,0,0,0,0,0,0,0,0,0,0,0,0,0,0,0,0,0,0,0,0,0,0,0,0,0,0,296.9,232.1,273.5,147.6,455.5,256.4,283.6
1598.12771@10.07,0,0,0,0,0,0,0,0,0,0,0,0,0,0,0,0,0,0,0,0,0,0,0,0,0,0,0,0,0,0,0,0,0,0,0,0,0,0,0,0,0,225.9,153.2,197.9,174.3,422.9,213.8,260.8
1600.13528@10.07,0,0,0,0,0,0,0,0,0,0,0,0,0,0,0,0,0,0,0,0,0,0,0,0,0,0,0,0,0,0,0,0,0,0,0,0,0,0,0,0,0,408,217.5,335.3,183.5,719.4,257.7,420.1
1603.14016@10.06,0,0,0,0,0,0,0,0,0,0,0,0,0,0,0,0,0,0,0,0,0,0,0,0,0,0,0,0,0,0,0,0,0,0,0,0,0,0,0,0,114.7,518.5,267.7,357.2,175.6,894.4,336.3,549.9
1608.14392@10.06,0,0,0,0,0,0,0,0,0,0,0,0,0,0,0,0,0,0,0,0,0,0,0,0,0,0,0,0,0,0,0,0,0,0,0,0,0,0,0,0,0,240.4,142.9,0,122.5,345,174,203.6
1611.11137@10.06,0,0,0,0,0,0,0,0,0,0,0,0,0,0,0,0,0,0,0,0,0,0,0,0,0,0,0,0,0,0,0,0,0,0,0,0,0,0,0,0,0,223.3,0,195,182.8,360.4,176,237.3
641.07551@10.07,0,0,0,0,0,0,0,0,0,0,0,0,0,0,0,0,0,0,0,0,0,0,0,0,0,0,0,186.7,0,0,0,0,0,0,0,0,114.2,0,0,0,0,450.3,362.9,0,162.3,677.7,272.2,484.6
1327.18449@10.06,0,0,0,0,0,0,0,0,0,0,0,0,0,0,0,0,0,0,0,0,0,0,0,0,0,0,0,0,0,0,0,0,0,0,0,0,0,0,0,0,0,571.2,454.2,618.4,167.4,741.2,552,671.6
1131.19966@10.07,0,0,0,0,0,0,0,0,0,0,0,0,0,0,0,0,0,0,0,0,0,0,0,0,0,0,0,0,0,0,0,0,0,0,0,0,0,0,0,0,0,480,320.8,0,0,396.4,284.6,339
1273.10827@10.06,0,0,0,0,0,0,0,0,0,0,0,0,0,0,0,0,0,0,0,0,0,0,0,0,0,0,0,0,0,0,0,0,0,0,0,0,0,0,0,0,0,286.3,0,316.5,467.1,424.6,0,300.8
1583.17685@10.06,0,0,0,0,0,0,0,0,0,0,0,0,0,0,0,0,0,0,0,0,0,0,0,0,0,0,0,0,0,0,0,0,0,0,0,0,0,0,0,0,0,288.8,193.3,329.4,154.3,449,249.1,344.7
886.36096@10.07,0,0,0,0,0,0,0,0,0,0,0,0,0,0,0,0,0,1419,0,0,0,1237,997.4,1211,0,1489,1254,1644,0,1178,1164,1424,0,0,0,0,0,0,0,0,0,0,448.7,0,0,0,0,0
893.31582@10.07,0,0,0,0,0,0,0,0,0,0,0,0,0,0,0,0,0,499.4,0,0,0,578.8,595.2,774.9,0,488,465.8,590.3,0,636,475.4,736.8,0,0,0,0,0,0,0,0,0,555.5,396.8,0,0,0,0,0
103.04885@10.06,0,267.4,365,0,0,0,0,340.6,0,0,273.8,343.2,386.8,0,680.8,680.7,362.3,3976,3969,5294,490.7,6852,7498,7176,395.3,4148,4307,4574,0,6291,5643,4491,0,0,0,889.3,0,0,821,0,839.6,4321,4968,4549,939.7,3671,3285,3563
1079.13805@10.07,0,0,0,0,0,0,0,0,0,0,0,0,0,0,0,0,0,0,0,0,0,0,0,0,0,0,0,0,0,0,0,0,0,0,0,0,0,0,0,0,0,815,0,822.7,220,1061,850.4,904.1
115.05957@10.07,783.2,0,0,616.7,913.6,1055,904.8,906.7,607.3,0,631,543,911.3,1026,985.5,860.4,825.5,7082,0,7138,737.1,9177,15800,19520,845.9,7351,9512,10650,948.5,9270,12610,14020,2686,1162,1046,1302,1326,1084,1168,0,1185,15060,6529,15150,1139,5129,4897,11560
572.24017@10.08,0,0,0,0,0,0,0,0,0,0,0,0,0,0,0,0,0,312.1,0,0,0,259.3,268.6,737.3,0,277.2,216.1,305.3,0,234.7,258.7,280.2,0,0,138.1,0,112.1,0,0,0,127,299.5,322.8,297.7,0,0,162.8,0
675.16725@10.07,0,0,0,0,0,0,0,0,0,0,0,0,0,0,0,0,0,248.7,0,0,0,237.3,218.6,336,0,251.6,196.1,268.2,0,214.1,275.2,257.8,0,0,0,0,0,0,0,0,0,0,224.5,0,0,0,0,0
907.31998@10.07,0,0,0,0,0,0,0,0,0,0,0,0,0,0,0,0,0,373.1,0,0,0,422.5,383.6,549.4,0,343.4,336.3,421.8,0,380.3,398.8,480.8,0,0,0,0,0,0,0,0,0,0,254.5,0,0,0,0,0
914.29319@10.07,0,0,0,0,0,0,0,0,0,0,0,0,0,0,0,0,0,0,0,0,0,348.3,322.5,490.3,0,218.7,177.9,242.8,0,320.2,336.8,406.8,0,0,0,0,0,0,0,0,0,0,205.3,0,0,0,0,0
916.28799@10.07,0,0,0,0,0,0,0,0,0,0,0,0,0,0,0,0,0,629,0,0,0,619.9,566.4,879,0,675,596.9,768.8,0,638.8,664.5,798.5,0,0,0,0,0,0,0,0,0,452.7,465.1,0,0,0,0,0
887.35173@10.07,0,0,0,0,0,0,0,0,0,0,0,0,0,0,0,0,0,964.9,0,0,0,705.4,623.8,981.3,0,902.1,731.7,966,0,890.9,767.5,928.9,0,0,0,0,0,0,0,0,0,441.4,360.5,0,0,0,0,0
619.1806@10.08,0,0,0,0,0,0,0,0,0,0,0,0,0,0,187.5,297.1,0,438.2,0,564.2,0,385.7,437.3,491.5,0,261,289,326.6,384.6,409.5,514,464.8,0,0,0,0,0,126.7,0,151.5,0,256.8,297.1,0,0,167,214.5,0
819.11392@10.07,0,0,0,0,0,0,0,0,0,0,0,0,0,0,0,0,0,0,0,0,0,0,0,0,0,0,0,0,0,0,0,0,0,0,0,0,0,0,0,0,0,338.7,0,275.1,195.4,535,259.5,441.1
1331.18153@10.07,0,0,0,0,0,0,0,0,0,0,0,0,0,0,0,0,0,0,0,0,0,0,0,0,0,0,0,0,0,0,0,0,0,0,0,0,0,0,0,0,0,270.5,0,266.4,0,359.7,190.8,305.9
584.32881@10.07,0,166.4,0,0,0,0,147,201.1,0,0,130.9,0,107.7,0,178.2,183.3,0,358,237.7,0,0,458,510.7,960.1,0,982.9,375.3,327.3,0,0,414.2,417.7,226.6,186.1,196.3,0,188.5,158.3,216.3,0,130.8,344.8,368.8,0,146.4,192.3,0,0
1533.12155@10.06,0,0,0,0,0,0,0,0,0,0,0,0,0,0,0,0,0,0,0,0,0,0,0,0,0,0,0,0,0,0,0,0,0,0,0,1000,0,0,0,0,0,660.1,0,577.5,1045,1788,778.6,1124
506.33082@10.07,3806,887.2,593.4,587,6310,7713,5633,5062,2900,3183,0,1552,3923,14020,11960,8897,2162,1321,6927,5019,5888,6895,20590,14960,2726,3106,5770,2344,4299,2120,9781,2689,0,2747,1947,3897,428.9,2070,3033,3620,422.2,510.1,4733,858.6,259,201.2,2116,292
563.35104@10.06,0,0,200.9,166.4,287.9,629.9,320.2,359.2,149.7,174.3,149.5,204.7,262.6,672.6,415.7,497.1,243.5,360.4,446.1,1483,323.7,0,1508,2284,295.8,646.4,0,557.5,262.1,603.3,1406,502,259.1,221.4,0,370.6,214.6,0,201.2,0,241.9,0,733,0,268.5,0,0,0
456.31965@10.07,1889,630.9,1131,1837,266.8,4367,2225,2510,658.8,227.2,1094,0,237.9,294.5,2434,1533,401.1,270.8,310,349.2,186.2,265.2,0,0,723.5,295.1,287.5,217.4,254.7,0,196.6,257,180.9,184,1456,1174,178.3,0,438.5,0,232,196.7,174.1,229.1,0,0,206.7,0
607.25608@10.08,131.3,191.5,0,113.3,139.6,0,0,0,0,0,132.5,0,118.7,0,0,202.2,0,745.2,1005,0,0,427,497.8,572.2,182.1,886.8,928.3,955.5,0,619.3,1129,756.9,149.7,201.6,152.6,173,0,0,192.6,0,0,1811,1166,1006,181.9,579.1,1042,622.7
1536.12432@10.06,0,0,0,0,0,0,0,0,0,0,0,0,0,0,0,0,0,0,0,0,0,0,0,0,0,0,0,0,0,0,0,0,0,0,0,0,0,0,0,0,0,305.1,0,385,387.3,747.1,334.7,559.3
899.32494@10.07,0,0,0,0,0,0,0,0,0,0,0,0,0,0,0,0,0,804.1,0,0,0,1290,1315,1778,0,711.5,655,776.7,0,1248,1309,1527,0,0,0,0,0,0,0,0,0,820.8,768.9,899.1,0,0,0,0
1165.09504@10.08,0,0,0,0,0,0,0,0,0,0,0,0,0,0,0,0,0,0,0,0,0,0,0,0,0,0,0,0,0,0,0,0,0,0,0,0,0,0,0,0,0,430.9,208.7,277.4,0,451.3,235.5,258.8
574.20901@10.08,0,0,0,0,0,0,0,0,0,0,0,0,0,0,0,0,0,1366,0,0,0,1671,1318,1985,0,1474,1448,1462,0,1512,1504,1569,0,0,0,0,115.6,0,0,0,0,1737,1500,1220,0,719.9,759,0
674.17084@10.07,0,0,0,0,0,0,0,0,0,0,0,0,0,0,0,0,0,337.6,0,0,0,307.1,380,465.4,0,325.9,268.9,373.2,0,353.4,349.4,410.2,0,0,0,0,0,0,0,0,0,280.6,332,0,0,0,0,0
185.10108@10.07,353.6,0,469.8,432.8,645.4,0,639,583.4,553.2,0,0,350.5,648.5,759.4,681.1,664,0,2957,5406,6060,644,7913,7690,9543,671.3,6167,3730,4508,720.3,7727,4980,7868,0,4829,0,0,0,3751,0,0,0,9051,7403,8807,2230,8288,3544,7631
526.23285@10.07,187.6,0,0,0,0,0,116.4,148.7,0,0,0,106.6,0,0,0,0,0,296,212,200,0,198,274.4,276.5,0,278.6,294.9,285.5,186.1,200.2,205.8,296.1,0,213.6,0,0,0,0,0,0,244.5,1184,1105,1299,217.6,900.3,1224,495.6
857.06848@10.07,0,0,0,0,0,0,0,0,0,0,0,0,0,0,0,0,0,0,0,0,0,0,0,0,0,0,0,0,0,0,0,0,0,0,0,0,0,0,0,0,0,360.9,335.1,465.2,150.2,504.8,345.8,346.3
951.23782@10.08,0,0,0,0,0,0,0,0,0,0,0,0,0,0,0,0,0,328.3,0,0,0,243.2,226.7,332.6,0,324.5,229.8,295.3,0,360.4,297,338.6,0,0,0,0,0,0,0,0,0,394.8,222.2,0,0,0,0,0
1147.1463@10.07,0,0,0,0,0,0,0,0,0,0,0,0,0,0,0,0,0,0,0,0,0,0,0,0,0,0,0,0,0,0,0,0,0,0,0,0,0,0,0,0,0,328.3,266.7,410.2,0,424.6,301.7,300.8
145.09589@10.07,2101,0,587,0,1889,924.3,746.7,867.2,1651,2819,605.8,0,2237,2666,2138,954.1,1462,25390,0,0,2330,33910,46100,55250,1755,27200,31950,26050,2476,31530,33430,36820,4553,2253,1159,1545,4476,2189,1628,1239,3163,54300,32020,54520,5574,21630,20440,0
903.31357@10.07,0,0,0,0,0,0,0,0,0,0,0,0,0,0,0,0,0,528.5,0,0,0,418.8,406.3,532.3,0,468.7,446.7,502,0,502.4,441.6,460.6,0,0,0,0,0,0,0,0,0,0,243.5,0,0,0,0,0
850.04932@10.06,0,0,0,0,0,0,0,0,0,0,0,0,0,0,0,0,0,0,0,0,0,0,0,0,0,0,0,0,0,0,0,0,0,0,0,0,0,0,0,0,0,408.1,231.3,389.5,0,629.4,384.9,593
1605.15232@10.07,0,0,0,0,0,0,0,0,0,0,0,0,0,0,0,0,0,0,0,0,0,0,0,0,0,0,0,0,0,0,0,0,0,0,0,0,0,0,0,0,0,311.1,0,306.2,0,591,284,441.1
507.31103@10.07,1329,0,0,229.1,1689,2549,1576,1313,1016,1064,0,759.1,1110,3428,3806,2329,689.2,0,1378,1801,1537,1876,4960,5302,749.8,1192,2038,902.1,1075,1151,2290,708.8,351.5,657.8,556.7,1146,337.2,578.7,1047,771.8,309.5,332.7,1800,388.9,264,257.6,817.6,315.8
604.2299@10.08,0,0,0,0,0,0,0,0,0,0,0,0,0,0,0,0,0,696.4,0,0,0,508.6,536.3,595.1,0,674.4,586.3,696.6,0,588.7,531.8,852.9,0,0,0,0,0,0,0,0,0,309.9,372.1,0,0,0,223.2,0
1311.19401@10.08,0,0,0,0,0,0,0,0,0,0,0,0,0,0,0,0,0,0,0,0,0,0,0,0,0,0,0,0,0,0,0,0,0,0,0,0,0,0,0,0,0,404.4,221.9,297.3,0,454.4,251.5,434.4
915.29474@10.07,0,0,0,0,0,0,0,0,0,0,0,0,0,0,0,0,0,0,0,0,0,366.9,404.5,620.1,0,326.4,216,348.9,0,414.9,403,461.4,0,0,0,0,0,0,0,0,0,0,290.7,0,0,0,0,0
1601.14073@10.07,0,0,0,0,0,0,0,0,0,0,0,0,0,0,0,0,0,0,0,0,0,0,0,0,0,0,0,0,0,0,0,0,0,0,0,0,0,0,0,0,0,604.9,0,498.3,0,1086,432.2,719.2
624.20789@10.08,0,0,0,0,0,0,0,0,0,0,0,0,0,0,0,0,0,0,0,0,0,335.7,319.8,422.6,0,335,316.9,377.1,0,375.5,346.2,377.4,0,0,0,0,0,0,0,0,0,290.2,288.1,0,0,0,0,0
241.12342@10.08,418.9,0,466.3,614.1,574.7,0,775.3,0,334,427.4,391.8,459.8,389.3,0,545.6,0,431.2,3465,2771,1562,557.1,4257,14240,5742,403.1,2557,2674,2160,0,0,5920,8683,1508,1141,2331,1924,1618,0,1791,1675,0,6227,5787,6017,1194,4406,4555,4375
575.25796@10.08,0,0,0,0,149.1,0,200.6,151.8,0,120.9,0,0,0,238.7,242.9,228.3,0,1310,0,1341,266.5,1226,724,1228,0,1653,859.3,931,232.5,937.2,1311,835.4,362.2,232.6,270.2,257.3,248.2,253.4,228.6,212.2,214.6,1046,824.7,902.2,226.9,680.4,663.2,1156
853.06763@10.09,0,0,0,0,0,0,0,0,0,0,0,0,0,0,0,0,0,0,0,0,0,0,0,0,0,0,0,0,0,0,0,0,0,0,0,0,0,0,0,0,0,380.5,208,258.1,0,329.6,217.1,318.9
863.23523@10.09,0,0,0,0,0,0,0,0,0,0,0,0,0,0,0,0,0,0,0,0,0,0,0,0,0,0,0,0,0,0,0,0,0,0,0,0,0,0,0,0,0,768.3,586,0,0,396.2,385,409.9
949.23462@10.07,0,0,0,0,0,0,0,0,0,0,0,0,0,0,0,0,0,401.9,0,0,0,366.7,273.7,460.3,0,375.6,299.1,368.8,0,340.6,336.4,400.5,0,0,0,0,0,0,0,0,0,573.4,335.7,0,0,0,0,0
1143.18652@10.1,0,0,0,0,0,0,0,0,0,0,0,0,0,0,0,0,0,0,0,0,0,0,0,0,0,0,0,0,0,0,0,0,0,0,0,0,0,0,0,0,0,383.5,253.4,259.7,0,237.2,210.7,202.7
1156.13436@10.08,0,0,0,0,0,0,0,0,0,0,0,0,0,0,0,0,0,0,0,0,0,0,0,0,0,0,0,0,0,0,0,0,0,0,0,0,0,0,0,0,0,351.9,226.3,279.8,0,339.4,251.3,242.8
1163.3217@10.08,0,0,0,0,0,0,0,0,0,0,0,0,0,0,0,0,0,0,0,0,0,0,0,0,0,0,0,0,0,0,0,0,0,0,0,0,0,0,0,0,0,480,283.6,0,0,0,0,0
1177.30435@10.07,0,0,0,0,0,0,0,0,0,0,0,0,0,0,0,0,0,0,0,0,0,0,0,0,0,0,0,0,0,0,0,0,0,0,0,0,0,0,0,0,0,445.4,327.3,0,0,0,0,0
1354.28921@10.09,0,0,0,0,0,0,0,0,0,0,0,0,0,0,0,0,0,0,0,0,0,0,0,0,0,0,0,0,0,0,0,0,0,0,0,0,0,0,0,0,0,389.2,226.7,278.9,0,324.7,192.2,259.5
1368.26911@10.08,0,0,0,0,0,0,0,0,0,0,0,0,0,0,0,0,0,0,0,0,0,0,0,0,0,0,0,0,0,0,0,0,0,0,0,0,0,0,0,0,0,385.9,238.4,256.8,0,197.6,154.3,194.3
1385.22821@10.09,0,0,0,0,0,0,0,0,0,0,0,0,0,0,0,0,0,0,0,0,0,0,0,0,0,0,0,0,0,0,0,0,0,0,0,0,0,0,0,0,0,422.5,332.5,357.8,0,362.4,299.2,312.3
1629.27102@10.08,0,0,0,0,0,0,0,0,0,0,0,0,0,0,0,0,0,0,0,0,0,0,0,0,0,0,0,0,0,0,0,0,0,0,0,0,0,0,0,0,0,326.2,187.1,247.6,0,266.7,165.8,255.6
1659.20393@10.08,0,0,0,0,0,0,0,0,0,0,0,0,0,0,0,0,0,0,0,0,0,0,0,0,0,0,0,0,0,0,0,0,0,0,0,0,0,0,0,0,0,385.3,217.5,277.1,0,385.4,237,283.8
1149.15883@10.08,0,0,0,0,0,0,0,0,0,0,0,0,0,0,0,0,0,0,0,0,0,0,0,0,0,0,0,0,0,0,0,0,0,0,0,0,0,0,0,0,0,393.7,229.8,388.8,0,409,262.4,318.1
1155.17905@10.08,0,0,0,0,0,0,0,0,0,0,0,0,0,0,0,0,0,0,0,0,0,0,0,0,0,0,0,0,0,0,0,0,0,0,0,0,0,0,0,0,0,334,270.5,366.9,0,460.3,255.1,284.3
1330.19366@10.07,0,0,0,0,0,0,0,0,0,0,0,0,0,0,0,0,0,0,0,0,0,0,0,0,0,0,0,0,0,0,0,0,0,0,0,0,0,0,0,0,0,292.4,221.9,358.5,0,440.5,211.2,358.7
1343.13242@10.07,0,0,0,0,0,0,0,0,0,0,0,0,0,0,0,0,0,0,0,0,0,0,0,0,0,0,0,0,0,0,0,0,0,0,0,0,0,0,0,0,0,833.9,520.6,940.7,423.3,1725,797.6,1249
617.16948@10.08,0,0,0,0,0,0,0,0,0,0,0,0,255.4,0,323,598.9,0,644.8,547.2,648.5,599.8,859.8,888.8,987,0,715.6,649.3,621.9,0,835.1,790.3,942.2,0,0,0,0,0,189.6,0,0,0,521.1,469.8,0,0,342.3,251.7,270.9
809.15907@10.08,0,0,0,0,0,0,0,0,0,0,0,0,0,0,0,0,0,0,0,0,0,0,0,0,0,0,0,0,0,0,0,0,0,0,0,0,0,0,0,0,128.7,859.7,571,827.9,304.8,984.7,528.1,904.5
1397.2184@10.08,0,0,0,0,0,0,0,0,0,0,0,0,0,0,0,0,0,0,0,0,0,0,0,0,0,0,0,0,0,0,0,0,0,0,0,0,0,0,0,0,0,448.4,305.4,388.3,0,499.2,239.9,370
577.28596@10.08,0,0,0,0,263.9,173.2,0,0,0,0,182.6,0,282.3,202,198.8,164.9,0,1868,1595,0,0,832.7,1235,1601,0,709.6,1593,1286,0,950.1,1289,1400,229,0,283.1,0,192,0,0,0,182.5,1889,1504,1438,266.3,1206,500.7,844.1
259.1176@10.08,2460,0,531,528.5,2590,1463,2109,1541,2951,4035,0,0,2915,5958,5517,2951,1696,0,32510,33040,2813,103200,123200,147000,2930,36010,33340,32660,3461,0,96180,108300,0,6656,7419,7273,7459,8680,5006,3284,10750,166400,153600,132400,8606,103500,118400,129700
1345.13435@10.07,0,0,0,0,0,0,0,0,0,0,0,0,0,0,0,0,0,0,0,0,0,0,0,0,0,0,0,0,0,0,0,0,0,0,0,0,0,0,0,0,0,1046,522.1,831.4,333.9,1619,745.3,1106
584.24624@10.08,0,0,0,0,0,0,0,0,0,0,0,0,0,0,0,0,0,0,0,0,0,365.4,425.1,520,0,499.4,268.7,384.4,0,448,381.8,424.6,175.8,0,0,0,0,0,0,0,0,371,342.2,0,0,192.3,250.6,228.6
1155.07039@10.07,0,0,0,0,0,0,0,0,0,0,0,0,0,0,0,0,0,0,0,0,0,0,0,0,0,0,0,0,0,0,0,0,0,0,0,0,0,0,0,0,0,372.4,0,310,0,428.7,246.5,356.5
1395.20446@10.08,0,0,0,0,0,0,0,0,0,0,0,0,0,0,0,0,0,0,0,0,0,0,0,0,0,0,0,0,0,0,0,0,0,0,0,0,0,0,0,0,0,429.9,272.8,398.9,0,469.6,269.9,363.8
330.2875@10.07,0,12560,0,0,5006,7430,10510,11000,7243,11490,11450,12370,3238,3445,12750,8261,6049,0,8049,12460,729.4,5728,10300,8111,6228,12820,11470,12910,4373,5405,11090,4735,2275,0,5717,6535,2605,0,5385,4438,448.8,5720,5624,4371,1973,3021,5335,3965
1643.24327@10.08,0,0,0,0,0,0,0,0,0,0,0,0,0,0,0,0,0,0,0,0,0,0,0,0,0,0,0,0,0,0,0,0,0,0,0,0,0,0,0,0,0,366.3,263.1,364.7,0,379.2,260.8,388.5
1087.13838@10.07,0,0,0,0,0,0,0,0,0,0,0,0,0,0,0,0,0,0,0,0,0,0,0,0,0,0,0,0,0,0,0,0,0,0,0,0,0,0,0,0,0,423.1,295.8,425.8,0,533.1,330.9,420.7
1644.24733@10.08,0,0,0,0,0,0,0,0,0,0,0,0,0,0,0,0,0,0,0,0,0,0,0,0,0,0,0,0,0,0,0,0,0,0,0,0,0,0,0,0,0,350.9,193.5,210.6,0,339.9,171.4,252.6
1661.21474@10.08,0,0,0,0,0,0,0,0,0,0,0,0,0,0,0,0,0,0,0,0,0,0,0,0,0,0,0,0,0,0,0,0,0,0,0,0,0,0,0,0,0,390.6,196.9,265.2,0,429.6,181.4,341.9
1313.20071@10.08,0,0,0,0,0,0,0,0,0,0,0,0,0,0,0,0,0,0,0,0,0,0,0,0,0,0,0,0,0,0,0,0,0,0,0,0,0,0,0,0,0,529.7,246.8,454,145.7,636.7,372.6,542.3
128.05166@10.08,1256,0,0,0,948,1301,712.2,819.6,2727,1692,332.9,0,1172,2140,1357,1449,1041,29510,29480,38540,2428,40650,36790,39490,816.1,40450,29460,33320,1583,34470,35570,41760,0,8631,0,0,10050,11590,0,0,9829,33610,27350,40260,9280,26680,20370,22940
919.29121@10.08,0,0,0,0,0,0,0,0,0,0,0,0,0,0,0,0,0,869.6,673.6,0,0,657.7,601.9,801.2,0,796.9,672.6,773.5,0,733.4,688.6,789.9,0,0,0,0,0,0,0,0,0,356,327.4,448.3,0,0,0,0
299.11064@10.06,0,2300,2099,2202,4433,3095,2969,3090,0,0,0,0,4605,10790,6255,5032,2797,0,22400,43500,4599,144800,145100,163300,0,28150,25030,27860,0,0,129000,141700,0,0,7249,9280,16800,0,10700,9777,16080,197700,184800,174000,19230,164500,150200,160100
544.25183@10.08,0,0,153.7,0,0,124,0,134.3,0,0,0,152.2,0,0,0,0,0,1285,755.1,741.9,166.6,1167,680.1,1309,0,917,1198,932.6,0,1423,729.3,962.3,0,133,206.6,0,125.4,108.8,185,189.3,0,1232,868.8,913.3,198.5,769.2,1391,612.9
523.15368@10.07,0,0,170.3,0,0,0,0,0,0,0,0,174.7,0,0,0,0,0,0,0,0,0,0,0,0,0,0,257.2,0,0,0,0,251.3,0,286.7,221.4,345.8,704.6,256.1,0,274.2,579.3,4676,4170,5325,1148,6547,5466,6436
841.09685@10.08,0,0,0,0,0,0,0,0,0,0,0,0,0,0,0,0,0,0,0,0,0,0,0,0,0,0,0,0,0,0,0,0,0,0,0,0,0,0,0,0,251.3,3548,2002,3289,594.2,4999,2213,3424
1139.2077@10.08,0,0,0,0,0,0,0,0,0,0,0,0,0,0,0,0,0,0,0,0,0,0,0,0,0,0,0,0,0,0,0,0,0,0,0,0,0,0,0,0,0,980.4,634.2,839.4,0,990.1,633,753.5
1381.2391@10.08,0,0,0,0,0,0,0,0,0,0,0,0,0,0,0,0,0,0,0,0,0,0,0,0,0,0,0,0,0,0,0,0,0,0,0,0,0,0,0,0,0,542.8,408.1,483,0,601.6,334.1,458.8
1133.20388@10.08,0,0,0,0,0,0,0,0,0,0,0,0,0,0,0,0,0,0,0,0,0,0,0,0,0,0,0,0,0,0,0,0,0,0,0,0,0,0,0,0,0,513.6,353.7,492.3,0,370,310.8,285.4
1134.19786@10.08,0,0,0,0,0,0,0,0,0,0,0,0,0,0,0,0,0,0,0,0,0,0,0,0,0,0,0,0,0,0,0,0,0,0,0,0,0,0,0,0,0,396.5,269.3,426.3,0,317.9,216.3,269.9
1349.2894@10.08,0,0,0,0,0,0,0,0,0,0,0,0,0,0,0,0,0,0,0,0,0,0,0,0,0,0,0,0,0,0,0,0,0,0,0,0,0,0,0,0,0,427.9,243.4,366.3,0,336.2,191.8,268.2
932.26605@10.08,0,0,0,0,0,0,0,0,0,0,0,0,0,0,0,0,0,0,0,0,0,384.9,349.6,420.9,0,234.4,228.4,236.3,332.2,293,362.3,335.2,0,0,0,0,0,0,0,0,0,294.7,237.5,0,0,0,0,0
1639.22051@10.08,0,0,0,0,0,0,0,0,0,0,0,0,0,0,0,0,0,0,0,0,0,0,0,0,0,0,0,0,0,0,0,0,0,0,0,0,0,0,0,0,0,409,213,309.2,0,357.3,193.8,304.7
917.2888@10.08,0,0,0,0,0,0,0,0,0,0,0,0,0,0,0,0,0,962.8,726,893,0,884.7,782.1,1081,0,992.7,810.2,876.1,0,917.9,857.2,1047,0,0,0,0,0,0,0,0,0,792.9,535.1,703.6,0,0,0,0
1140.21364@10.08,0,0,0,0,0,0,0,0,0,0,0,0,0,0,0,0,0,0,0,0,0,0,0,0,0,0,0,0,0,0,0,0,0,0,0,0,0,0,0,0,0,614.3,377,564.8,0,512.5,447.3,447.5
901.32594@10.08,0,0,0,0,0,0,0,0,0,0,0,0,0,0,0,0,0,0,0,647.3,0,711.3,694.1,933.8,0,662,514.5,605.7,0,756.3,723.8,827.4,0,0,0,0,0,0,0,0,0,440.5,360.6,476.5,0,0,176.7,0
894.31243@10.08,0,0,0,0,0,0,0,0,0,0,0,0,0,0,0,0,0,0,0,0,0,647.2,563.5,741.3,0,687.3,564.2,654.6,0,612.7,562.7,724.7,0,0,0,0,0,0,0,0,0,661.6,432.2,0,0,0,201.6,0
199.12747@10.08,0,361.8,0,0,0,493.8,0,0,0,0,377.2,381.3,0,0,0,0,0,14730,12700,14550,0,9585,9520,10030,0,14990,11210,16180,0,0,11030,0,0,0,438.8,467.3,748,323.5,304.1,0,668.8,9333,7504,0,913,4936,5408,4609
885.35143@10.08,0,0,0,0,0,0,0,0,0,0,0,0,0,0,0,0,0,3119,2040,2832,0,2558,1969,3075,0,3232,2514,3265,0,2499,2283,2942,0,0,0,0,0,0,0,0,0,1254,1155,1223,0,0,416.4,0
895.30943@10.08,0,0,0,0,0,0,0,0,0,0,0,0,0,0,0,0,0,2244,1503,2091,0,1970,1495,2223,0,1967,1736,2129,0,1895,1729,2043,0,0,0,0,0,0,0,0,0,1821,1204,1653,0,1154,619.6,0
419.00852@10.09,0,0,0,0,0,0,0,0,0,0,0,0,0,0,0,0,0,233.6,0,191.9,0,273.8,296.8,0,0,256.4,0,429.5,0,0,292.8,282.6,0,0,0,0,0,0,0,0,0,250.3,248.3,0,0,0,188.5,204.3
893.17618@10.08,0,0,0,0,0,0,0,0,0,0,0,0,0,0,0,0,0,0,0,0,0,0,0,0,0,0,0,0,0,0,0,0,0,0,0,0,0,0,0,0,0,575.4,422.5,586.6,0,520.7,331.5,374.2
528.28484@10.08,0,198,162.7,0,222.1,209.5,0,185.1,0,147.6,0,0,197.8,381.1,313.1,320.6,217.9,262.9,233.6,331.3,0,357,602.8,559,0,276.2,0,324,245.3,309.3,444,343.9,0,0,261.1,341.3,0,238.1,277.4,252.3,211.8,1271,708,1419,0,308,307.8,319.8
464.31124@10.09,0,0,0,0,3314,2814,2617,944.6,0,257.6,166.5,273.5,2871,2176,4124,3521,489.6,510.3,4074,1224,1834,484.3,10140,1824,1430,3136,7455,0,2410,359.6,1694,571.1,852.3,799.2,0,595.3,342.4,295.7,431,0,362,758.5,623.1,383.1,328.7,220.5,528.1,363.7
659.1828@10.08,0,0,0,0,0,0,0,0,0,0,0,0,0,0,0,0,0,0,0,463,0,417,408.1,464.8,0,438.5,383,372.8,0,368.6,311.7,440.6,0,0,0,0,0,0,0,0,0,306.8,225.9,0,0,0,137.9,0
1365.26764@10.08,0,0,0,0,0,0,0,0,0,0,0,0,0,0,0,0,0,0,0,0,0,0,0,0,0,0,0,0,0,0,0,0,0,0,0,0,0,0,0,0,0,506.2,373.6,486.3,0,487.9,274.5,349.8
545.25252@10.08,0,158.3,0,0,152.2,205,0,0,0,0,0,0,178.9,153,189.3,179,0,781.3,1018,1367,123,694,727.6,897.7,190.9,962.9,502.3,1294,173,505.2,741.2,1214,164,231.3,0,213.7,219.1,0,210.9,0,0,1444,1647,1461,229.9,546.9,1502,1527
509.34746@10.09,0,0,0,181.6,497.4,1239,1266,323.4,240.4,0,180,0,441.7,1468,1220,998.1,278.9,573.1,3399,1289,708.8,5541,3058,4979,302.7,912.1,2049,949.4,539.4,1372,1294,570.7,320.3,378,308.4,665,299.5,340.1,397.6,772,257.9,420.2,1438,0,288.4,0,341.7,0
879.32396@10.08,0,0,0,0,0,0,0,0,0,0,0,0,0,0,0,0,0,1287,732,912,0,1064,706.1,1085,0,1096,801.2,984.7,0,962,818.6,1203,0,0,0,0,0,0,0,0,0,588,419,0,0,0,222,0
543.23532@10.08,207.4,157,0,147.1,181.8,235.9,134.7,0,199.9,0,208.6,156.6,202.3,231.2,0,139.2,143.3,2940,1961,2898,224.2,3056,2516,3029,0,3055,2308,2696,191.8,2237,2536,2397,211.9,242.3,192.6,202.4,235,221.1,257,201.7,253.5,3290,2921,3693,268.3,2966,2502,2255
563.28219@10.09,210.2,0,179.9,232.2,0,0,0,0,0,222.4,0,190.3,223.3,0,0,234.7,0,2030,1485,2263,211.8,1654,1268,2106,0,1666,1572,2109,243.7,1534,1428,1983,0,0,269.3,255.4,255.7,196.2,192,165.8,246.1,2459,1767,2903,280.6,1788,1369,1553
1641.22911@10.08,0,0,0,0,0,0,0,0,0,0,0,0,0,0,0,0,0,0,0,0,0,0,0,0,0,0,0,0,0,0,0,0,0,0,0,0,0,0,0,0,0,401.7,279.6,314.5,0,476.6,244.2,363.8
623.25647@10.09,0,0,127.5,0,0,172.1,146.5,150.3,0,0,128,171.3,165.2,0,114.4,0,0,1390,1081,833.4,0,708.8,986.1,1235,0,990,1073,1147,140.3,1092,1057,1060,233.3,196.2,0,196.9,224.2,0,199.8,215.4,152.4,872,935.8,929.5,150.2,517.4,329.8,504.1
1142.20548@10.08,0,0,0,0,0,0,0,0,0,0,0,0,0,0,0,0,0,0,0,0,0,0,0,0,0,0,0,0,0,0,0,0,0,0,0,0,0,0,0,0,0,348.8,293.5,265.4,0,355.3,169.8,243
1324.17192@10.07,0,0,0,0,0,0,0,0,0,0,0,0,0,0,0,0,0,0,0,0,0,0,0,0,0,0,0,0,0,0,0,0,0,0,0,0,0,0,0,0,0,227.6,164.5,185.2,0,379.7,0,229.1
1346.26316@10.08,0,0,0,0,0,0,0,0,0,0,0,0,0,0,0,0,0,0,0,0,0,0,0,0,0,0,0,0,0,0,0,0,0,0,0,0,0,0,0,0,0,289.9,153.7,0,0,407.7,208.6,222.3
1360.1233@10.08,0,0,0,0,0,0,0,0,0,0,0,0,0,0,0,0,0,0,0,0,0,0,0,0,0,0,0,0,0,0,0,0,0,0,0,0,0,0,0,0,0,244,0,261.5,0,381.2,0,195.5
1412.15305@10.08,0,0,0,0,0,0,0,0,0,0,0,0,0,0,0,0,0,0,0,0,0,0,0,0,0,0,0,0,0,0,0,0,0,0,0,0,0,0,0,0,0,290,0,220.9,0,397.5,160.3,223.2
1591.17394@10.07,0,0,0,0,0,0,0,0,0,0,0,0,0,0,0,0,0,0,0,0,0,0,0,0,0,0,0,0,0,0,0,0,0,0,0,0,0,0,0,0,0,267.4,215.5,270.5,0,475.5,231.8,354.7
1594.19124@10.07,0,0,0,0,0,0,0,0,0,0,0,0,0,0,0,0,0,0,0,0,0,0,0,0,0,0,0,0,0,0,0,0,0,0,0,0,0,0,0,0,0,0,134.1,212.7,0,319.6,180.5,244.6
1604.14858@10.08,0,0,0,0,0,0,0,0,0,0,0,0,0,0,0,0,0,0,0,0,0,0,0,0,0,0,0,0,0,0,0,0,0,0,0,0,0,0,0,0,0,0,0,339.1,0,654.9,0,406.7
1627.25265@10.08,0,0,0,0,0,0,0,0,0,0,0,0,0,0,0,0,0,0,0,0,0,0,0,0,0,0,0,0,0,0,0,0,0,0,0,0,0,0,0,0,0,231,0,244.8,0,323.2,156.3,211.8
1637.22403@10.08,0,0,0,0,0,0,0,0,0,0,0,0,0,0,0,0,0,0,0,0,0,0,0,0,0,0,0,0,0,0,0,0,0,0,0,0,0,0,0,0,0,248.1,0,272.3,0,426.9,207.7,226.7
1662.20752@10.08,0,0,0,0,0,0,0,0,0,0,0,0,0,0,0,0,0,0,0,0,0,0,0,0,0,0,0,0,0,0,0,0,0,0,0,0,0,0,0,0,0,301.1,176.3,201.2,0,391.8,154.5,235.7
1135.18896@10.08,0,0,0,0,0,0,0,0,0,0,0,0,0,0,0,0,0,0,0,0,0,0,0,0,0,0,0,0,0,0,0,0,0,0,0,0,0,0,0,0,0,785.6,498.9,679.5,0,903.2,471.4,627.3
1117.22677@10.08,0,0,0,0,0,0,0,0,0,0,0,0,0,0,0,0,0,0,0,0,0,0,0,0,0,0,0,0,0,0,0,0,0,0,0,0,0,0,0,0,0,455.1,315.1,539,0,498,373.4,353.3
921.2937@10.08,0,0,0,0,0,0,0,0,0,0,0,0,0,0,0,0,0,0,0,0,0,506.6,424.8,556,0,476.4,406.7,471.7,0,417.7,422,581.7,0,0,0,0,0,0,0,0,0,271.3,257.3,319.1,0,145.1,141.3,0
348.07294@10.08,0,0,0,0,0,0,0,0,0,0,0,0,0,0,0,121.2,195.4,2032,1510,1873,0,1836,1777,2023,0,1868,1729,1964,0,1860,2044,1808,0,0,0,211.4,219.8,0,0,0,303.3,1618,1461,1584,363.4,1183,1098,1184
340.10506@10.09,0,0,193.7,0,227,0,0,0,0,0,0,194.8,0,207,0,0,238.8,3502,2751,3475,334.2,3320,2918,4219,0,3486,3128,3667,176.1,3388,3180,3929,0,0,0,207.3,297.4,0,0,0,250.1,4047,3110,3406,345.1,2978,2439,2677
864.23395@10.09,0,0,0,0,0,0,0,0,0,0,0,0,0,0,0,0,0,0,0,0,0,0,0,0,0,0,0,0,0,0,0,0,0,0,0,0,0,0,0,0,0,341.8,340,0,0,222.1,170.6,0
1363.263@10.08,0,0,0,0,0,0,0,0,0,0,0,0,0,0,0,0,0,0,0,0,0,0,0,0,0,0,0,0,0,0,0,0,0,0,0,0,0,0,0,0,0,370.3,0,400,0,396.7,190.1,291.9
1379.24279@10.07,0,0,0,0,0,0,0,0,0,0,0,0,0,0,0,0,0,0,0,0,0,0,0,0,0,0,0,0,0,0,0,0,0,0,0,0,0,0,0,0,0,370.4,0,349.3,0,411.2,256.8,308.2
622.19615@10.09,0,0,0,0,0,0,0,0,0,0,0,0,0,0,0,0,0,0,533.2,496.3,0,549.3,574.9,689.5,0,586.8,515.6,661.3,0,649.2,540.8,575.8,0,0,0,0,0,0,0,0,0,440.6,519,535.2,0,232.7,265.1,0
416.01489@10.09,0,0,0,0,0,0,0,0,0,0,0,0,0,111.6,0,0,0,689.8,525.2,585.8,0,407.6,380.3,416.8,172.4,432.9,556.9,754.5,0,491.9,501.7,503.1,294.9,292.6,0,0,0,0,0,241.3,0,328.8,402.3,0,281.6,0,307.5,0
131.07933@10.08,2065,0,585.8,512.4,1514,1176,1009,998.3,1648,0,0,0,2089,1498,1167,845.7,1593,0,35690,42070,2157,45450,43520,51720,1242,42070,39410,41060,2340,46900,41840,46040,3810,0,0,0,2623,0,0,0,2353,41760,35270,42140,4878,29800,24950,27940
1141.21228@10.08,0,0,0,0,0,0,0,0,0,0,0,0,0,0,0,0,0,0,0,0,0,0,0,0,0,0,0,0,0,0,0,0,0,0,0,0,0,0,0,0,0,539.5,440,479.7,0,493.6,359.3,339.7
582.20829@10.08,0,0,0,0,0,0,0,0,0,0,0,0,0,0,199.1,0,0,1150,994.3,1088,0,1043,900.8,1249,0,1146,1059,1012,139.5,0,826.7,1197,280.1,0,0,0,110,0,0,147.1,0,726.5,692.8,881.1,0,338.2,445.8,0
845.09418@10.09,0,0,0,0,0,0,0,0,0,0,0,0,0,0,0,0,0,0,0,0,0,0,0,0,0,0,0,0,0,0,0,0,0,0,0,0,0,0,0,0,0,542.7,381.3,357.5,0,586.3,376.1,372.7
564.13011@10.08,0,0,0,0,0,0,0,0,0,0,0,0,0,0,0,0,0,0,0,0,0,0,0,0,0,0,0,0,0,0,0,109.2,0,136.8,0,0,0,0,0,0,339.3,2168,1827,1665,575.9,2804,1563,2698
601.22576@10.08,0,0,0,0,0,0,0,0,0,0,0,0,0,0,0,0,0,5915,4257,5188,0,4170,3903,4818,0,5257,4804,5471,0,4358,3939,4776,0,139.3,0,0,0,0,173.4,0,0,3033,2453,3272,221.9,2025,1528,1703
1413.16469@10.08,0,0,0,0,0,0,0,0,0,0,0,0,0,0,0,0,0,0,0,0,0,0,0,0,0,0,0,0,0,0,0,0,0,0,0,0,0,0,0,0,0,447.5,333.6,350.5,0,606.6,296.7,480.1
825.14558@10.08,0,0,0,114.7,0,0,0,0,0,0,0,0,0,0,0,0,0,0,0,0,0,0,0,0,0,0,0,0,0,0,0,0,0,0,0,0,0,0,0,0,0,280.2,0,428.3,0,350.8,330.5,393.9
891.24774@10.08,0,0,0,0,0,0,0,0,0,0,0,0,0,0,0,0,0,0,0,0,0,308.9,0,311.6,0,231.3,0,204.3,0,0,0,248.7,0,0,0,0,0,0,0,0,0,307.9,204.4,343.9,0,268.2,172,188.7
1088.13947@10.08,0,0,0,0,0,0,0,0,0,0,0,0,0,0,0,0,0,0,0,0,0,0,0,0,0,0,0,0,0,0,0,0,0,0,0,0,0,0,0,0,0,285,0,303.1,0,403.1,225.9,336.7
1089.13832@10.08,0,0,0,0,0,0,0,0,0,0,0,0,0,0,0,0,0,0,0,0,0,0,0,0,0,0,0,0,0,0,0,0,0,0,0,0,0,0,0,0,0,251.5,0,328,0,418.9,218.7,334.8
1315.19301@10.08,0,0,0,0,0,0,0,0,0,0,0,0,0,0,0,0,0,0,0,0,0,0,0,0,0,0,0,0,0,0,0,0,0,0,0,0,0,0,0,0,0,363,0,353.8,0,432.8,260.9,389.1
1326.18567@10.08,0,0,0,0,0,0,0,0,0,0,0,0,0,0,0,0,0,0,0,0,0,0,0,0,0,0,0,0,0,0,0,0,0,0,0,0,0,0,0,0,0,0,0,416.7,0,392.5,0,382.5
1346.14068@10.08,0,0,0,0,0,0,0,0,0,0,0,0,0,0,0,0,0,0,0,0,0,0,0,0,0,0,0,0,0,0,0,0,0,0,0,0,0,0,0,0,0,585.1,0,615.2,0,1041,513.3,711.1
1396.21308@10.08,0,0,0,0,0,0,0,0,0,0,0,0,0,0,0,0,0,0,0,0,0,0,0,0,0,0,0,0,0,0,0,0,0,0,0,0,0,0,0,0,0,302.9,0,380.2,0,376.5,238.1,255.1
301.11217@10.09,769.3,825,749.7,0,884.7,842.2,763.9,706,0,0,0,741.4,768.1,799.4,731.6,852.4,779.4,0,5829,4864,926.5,8806,7559,9226,854,6056,5287,5265,915.8,8694,7675,9528,1122,886.5,661,727.8,1164,904.2,770.4,838.8,1107,10380,8893,11200,1195,8523,6977,7858
330.10203@10.09,0,0,0,237.4,415.9,444.3,246.7,382.9,0,394.8,0,0,0,358.5,241.9,350.7,0,0,0,1260,442.6,1448,1423,1595,0,1315,1191,944.8,217.6,0,1385,1513,0,233.3,241.2,219.8,0,0,221.5,0,0,1230,914.4,1071,298.6,596,619.4,0
681.16443@10.08,0,0,0,0,0,0,0,0,0,0,0,0,0,0,0,0,0,0,0,244.9,0,299.7,267.9,368.9,0,333.9,265.2,254.9,0,216.8,268,324.1,0,0,0,0,0,0,0,0,0,328.5,228.8,255.2,0,273.3,139.4,0
878.3012@10.08,0,0,0,0,0,0,0,0,0,0,0,0,0,0,0,0,0,0,0,0,0,468.7,279.7,585.4,0,523.9,302,540.1,0,0,357.5,565.6,0,0,0,0,0,0,0,0,0,267.7,325.8,346.2,0,0,187.8,0
905.30279@10.09,0,0,0,0,0,0,0,0,0,0,0,0,0,0,0,0,0,0,0,0,0,344.2,294.5,413.8,0,410.3,305.9,0,0,0,269.1,338.9,0,0,0,0,0,0,0,0,0,202.7,202.7,201.8,0,134.2,0,0
908.31021@10.08,0,0,0,0,0,0,0,0,0,0,0,0,0,0,0,0,0,0,0,0,0,278,248.3,344.4,0,263.1,194.5,0,0,0,224.9,292.9,0,0,0,0,0,0,0,0,0,259.9,215,268.4,0,160.3,142.6,0
923.29193@10.08,0,0,0,0,0,0,0,0,0,0,0,0,0,0,0,0,0,0,0,0,0,274.2,214.5,371.2,0,263.5,252.1,0,0,0,251.2,297.6,0,0,0,0,0,0,0,0,0,188.8,186.3,194.1,0,0,0,0
1349.1236@10.08,0,0,0,0,0,0,0,0,0,0,0,0,0,0,0,0,0,0,0,0,0,0,0,0,0,0,0,0,0,0,0,0,0,0,0,0,0,0,0,0,0,290.8,0,316.5,0,491.7,230.4,355.5
1067.15516@10.08,0,0,0,0,0,0,0,0,0,0,0,0,0,0,0,0,0,0,0,0,0,0,0,0,0,0,0,0,0,0,0,0,0,0,0,0,0,0,0,0,0,333,0,262.9,0,447.8,261,374.2
1589.1669@10.08,0,0,0,0,0,0,0,0,0,0,0,0,0,0,0,0,0,0,0,0,0,0,0,0,0,0,0,0,0,0,0,0,0,0,0,0,0,0,0,0,0,229.2,0,237.6,170.7,470.8,0,335.4
673.17001@10.09,0,0,0,0,0,0,0,0,0,0,0,0,0,0,0,0,0,0,505.9,569.7,0,553.2,592.6,707.3,0,593.3,590.3,473,0,655.6,519.1,627.9,0,0,0,0,0,0,0,0,0,691.3,544.7,597.1,0,482.2,336,0
842.2366@10.09,0,0,0,0,0,0,0,0,0,0,0,0,0,0,0,0,0,0,0,0,0,0,0,0,0,0,0,0,0,0,0,0,0,0,0,0,0,0,0,0,0,595.4,405.9,481.9,0,535.8,326.3,451.1
1126.23617@10.09,0,0,0,0,0,0,0,0,0,0,0,0,0,0,0,0,0,0,0,0,0,0,0,0,0,0,0,0,0,0,0,0,0,0,0,0,0,0,0,0,0,557.9,445.2,526.6,0,627.2,340.1,543.7
600.22764@10.09,0,0,0,0,0,0,0,0,0,0,0,0,0,0,0,0,0,0,553.2,537.3,0,723.3,540.7,884.3,0,621.4,580.5,626.1,0,753.7,574,713.5,123.1,0,0,0,0,0,0,0,0,512.2,410.3,379.7,0,272.4,227.9,217.2
606.23352@10.09,0,0,0,0,0,0,0,0,0,0,0,0,0,0,0,0,0,379.8,419.8,348.3,0,332.9,349.5,376.3,0,386.1,0,522.7,0,0,391.1,404.6,0,0,0,0,0,0,0,0,128,253.2,320.5,332.9,0,264.1,157.4,185.4
679.15857@10.09,0,0,0,0,0,0,0,0,0,0,0,0,0,0,0,0,0,656.2,483.6,593.4,0,483.3,507.7,635.1,0,542.1,474.8,561.8,0,0,433.6,482.3,0,0,0,0,0,0,0,0,0,558.3,455.2,525,0,469.4,354.5,296.5
1119.22114@10.08,0,0,0,0,0,0,0,0,0,0,0,0,0,0,0,0,0,0,0,0,0,0,0,0,0,0,0,0,0,0,0,0,0,0,0,0,0,0,0,0,0,593.6,319.9,500.9,0,579.6,335.3,519.4
843.09849@10.08,0,0,0,0,0,0,0,0,0,0,0,0,0,0,0,0,0,0,0,0,0,0,0,0,0,0,0,0,0,0,0,0,0,0,0,0,0,0,0,0,0,1485,722.9,1215,206.7,1714,789.2,1072
227.13534@10.08,1830,0,636,419.9,1417,849.9,762.1,756.8,0,2614,0,0,1027,1160,694.2,625.4,1065,53720,44640,51220,1457,46870,42420,51340,979.7,51910,47480,50510,2000,46790,43490,47790,0,0,0,0,0,0,0,0,0,55670,44730,54190,0,52450,40350,44440
1663.21185@10.08,0,0,0,0,0,0,0,0,0,0,0,0,0,0,0,0,0,0,0,0,0,0,0,0,0,0,0,0,0,0,0,0,0,0,0,0,0,0,0,0,0,344.9,176.4,228.5,0,359.4,207.2,222.9
632.16425@10.09,0,0,0,0,0,275,0,0,0,0,0,0,0,247.8,0,0,0,0,675.8,777.5,0,742.9,750.5,972.8,0,771.3,738.5,810.2,0,581.1,654.5,758.4,0,0,0,0,398,138.6,197.4,137,0,936.6,732.1,898.6,0,556.4,501.6,420.1
245.14531@10.09,10070,3763,978.7,2561,8176,4224,2993,2545,7944,14610,4953,4491,5349,6907,3857,2108,5534,234700,208700,225600,9075,208700,196600,229000,5507,226500,215800,221600,10050,215200,194800,215600,21830,3087,1702,2006,16480,1455,1715,2153,12300,197600,169300,196400,19980,150900,117600,136000
1415.16829@10.08,0,0,0,0,0,0,0,0,0,0,0,0,0,0,0,0,0,0,0,0,0,0,0,0,0,0,0,0,0,0,0,0,0,0,0,0,0,0,0,0,0,448.1,246.1,349.5,0,549.5,274.5,397.5
861.23236@10.09,0,0,0,0,0,0,0,0,0,0,0,0,0,0,0,0,0,0,0,0,0,0,0,0,0,0,0,0,0,0,0,0,0,0,0,0,0,0,0,0,0,1911,1410,1770,0,1422,949.8,1224
1351.2857@10.09,0,0,0,0,0,0,0,0,0,0,0,0,0,0,0,0,0,0,0,0,0,0,0,0,0,0,0,0,0,0,0,0,0,0,0,0,0,0,0,0,0,619.9,448.2,528.5,0,644.3,368.7,505.6
869.21972@10.09,0,0,0,0,0,0,0,0,0,0,0,0,0,0,0,0,0,0,0,0,0,0,0,0,0,0,0,0,0,0,0,0,0,0,0,0,0,0,0,0,0,438.2,269.4,443.5,0,333.1,252.8,210.5
909.29867@10.08,0,0,0,0,0,0,0,0,0,0,0,0,0,0,0,0,0,0,0,0,0,387.1,355.8,485.2,0,232.2,0,227.9,0,0,343.6,373.2,0,0,0,0,0,0,0,0,0,523.1,332.9,457.7,0,302.2,181.1,230.8
1195.27379@10.09,0,0,0,0,0,0,0,0,0,0,0,0,0,0,0,0,0,0,0,0,0,0,0,0,0,0,0,0,0,0,0,0,0,0,0,0,0,0,0,0,0,294.7,190.4,284.5,0,181.6,0,0
1345.24682@10.08,0,0,0,0,0,0,0,0,0,0,0,0,0,0,0,0,0,0,0,0,0,0,0,0,0,0,0,0,0,0,0,0,0,0,0,0,0,0,0,0,0,255.3,0,334.8,0,464.9,207.3,389.9
1366.26927@10.09,0,0,0,0,0,0,0,0,0,0,0,0,0,0,0,0,0,0,0,0,0,0,0,0,0,0,0,0,0,0,0,0,0,0,0,0,0,0,0,0,0,369.8,0,337.9,0,368.6,203.2,319.7
1382.23367@10.09,0,0,0,0,0,0,0,0,0,0,0,0,0,0,0,0,0,0,0,0,0,0,0,0,0,0,0,0,0,0,0,0,0,0,0,0,0,0,0,0,0,403.2,0,363.9,0,460,283.2,370.4
1157.17461@10.09,0,0,0,0,0,0,0,0,0,0,0,0,0,0,0,0,0,0,0,0,0,0,0,0,0,0,0,0,0,0,0,0,0,0,0,0,0,0,0,0,0,721.8,337.8,626.1,0,894.1,406.4,559.1
877.2106@10.09,0,0,0,0,0,0,0,0,0,0,0,0,0,0,0,0,0,0,0,0,0,0,0,0,0,0,0,0,0,0,0,0,0,0,0,0,0,0,0,0,0,515.6,529.9,548.2,0,416.9,390,366.6
602.22097@10.09,0,0,0,0,0,0,0,0,0,0,0,0,0,0,0,0,0,0,1725,1494,0,1448,1450,1792,0,1618,1393,1712,0,0,1370,1741,0,0,0,0,0,0,0,0,0,1034,964.1,909.3,0,646,519.3,599
1383.23582@10.09,0,0,0,0,0,0,0,0,0,0,0,0,0,0,0,0,0,0,0,0,0,0,0,0,0,0,0,0,0,0,0,0,0,0,0,0,0,0,0,0,0,519.8,368.3,449.5,0,565.4,351,439.7
605.22854@10.09,0,0,0,0,0,0,0,0,0,0,0,0,0,0,0,0,0,1428,1283,965.7,0,785.1,626.9,807.7,0,1003,672.3,1101,0,0,1032,905.4,0,0,0,0,120.6,0,0,0,106,892.4,622.5,800.1,0,341.8,312,465.7
542.20498@10.08,119.7,0,0,0,0,0,0,0,0,0,0,0,0,0,0,0,0,0,0,904.8,0,1073,961.8,1830,176,984.8,789.8,981.2,111.7,0,935.8,968.5,0,0,203,201.4,0,128.2,138.5,198,0,1425,1841,1505,213.3,1435,1323,904.5
881.19357@10.1,0,0,0,0,0,0,0,0,0,0,0,0,0,0,0,0,0,0,0,0,0,0,0,0,0,0,0,0,0,0,0,0,0,0,0,0,0,0,0,0,0,587.5,430.2,454.9,0,427.3,327.8,361.9
1414.16121@10.09,0,0,0,0,0,0,0,0,0,0,0,0,0,0,0,0,0,0,0,0,0,0,0,0,0,0,0,0,0,0,0,0,0,0,0,0,0,0,0,0,0,400.6,0,359.6,0,556.8,237.6,418.5
1125.23535@10.09,0,0,0,0,0,0,0,0,0,0,0,0,0,0,0,0,0,0,0,0,0,0,0,0,0,0,0,0,0,0,0,0,0,0,0,0,0,0,0,0,0,892.5,501.2,815.1,0,841,428.9,642.9
332.10987@10.09,0,0,0,0,0,0,0,0,205.7,0,0,0,0,111.9,0,0,0,0,0,273.7,205.8,298.9,0,285.6,0,171.9,0,204.6,0,0,222,276.2,0,0,0,0,0,0,0,0,0,948.8,959.8,1284,0,1445,1525,514
508.34568@10.09,833.9,1003,293.8,285.1,2782,3013,2055,1519,409.2,4023,262.2,1774,2275,8690,6332,5220,0,4623,5921,6000,2851,9107,16090,15160,510.6,3795,6063,5218,1869,3588,7817,2801,0,3009,993.3,1635,327.4,1180,1294,2225,287.1,545.2,3258,1163,230.2,0,1796,273.6
603.22388@10.09,0,0,0,0,0,0,0,0,0,0,0,0,0,0,0,0,0,0,956.7,1342,0,1502,1393,1622,0,1766,1538,1638,0,1706,1483,1658,175.3,0,0,0,0,212.7,0,124.7,112,762.6,746.1,831.3,0,851.3,461.1,544.2
843.23479@10.1,0,0,0,0,0,0,0,0,0,0,0,0,0,0,0,0,0,0,0,135.6,0,0,0,132,0,0,143.4,151,0,0,0,0,0,0,0,0,0,0,0,0,0,744.3,401.6,465.5,0,497.4,335.7,441.9
865.21852@10.1,0,0,0,0,0,0,0,0,0,0,0,0,0,0,0,0,0,0,0,0,0,0,0,0,0,0,0,0,0,0,0,0,0,0,0,0,0,0,0,0,0,411.3,247.2,348,0,248.7,177.8,254.6
918.29268@10.09,0,0,0,0,0,0,0,0,0,0,0,0,0,0,0,0,0,0,0,0,0,505.6,481.8,673.9,0,533.8,423.9,525.8,0,0,467.6,609.5,0,0,0,0,0,0,0,0,0,502.8,364,374.6,0,223.6,209.5,196.7
931.26181@10.09,0,0,0,0,0,0,0,0,0,0,0,0,0,0,0,0,0,0,0,0,0,563.5,371.6,577.2,0,279,0,291.3,479.1,0,441.6,438.7,0,0,0,0,0,0,0,0,0,449.5,364.8,406.2,0,309.2,177.8,260
950.23773@10.09,0,0,0,0,0,0,0,0,0,0,0,0,0,0,0,0,0,0,0,0,0,214.3,216.2,331,0,282.4,200.2,265.7,0,0,245.9,290,0,0,0,0,0,0,0,0,0,397.1,258.2,347.1,0,272,167.3,156.6
953.2504@10.09,0,0,0,0,0,0,0,0,0,0,0,0,0,0,0,0,0,0,0,0,0,295.4,260,354.4,0,282.9,0,0,0,0,290.6,289.8,0,0,0,0,0,0,0,0,0,353.5,271,223.9,0,192.4,170.3,178.7
1175.26859@10.1,0,0,0,0,0,0,0,0,0,0,0,0,0,0,0,0,0,0,0,0,0,0,0,0,0,0,0,0,0,0,0,0,0,0,0,0,0,0,0,0,0,356.5,215.1,349,0,291.9,205.6,233.1
146.10309@10.09,0,0,268.7,289.8,421,0,362.3,0,312.6,381.9,0,326,289.3,396.9,0,0,0,0,2339,2775,0,4614,4202,4831,0,3274,0,2970,376.9,0,4036,4337,0,368,331.3,266.5,417.7,323.6,0,353.9,355.8,4489,5392,4293,373.5,4751,3968,4441
563.11826@10.09,0,0,0,0,0,0,0,109.9,0,0,0,0,0,230.5,267.3,186.8,0,0,0,0,0,0,0,0,0,0,0,0,0,0,0,133.9,0,266.1,183.4,0,473.6,224.6,159.2,0,551.7,5790,3309,5153,1067,5591,3666,5039
566.1564@10.09,0,0,0,0,0,0,0,0,0,0,0,0,0,0,0,0,0,0,0,0,0,203,0,202.4,0,0,153.5,0,0,211,0,0,0,0,0,0,0,0,0,0,0,539.3,463.5,689,0,367.8,349.2,365.5
671.14121@10.09,0,0,0,0,0,0,0,0,0,0,0,0,0,0,0,0,0,0,0,399.5,0,335.4,259.4,412.9,0,273.1,218.4,246.4,0,201.1,256.4,363.4,0,0,0,0,0,0,0,0,0,335.4,239.2,237.8,0,0,146.6,143
841.23142@10.09,0,0,0,0,0,0,0,0,0,0,0,0,0,0,0,0,0,0,0,0,0,0,0,0,0,0,0,0,0,0,0,0,0,0,0,0,0,0,0,0,0,1029,691.9,968.5,0,1071,558.4,855.9
565.21771@10.09,0,153.1,207.9,0,0,0,0,199.6,0,0,0,0,0,0,0,0,159.1,0,587.3,799.2,0,536.4,432.8,540.9,0,703,558.4,599.3,256.6,0,484.5,671.3,0,164.9,300.5,170.7,0,266.7,226,200.9,305.9,1667,1132,1196,321.9,1643,1097,1320
143.07962@10.09,4801,0,0,1945,4670,3052,2219,2171,4207,8195,0,2708,4883,5101,2897,3141,2885,0,120600,148000,6682,144100,121500,159500,1310,150700,137700,146100,0,0,132000,137000,0,0,1134,1316,8437,0,1211,1299,10990,119100,105300,143400,9517,113600,74470,86100
417.01569@10.09,0,0,0,0,0,0,0,0,0,0,0,0,0,115.2,0,0,0,0,711.2,778.6,0,0,553.7,516.8,149.3,384.9,785.7,827.6,0,530.9,572.5,626.8,0,0,0,0,263,203.4,142.1,0,185.3,610.3,652.9,521.9,164.5,697.3,489.1,541.6
302.13192@10.1,356.2,0,252.8,0,312.7,429.9,448.6,0,452.1,0,0,0,0,442.3,0,308.7,0,0,1193,999.3,301.6,1438,1214,1389,249.9,1203,1023,1242,351,0,1128,1194,307.2,327.8,331.9,229.7,351.9,335.9,0,0,263.3,1329,1153,1514,233.3,1061,802.4,862.5
548.34454@10.09,0,0,140.8,0,473.5,0,458,401,298.3,0,203.3,0,924.2,716.7,1773,0,374.1,253.1,737.7,375.7,506.1,604.1,3618,2413,377.6,0,0,290.9,512.7,356.5,1019,407.3,154.9,180.7,277,0,0,242.1,175.1,174.6,170.9,0,348.1,264.5,0,251.9,200.7,229.4
879.19512@10.1,0,0,0,0,0,0,0,0,0,0,0,0,0,0,0,0,0,0,0,0,0,0,0,0,0,0,0,0,0,0,0,0,0,0,0,0,0,0,0,0,0,942.5,719.2,1032,0,673.7,533.7,661.1
847.25651@10.1,0,0,0,0,0,0,0,0,0,0,0,0,0,0,0,0,0,0,0,0,0,0,0,0,0,0,0,0,0,0,0,0,0,0,0,0,0,0,0,0,0,1986,1285,1786,0,1516,992.4,1182
845.24898@10.1,0,0,0,0,0,0,0,0,0,0,0,0,0,0,0,0,0,0,0,154.5,0,0,0,0,0,0,0,0,0,0,0,0,0,0,0,0,0,0,0,0,0,419.8,286.5,401.2,0,259.2,171,259.7
883.19701@10.1,0,0,0,0,0,0,0,0,0,0,0,0,0,0,0,0,0,0,0,0,0,0,0,0,0,0,0,0,0,0,0,0,0,0,0,0,0,0,0,0,0,433.5,236.1,369.8,0,256.5,166.6,217.4
948.22459@10.1,0,0,0,0,0,0,0,0,0,0,0,0,0,0,0,0,0,0,0,172.4,0,276.7,207.9,299.4,0,0,0,0,265.2,0,220,236.9,0,0,0,0,0,0,0,0,0,349.2,244.8,316.1,0,216.8,140.2,174.4
880.3303@10.09,0,0,0,0,0,0,0,0,0,0,0,0,0,0,0,0,0,0,490.6,581.8,0,636,461.8,707.7,0,646,380.4,629.9,0,0,458.2,0,0,0,0,0,0,0,0,0,0,395.8,264.7,336.7,0,194.9,137,159.2
525.18167@10.1,0,0,0,318.9,0,0,0,0,0,0,0,0,0,0,0,0,0,0,235.5,0,0,0,0,0,0,0,0,0,0,0,0,0,0,0,0,0,0,0,0,0,0,1359,1032,1387,0,2310,1064,1429
1120.22158@10.09,0,0,0,0,0,0,0,0,0,0,0,0,0,0,0,0,0,0,0,0,0,0,0,0,0,0,0,0,0,0,0,0,0,0,0,0,0,0,0,0,0,335.3,222.6,338.4,0,393.7,199.4,342
1157.29932@10.1,0,0,0,0,0,0,0,0,0,0,0,0,0,0,0,0,0,0,0,0,0,0,0,0,0,0,0,0,0,0,0,0,0,0,0,0,0,0,0,0,0,327.8,218.5,331.3,0,359.2,137.9,212.5
1353.29038@10.09,0,0,0,0,0,0,0,0,0,0,0,0,0,0,0,0,0,0,0,0,0,0,0,0,0,0,0,0,0,0,0,0,0,0,0,0,0,0,0,0,0,430.8,319.1,418.8,0,535,276.7,377.9
1386.23957@10.09,0,0,0,0,0,0,0,0,0,0,0,0,0,0,0,0,0,0,0,0,0,0,0,0,0,0,0,0,0,0,0,0,0,0,0,0,0,0,0,0,0,311.8,234.8,291.9,0,340.3,0,267.1
1123.22352@10.09,0,0,0,0,0,0,0,0,0,0,0,0,0,0,0,0,0,0,0,0,0,0,0,0,0,0,0,0,0,0,0,0,0,0,0,0,0,0,0,0,0,239.7,0,352.3,0,351.3,0,239.1
895.17832@10.09,0,0,0,0,0,0,0,0,0,0,0,0,0,0,0,0,0,0,0,0,0,0,0,0,0,0,0,0,0,0,0,0,0,0,0,0,0,0,0,0,0,367.8,0,376.1,0,315.7,0,203.8
896.31278@10.09,0,0,0,0,0,0,0,0,0,0,0,0,0,0,0,0,0,0,790.7,1163,0,1112,801.2,1341,0,1145,821.7,0,0,0,0,0,0,0,0,0,0,0,0,0,0,1007,624.9,990.3,0,690.6,396.6,448.6
1121.22049@10.1,0,0,0,0,0,0,0,0,0,0,0,0,0,0,0,0,0,0,0,0,0,0,0,0,0,0,0,0,0,0,0,0,0,0,0,0,0,0,0,0,0,321,0,403.2,0,380,0,263
1127.22976@10.09,0,0,0,0,0,0,0,0,0,0,0,0,0,0,0,0,0,0,0,0,0,0,0,0,0,0,0,0,0,0,0,0,0,0,0,0,0,0,0,0,0,454.1,0,542.1,0,460.6,267.1,394.8
1173.2743@10.1,0,0,0,0,0,0,0,0,0,0,0,0,0,0,0,0,0,0,0,0,0,0,0,0,0,0,0,0,0,0,0,0,0,0,0,0,0,0,0,0,0,385.1,0,378.6,0,322.8,173.1,184.6
1178.30196@10.1,0,0,0,0,0,0,0,0,0,0,0,0,0,0,0,0,0,0,0,0,0,0,0,0,0,0,0,0,0,0,0,0,0,0,0,0,0,0,0,0,0,318.3,0,418.2,0,236.4,0,164.4
1355.28412@10.09,0,0,0,0,0,0,0,0,0,0,0,0,0,0,0,0,0,0,0,0,0,0,0,0,0,0,0,0,0,0,0,0,0,0,0,0,0,0,0,0,0,236.3,0,307.6,0,250.1,164.8,224.3
1387.23136@10.09,0,0,0,0,0,0,0,0,0,0,0,0,0,0,0,0,0,0,0,0,0,0,0,0,0,0,0,0,0,0,0,0,0,0,0,0,0,0,0,0,0,311.3,0,327.2,0,291.5,166.1,228.9
1441.2722@10.1,0,0,0,0,0,0,0,0,0,0,0,0,0,0,0,0,0,0,0,0,0,0,0,0,0,0,0,0,0,0,0,0,0,0,0,0,0,0,0,0,0,230.9,0,278.6,0,165.8,0,177.5
849.25151@10.1,0,0,0,0,0,0,0,0,0,0,0,0,0,0,0,0,0,0,0,0,0,0,0,0,0,0,0,0,0,0,0,0,0,0,0,0,0,0,0,0,0,681.6,401.1,698.1,0,583.9,291.2,500.4
1137.19643@10.09,0,0,0,0,0,0,0,0,0,0,0,0,0,0,0,0,0,0,0,0,0,0,0,0,0,0,0,0,0,0,0,0,0,0,0,0,0,0,0,0,0,612.4,0,539.4,0,718,341.9,591.2
844.09934@10.09,0,0,0,0,0,0,0,0,0,0,0,0,0,0,0,0,0,0,0,0,0,0,0,0,0,0,0,0,0,0,0,0,0,0,0,0,0,0,0,0,0,558.9,0,548.1,0,650,338.1,563.6
568.1693@10.11,0,0,0,0,0,0,0,0,0,0,0,0,0,217.6,230,0,0,0,0,0,0,151.1,190.4,198.6,0,0,0,0,0,191.4,0,0,417.9,165.8,0,0,0,0,0,0,0,416.4,0,439.7,0,436.8,345.4,528.6
1158.17692@10.09,0,0,0,0,0,0,0,0,0,0,0,0,0,0,0,0,0,0,0,0,0,0,0,0,0,0,0,0,0,0,0,0,0,0,0,0,0,0,0,0,0,444.9,0,418.6,0,558.6,243.4,415.5
246.14708@10.1,0,0,0,0,1629,709,580.6,594.2,1129,1639,865.5,962.3,0,1438,630.4,808,975.6,0,32060,41030,0,38210,31620,36750,0,0,0,0,0,0,0,0,0,431.2,318,366.5,1703,0,0,0,1594,33350,25820,32120,2577,31250,18570,20530
228.14014@10.1,0,0,275.7,327.6,386.5,396.1,0,0,0,621,323.7,297.7,268.7,0,0,210.6,291.2,0,6129,7507,0,6675,5841,6702,218.1,0,0,0,368.3,0,0,0,0,0,0,0,775.4,0,0,0,0,6408,4742,6192,0,7373,5497,6355
522.34557@10.11,0,882.6,0,409.5,0,294.7,222.3,0,0,193,143.3,181.1,188.7,1130,963.2,1091,0,3140,2987,4007,183.8,4072,4375,5346,240.4,2826,1862,3316,0,2107,2490,1366,0,181.8,176.1,0,217.3,239.5,197.4,190.9,196.5,660.1,3015,738,156.7,466,1891,211.8
888.33588@10.11,0,0,0,0,0,0,0,0,0,0,0,0,0,0,0,0,0,0,359.5,377.8,0,359.5,0,485.2,0,0,0,0,0,0,0,0,0,0,0,0,0,0,0,0,0,0,0,185.1,0,172.6,0,0
608.23353@10.1,0,0,0,0,0,0,0,0,0,0,0,0,0,0,0,0,0,178.8,428.6,385.2,0,307.9,336.8,353.1,0,417.8,0,0,0,239.3,0,287,0,0,0,0,0,0,0,0,0,286,200.6,344.3,0,0,0,251.1
884.34438@10.1,0,0,0,0,0,0,0,0,0,0,0,0,0,0,0,0,0,0,1203,1817,0,1419,959.3,1441,0,0,0,0,0,0,0,0,0,0,0,0,0,0,0,0,0,644.3,589.7,747.7,0,286.2,272,198.1
618.15764@10.11,0,0,0,0,0,0,0,0,0,0,0,0,145.2,453.5,179.1,368,0,0,231.8,320.7,489,362.8,338.1,0,0,0,0,0,0,0,273.3,0,0,0,0,0,0,150.3,147.5,144.2,0,217.5,207.5,285.9,0,192.4,154.6,128.1
451.12556@10.12,0,0,0,0,0,0,0,0,0,0,0,0,0,0,0,0,0,619,251.2,610,0,394.8,347.8,657.9,0,0,243.1,500.6,0,286.5,0,430.2,0,0,0,0,0,0,0,0,0,0,677.1,577.4,0,185.2,0,0
566.38201@10.11,0,171,0,0,140.7,250.1,0,0,207.3,286.7,133.7,151.1,0,762.9,324.1,0,0,0,4089,4099,111.9,677.4,1542,1141,0,566.9,589.5,2672,0,355.4,628.3,299.6,0,0,183.7,134.6,130,0,0,195.5,0,274.2,1884,226.1,0,0,393.5,0
571.13364@10.12,0,0,0,0,0,0,0,0,0,0,0,0,0,0,0,0,0,269.8,0,0,0,0,0,0,0,0,0,0,0,0,0,0,0,0,0,0,0,0,0,0,0,0,0,678.8,0,0,317.3,378.2
848.25895@10.11,0,0,0,0,0,0,0,0,0,0,0,0,0,0,0,0,0,0,0,0,0,0,0,0,0,0,0,0,0,0,0,0,0,0,0,0,0,0,0,0,0,846.4,0,1016,0,708,0,729.1
897.30909@10.11,0,0,0,0,0,0,0,0,0,0,0,0,0,0,0,0,0,0,806.8,1056,0,0,0,0,0,0,0,0,0,0,0,0,0,0,0,0,0,0,0,0,0,635.1,0,763.1,0,437.4,0,309.6
332.2979@10.11,2221,5360,6084,5069,528.4,918.3,920.5,0,6763,2006,3898,2098,0,0,837.6,0,8160,841.3,1597,1145,403.1,1231,0,1174,7961,0,0,1054,0,0,0,814.6,514.7,538.1,625.3,668.9,534,639.4,0,0,0,0,0,689.3,0,405,0,609.3
402.30258@10.13,0,0,1044,530.6,0,935.8,0,0,346.8,0,0,686.8,296,565.9,656.8,1295,470.7,0,1127,985.9,234.2,550,1077,766.9,435.9,925.4,705.1,854.4,380.9,434.9,719.1,420.3,0,361.9,705.7,815.8,358.8,392.1,664.7,507.9,236.2,1088,889.2,733.3,374.5,489.5,1076,586.7
200.17983@10.13,0,346.3,341.2,0,0,369.5,367.7,0,498.6,456,362.8,413.9,0,1318,3276,3114,414.5,0,1877,2079,1057,0,2770,3951,0,0,0,0,0,0,0,0,0,0,0,0,0,0,0,0,0,0,1954,1968,418.8,1527,0,1127
510.35447@10.13,131,0,0,0,229.3,373.2,240.6,231.4,0,342.5,0,212.2,148.2,900.4,471,0,108.7,0,2928,3228,363.1,1432,3015,2380,188.7,508.4,799.9,2776,284.3,498.2,764,290.8,141.7,238.2,0,212.8,163.3,167.1,231.4,168.9,0,302.6,534.2,290.5,0,0,350,182.3
596.38321@10.14,0,0,0,0,0,271.8,0,0,0,0,0,0,0,461.4,918,0,0,0,191.7,182.2,0,0,349.2,0,0,0,132.2,0,0,0,227.5,0,0,0,0,0,0,0,0,167.5,0,126,196.8,192.3,0,0,147.1,0
490.21748@10.16,0,134.6,151.5,171.6,0,0,0,0,203.3,0,0,154.5,0,0,0,0,0,493.8,344.2,0,0,324.6,0,267.9,123.3,569.7,348.2,550.5,147,242.8,283.8,284,0,0,215.7,0,0,0,166.6,0,0,288.6,275,316.3,109.2,269.7,0,293
302.29866@10.15,0,0,0,0,21060,21690,27450,30550,0,0,0,0,18330,47090,32080,29160,29340,28470,0,29840,25130,56460,59100,77980,18310,56920,47470,66140,18850,57660,48240,39020,21180,14390,23750,24500,11990,13450,24100,15950,7766,40240,56530,18890,17550,17700,41320,24250
582.35939@10.15,111,0,0,0,0,556.5,1343,930.2,0,200.9,0,0,0,2840,2791,2734,0,0,294.2,247.8,104.9,223.8,0,0,0,0,0,138.8,0,0,0,0,110.1,198.6,220.8,0,170.6,144.7,182.2,213.3,0,162.4,194.8,192.6,0,192.3,0,0
258.13592@10.15,1668,1758,1585,1597,2382,965.4,509.7,563.5,361.5,0,0,407.9,1783,0,487.2,473.7,1282,550.2,0,695.7,2787,401.1,0,0,2149,2638,750.2,2538,1065,0,1136,1418,532.7,443.1,468.7,407.1,576.4,0,353.4,328.9,457.5,685.1,701.5,881.4,503.2,419.8,457.9,469.1
489.21996@10.16,210,0,0,0,0,270.7,230.1,269.5,200.5,279.8,0,0,218.9,250.8,199.7,223.9,261.7,2003,2017,2591,151.2,656.7,551.3,635.9,263.9,3767,1820,2504,198.7,677.4,433.5,651.2,264.9,268.5,0,275.1,274.8,282.8,268.6,227.5,262.2,910.7,419.2,0,300.8,751.5,0,495.3
473.22541@10.16,275.1,283.1,252.2,254.1,263.6,212.7,277,279.5,258,0,276,207.1,229.6,252.8,252.2,271.4,253.1,12090,2956,8618,0,3636,823.2,3197,261.1,13830,2057,7797,180.6,4231,977,3556,0,293.3,306,321.4,288.9,337.8,278.7,298.1,254.2,7882,574.3,3968,0,5856,700.2,1862
521.35091@10.17,0,0,0,228.2,371.5,0,847.9,315.7,240,0,193.9,163.9,398,1838,1688,1587,0,236.4,1241,400.3,337.2,0,1240,521.8,349.8,0,0,289.8,356.4,0,735.2,340.1,0,305.7,240.1,259.2,322.5,313.2,308.1,353.4,0,382,398,340.3,232,215,0,0
518.20727@10.17,0,0,0,0,0,0,0,0,0,0,0,0,0,0,0,0,0,0,0,0,0,0,0,0,0,178.9,0,0,111.3,0,0,0,0,118.1,0,0,0,0,0,0,0,314.2,241,424.1,0,733.5,295,302.2
183.0902@10.18,0,0,502.3,665.8,1631,0,1777,0,449.7,606.1,0,435.1,0,2378,1473,2170,0,7829,8452,9846,2410,0,5106,0,1524,0,0,5908,2252,6407,4945,7909,2899,3485,2909,0,0,3547,2850,2713,0,0,8226,0,0,0,0,0
303.2961@10.16,3059,6064,5558,5847,3323,4855,4491,5063,3862,4039,0,5009,3139,7175,5416,5176,4743,8902,7050,8026,4224,12680,9575,13490,3898,9642,7462,9785,3058,0,7560,5820,0,2284,3661,5122,1762,2058,3829,0,1360,6662,9081,5419,2813,5718,9503,6664
480.33602@10.17,0,174.9,128.9,0,0,455.2,0,318.7,139.8,0,0,0,235.1,1855,0,0,0,212.3,362.1,416.4,279.2,1880,4139,3218,0,351.1,1484,1200,250,1162,1338,268.5,228.1,266.6,301.6,278.8,223.3,243.3,0,299.7,236.8,269.7,377,0,189.2,224,280.3,0
520.34983@10.17,1204,0,0,566.5,932.3,5736,3064,1280,0,0,504.3,373.5,979.5,11900,8774,8064,738.4,451.3,3838,779.6,744.9,608,5454,2329,1172,0,4112,446.4,658.4,514.5,2150,0,539,475.9,374,572.8,575.1,549.4,499.4,586,389,0,523.8,0,466.3,504.3,431.4,371
286.29127@10.18,4853,8923,10370,10580,5921,12160,12300,10540,5121,9167,8781,9263,6393,12330,13850,13400,4415,10200,10810,10360,5860,23120,20840,28110,4874,10040,11030,10050,6886,19160,19520,12340,3552,10650,7599,9138,12860,14560,6049,10280,11910,20360,14780,13490,3229,19230,14540,16040
330.29671@10.18,15690,17440,30040,33620,1472,7898,12770,16500,10080,15240,15800,17200,3210,1383,4181,11030,10220,17280,29450,17830,574.8,917.1,2363,1558,9538,17950,31340,18400,5709,846.9,2875,1086,5975,6935,12550,11300,4580,9426,12420,10180,942,12440,18930,16180,4502,4942,11560,9002
447.22435@10.18,272.1,254.4,310.3,297.8,304.5,364.2,352,360.3,244,265.1,319,315.8,288.4,0,335.4,343.8,313.3,0,385,291,0,386.4,377.4,385.4,298.6,353.1,294,267.2,299.8,377.4,374.3,385.2,0,0,384.1,604.6,664.8,0,0,478.9,725.4,3211,6057,4124,2228,6722,20260,7024
287.29103@10.18,673.2,1266,1324,2202,998.1,2091,2051,2197,0,1299,0,1281,1133,2016,2292,2161,884.6,0,2456,1610,1060,3795,3198,4698,896.7,1778,1901,1362,1130,2901,2914,1845,1057,1709,1433,1546,1705,2073,1182,0,2138,3100,2394,2141,748.7,3143,2406,2346
435.1239@10.18,0,0,0,0,0,0,0,0,0,0,0,0,0,0,0,0,0,0,0,0,0,0,0,0,0,0,0,0,260.6,0,0,0,0,0,0,0,0,0,0,0,179.7,1421,1209,1828,318.8,944.2,666.6,988.1
332.09908@10.19,0,0,0,0,0,0,0,0,0,0,0,0,0,0,0,0,0,0,0,0,0,0,0,0,0,0,0,0,0,0,0,0,0,0,0,0,0,0,0,0,177.8,225.4,524.2,405.6,0,477.1,507,1078
129.06536@10.2,0,606.2,0,570.1,2948,3221,3002,3176,0,0,462.4,530.7,2247,1924,2517,2284,1206,9339,0,0,4957,10150,6659,10200,2262,10520,8268,9684,3148,8696,7420,10930,3298,4142,3778,3260,2865,3128,3481,3817,2754,17700,14060,0,3082,0,9326,10090
464.31105@10.2,2148,240.6,180.3,0,1237,746.2,780.3,602.4,1552,228.9,225.7,189.7,959,873.7,1348,874.2,438,1507,4939,1759,652.1,2249,3755,3604,551.9,1188,1878,2133,789,1579,2569,1014,760.6,263.8,407.9,572,382.2,269.6,429.9,1809,430,1013,2440,814.8,474.6,284.7,934.3,1214
157.08921@10.2,559,0,469.6,431.4,755.5,1206,1008,1026,513.6,496.5,0,535.4,814,0,1006,662.9,564.4,0,0,0,0,2009,1788,2533,962.6,1951,1748,1777,0,0,0,2696,0,940.3,985.4,823.6,923.2,918.5,0,800.4,671.7,4467,2998,0,745.5,0,2386,2195
281.11093@10.2,1453,846.3,1179,1389,11160,8650,8374,8804,0,0,0,875.3,5843,4594,6182,5384,3177,30890,0,0,6134,29840,18370,28800,7028,34970,25990,30880,9854,30080,20780,32990,11100,11960,10740,10490,8377,10660,8884,9714,8131,59230,41050,0,8752,37210,27640,32310
302.29577@10.2,26270,44530,27870,28250,0,29120,0,0,20150,31510,39060,40740,0,0,0,0,0,0,46660,51020,0,73830,0,0,0,0,0,0,0,0,0,0,0,0,0,0,0,0,0,0,0,0,0,38010,0,34400,55610,43300
506.31114@10.19,0,207.6,230.6,0,379.5,0,0,0,0,0,0,0,310.8,0,0,0,239.5,332.8,0,0,0,495,0,0,205,472.9,372.8,602.1,0,251.6,403.7,0,202.5,301.4,257.8,346,224.8,0,0,0,194.5,221.8,540.3,297.8,194.2,251.9,0,252.9
313.06149@10.2,0,0,0,0,507.7,574.5,539.8,583.1,0,0,0,0,352,355.1,304,337.8,466.6,1713,0,935,0,1279,845.3,1179,438.7,1255,923.1,1192,697.5,1185,978.7,1359,815,903.2,560.4,602.6,490.3,621.6,456.9,599.9,616.5,2683,1820,2924,427.3,3526,1508,1618
201.09196@10.21,0,0,0,0,2810,3046,2607,2801,0,0,0,414.3,3041,3999,4446,2728,1407,0,0,5392,4358,8573,5571,7226,2493,7785,5129,6729,2717,0,5369,7873,0,2858,2502,2609,2275,2506,2580,2233,2496,17160,12250,15070,2358,13930,8673,8269
128.05425@10.2,0,0,0,381.3,1020,1344,1178,1234,0,0,0,0,864.3,837.7,831,630.5,497.7,3066,0,0,609.8,3948,0,3327,854.1,3434,2614,3276,1000,0,2461,3585,0,1245,1177,1430,913.9,1226,1302,0,1167,8003,6123,6515,1385,5647,4443,0
390.33925@10.21,6530,670.7,1744,0,0,625.1,2206,719.8,15090,3187,1200,2437,296,456.5,1199,536.3,10440,396.9,860.8,840,227.7,442.8,513.3,869.7,12630,1653,1536,531.9,266.6,745.5,0,306.6,630.6,5161,5522,13060,375.5,2716,7173,7358,408.2,705.3,1316,426.3,468.6,657.6,1215,717.2
568.39902@10.2,1467,148.6,0,0,0,206.2,128.9,108.4,1328,0,0,0,0,0,185.4,126.3,694.2,0,1612,2375,104.2,368.3,1335,376.1,340.2,922.7,1671,266.3,0,0,239.8,175.2,171.8,167,0,0,0,0,0,128.6,0,254.2,225.5,207.9,0,127.1,233.3,126.8
172.1424@10.21,0,0,977.9,0,1444,1047,1177,1618,0,0,0,0,763.2,1535,1186,1355,468.6,5234,4109,4798,1805,5521,1334,1860,694.9,5270,4010,4564,1417,5053,1543,5973,0,795.9,0,1047,811.4,1404,834.4,0,1023,4318,6468,3437,803.8,3336,5417,2532
166.09094@10.21,413.9,495.1,450.6,0,664.4,1831,748.2,786.6,343,484.9,355.5,435.7,510,507.2,529.1,491.8,367.7,1420,2096,2668,468.5,3337,1979,2630,583.6,1681,2340,2642,765.2,2683,1036,4868,0,1331,677.5,1144,562.7,644.2,1461,755.6,1031,3234,4724,2934,578.3,6056,1679,2204
551.38241@10.21,0,329.8,351.5,322.3,221.8,1122,354.8,271,460.4,302.5,381.5,346.3,419.4,0,0,565.6,338.1,252.6,534.3,529.9,230.5,1542,3741,2777,1673,582.3,1722,209,252,253.3,1759,0,186.2,236.3,0,206.5,168.1,0,160.2,198.7,0,0,302.3,235.6,0,234.6,0,188.7
241.12346@10.21,2474,0,2185,1991,3376,4599,3622,4228,0,1607,1162,0,2858,3584,3378,3133,1220,11000,6106,9720,3313,17560,4196,18820,2518,9843,7144,9292,3386,17990,5673,8222,3048,5159,2582,6403,6116,4738,7087,5129,5261,16310,10820,15290,6419,14770,8515,10830
171.11552@10.21,4984,0,4742,4533,6658,8117,7134,7921,0,0,0,0,5477,4164,5635,5692,1790,27710,17200,21910,2370,29090,20640,28980,2634,27520,19890,23830,7327,29680,19990,28690,8268,8401,7409,7425,3780,7250,4189,3617,6074,54440,36960,51720,6745,48240,28230,37830
562.35253@10.21,322.7,235.4,155.9,177.6,334.6,0,642.2,613.7,356.3,282,216.3,230.9,0,891.1,1943,707.1,287.9,435.4,1164,891.9,400.9,4184,10660,7752,409,0,595.8,760.6,271.5,2128,5391,2012,263.7,0,0,309.4,0,275.9,319.2,0,289.8,362.6,1849,364.7,249.1,266.4,922.8,245.8
199.10671@10.22,16170,17330,16310,16090,24380,29130,24860,27290,8536,10740,8540,9645,20010,22240,21070,19420,10500,79950,53680,70900,22690,98090,67190,96740,18150,76400,66240,64730,27090,99350,65260,93770,27700,28640,24960,24210,22320,24730,22840,23770,21970,158200,108700,147400,22630,137600,84170,108200
550.38982@10.22,1096,970.5,860.4,1541,617.8,3619,1975,673.8,1062,1728,1009,1960,1958,3052,4055,4101,5804,361,1245,2772,1106,3548,9579,6136,7370,3293,3833,433.3,662.3,1220,3514,1595,248.7,189,236.2,263.8,204,163.9,0,311.4,0,0,1743,351.8,108.4,220.8,329.8,190.2
538.33353@10.22,187.9,255,137.8,215.2,2093,6005,4423,4220,0,180.1,214.4,233.8,273.7,0,210.1,0,0,219.6,233.2,281.3,1286,199.7,0,214.3,0,212.3,0,172.6,0,445.6,163.9,522.7,0,2575,1868,3090,0,860.1,2629,3412,234.5,0,279,390.9,0,327.5,0,0
502.30491@10.23,0,4790,2530,12330,176.6,206.2,0,297.7,140.6,0,1283,169,0,202.2,219.7,142,0,0,273.8,237.1,0,253.8,251.8,250.1,0,244.5,214.8,247.6,0,172.5,209.6,250.4,145.2,226.1,185,224.5,201.4,0,197.2,223.7,208,255.3,279.4,268.7,0,221.7,238,190.2
402.30962@10.22,0,2448,1918,2156,770.9,3834,5534,8312,1267,2813,3093,2993,728.5,1210,1723,3400,1251,2520,3154,2604,403.5,1386,2189,1899,1093,2545,3335,2768,1444,1457,2056,1105,1011,978.3,2853,2028,978.3,1376,1797,1806,223.5,2624,2478,1915,722.4,1036,2118,1592
329.91252@10.23,0,0,0,0,0,218.5,0,0,0,0,0,0,0,638.6,334.2,401.7,0,0,0,0,0,0,0,0,0,0,0,0,0,0,0,0,0,0,0,0,0,0,0,115.2,0,0,0,0,0,0,0,0
239.99914@10.23,0,0,0,0,320.5,2268,509.6,685.2,0,0,0,0,0,4214,1890,2543,0,210.3,0,0,0,0,240.8,243.4,0,0,179.8,0,0,0,213,221.8,0,0,326.4,359.2,320.6,0,430.2,658.9,286.2,253.4,0,0,243.6,0,0,0
554.40864@10.23,0,0,0,0,218.9,346.9,287.9,292.1,0,184.4,0,0,246.2,543,508.5,550.5,273.6,260.8,0,383.4,265.7,911.6,2095,1320,289.8,644.2,734.3,248.1,301.4,0,857.1,426.7,289.8,223.4,245,217.9,114,226.5,169.2,192,154,298.2,392.4,281,0,177,272.4,216.3
241.04323@10.22,0,0,0,0,0,371.3,0,0,0,0,0,0,0,407.3,244.1,331.5,0,0,0,0,0,0,0,0,0,0,0,0,0,0,0,0,1112,966.2,1534,1565,1290,0,1552,1302,1180,826.4,1697,1909,1284,925.3,1657,1577
281.10787@10.24,4692,5202,3917,0,0,9580,9944,11480,0,5215,3974,2947,4866,0,0,0,4168,0,34260,43810,0,36950,0,38040,0,49060,0,0,0,0,0,0,4231,0,0,0,0,0,0,0,0,58850,46970,64820,9016,60590,33170,50670
215.24536@10.24,0,0,0,0,1188,1453,2315,1510,0,0,0,0,1470,2157,1707,1498,2922,0,4166,1538,1001,500.6,830.5,381,2345,1463,4301,1876,1201,0,980.9,0,3668,851,1977,1936,1706,691.2,2603,1426,1479,2268,2929,0,1466,3671,4171,2260
552.41277@10.24,6129,674.2,0,0,2801,5629,2969,2756,4681,1086,0,0,4474,8806,7488,7300,3290,2708,11620,7201,2609,12600,39900,24050,4070,9656,11930,602.5,3008,4021,14580,5778,774.5,1346,479.1,2412,673.1,435.6,531.2,2092,643,2584,5796,2474,227.9,328.4,2195,0
282.13675@10.24,957.9,954,787.5,0,0,1769,0,1578,576.7,707.8,746.3,579.9,0,0,0,0,734.1,0,4572,6253,0,4783,0,0,0,0,0,7979,0,0,0,0,0,0,0,0,0,0,0,1008,0,11350,0,11820,1592,10450,6034,8821
237.98899@10.24,0,0,0,0,537.9,3626,999.2,1304,0,1005,0,0,141.1,6439,3394,3999,0,397.9,0,395.3,0,345.1,503.7,321.7,0,161.6,341.7,0,0,377.3,355.1,322.3,0,292.5,615.4,516.5,619.4,447.6,633.9,1489,503.7,0,0,0,449,0,0,0
432.28213@10.24,0,43740,21670,29700,0,3132,21830,11590,421.8,388.5,15260,1258,0,509.2,656.7,856.5,417.5,471.3,523.6,0,533.4,419.7,585.9,595.3,434.9,408.4,449.2,567.7,384.3,0,452.9,416.2,0,455.1,0,551.2,520.3,416,457.3,554.8,514.3,542.4,0,420.5,397.3,514.2,522.5,575.5
316.31757@10.26,0,94780,0,0,111500,0,150000,143300,62170,0,0,0,86530,167700,142400,155200,96270,340200,0,0,103700,229300,225400,236500,93050,191100,186300,194200,128300,238800,211200,180700,95510,111700,107000,106900,98340,115900,105000,110600,0,203400,189400,179700,64570,0,0,0
360.32373@10.26,818.5,1927,0,0,0,2159,2322,0,969.4,0,2028,0,1705,3577,2855,3094,0,7263,3145,3390,2018,4448,5312,5856,1860,4322,4225,4150,2483,5941,4778,3766,1865,2133,2065,1965,1957,2201,1999,2053,180.4,4584,3953,3909,1157,1460,3446,0
553.41912@10.25,0,322.3,0,311.2,892,1249,711.9,1159,1324,493.6,198.2,237,1159,1902,1609,1780,735.5,858.6,2321,1249,961.6,2885,9410,5427,836.4,2436,2757,357.4,1161,844.6,3556,1426,0,244,309,369.8,294.1,0,307.2,422.6,210.1,756.9,1332,577.4,156.8,247.3,506.1,334.1
214.24773@10.24,15230,10230,17520,12290,9567,12600,11060,13180,13110,7296,17300,10970,12870,14120,14120,12950,14170,16570,48820,18340,8581,4786,9874,5246,18690,11040,32370,16900,10080,4212,8379,7472,17530,9574,14430,15710,11990,7941,13640,13310,12910,17530,28100,23280,14930,31850,32130,26250
243.12711@10.27,547.8,632.6,614.2,767.6,8312,0,8538,0,656.7,0,625.7,0,6676,8307,0,8362,0,57420,0,0,6020,0,26200,37370,7214,42720,30090,36510,9912,43820,28270,36560,19220,19630,11950,9428,9624,10230,8651,10610,7792,0,50740,0,0,0,0,0
427.0922@10.25,0,260.4,0,0,0,0,0,0,0,0,0,0,0,0,0,0,0,520.7,0,719.2,0,1156,729.8,2120,0,251.6,174.7,866.7,0,1197,0,1307,0,0,0,0,0,0,0,0,0,0,0,0,0,0,0,0
597.44152@10.27,0,0,0,0,250.7,215.5,118.6,237.5,0,122.4,0,0,150.8,467.7,342.8,305.9,0,220.6,261,252.6,194.6,883.5,2200,1199,0,384.8,400.4,218.5,209.4,332.1,520.5,283.8,0,0,0,0,0,0,0,167.8,0,0,472.7,239.8,0,130.4,294.4,0
598.20103@10.28,0,0,0,0,0,0,0,0,0,0,0,0,0,0,0,0,0,446.3,0,0,0,0,0,0,0,425.3,273.3,378.4,0,363.1,265.4,492.8,114.9,144.9,163,126.8,0,0,0,0,0,1666,979.5,0,0,0,0,0
596.44014@10.26,722,0,0,0,344.1,543.8,262.8,238.3,0,0,0,0,294.5,2683,606.8,529.7,272.1,0,1243,345.8,272.7,2272,5586,3265,189.1,1020,1143,171.3,192.9,707.6,1727,347.8,0,0,175.5,107.8,0,0,0,0,0,282.5,1183,237.1,0,0,287.1,0
548.35524@10.27,0,278.2,217.7,0,348.1,834.4,741.3,890,0,0,0,0,393.5,530.5,2619,550.4,611.9,337.1,409.9,0,333.8,267.6,0,254.5,549.4,354.4,0,310.7,335.2,0,0,255,267.2,0,304.8,233.5,0,255.2,299.5,297.1,210.3,0,0,287.4,205.3,241.7,0,236.9
480.34689@10.27,0,0,0,214.4,210.8,5321,2760,1913,233.3,271.1,0,235.8,275.7,1545,3350,3554,214.3,293.2,1737,1029,236.6,1162,2800,1797,499,400.4,893,0,215.8,461.7,758.7,0,215.7,243.5,285.4,241.5,227,248.1,262.3,0,220.9,0,0,0,132.2,159.3,0,154
318.30971@10.28,1886,3154,3332,0,7735,4888,9945,4949,0,0,3967,0,6163,9084,9602,8235,7036,12650,0,14560,6970,15810,16630,18950,6568,6032,11930,6397,9568,8483,15000,12140,6996,6712,6747,6685,6083,3048,6360,2889,0,7529,10820,7341,4148,7355,6662,3933
202.14611@10.28,645.1,593.3,646.6,676.8,759.1,0,787.6,863.6,0,0,0,700,757.8,768.9,730.9,696.4,0,3035,844,0,600.4,2207,1897,2630,770.1,3316,2087,2468,949.3,2836,2093,2793,1056,993.2,926.1,880,814.6,874.9,860.9,834.4,839.7,4797,3769,0,923.7,8518,2551,0
316.31671@10.27,138900,214400,205300,200900,193700,257700,257100,249400,146100,218800,215300,237500,149400,293600,241600,252300,163000,277600,305700,321500,171100,418500,413300,440400,155100,321400,310300,319800,217100,436000,380600,315500,161000,194800,177700,180300,170200,201200,183000,187600,1629,364500,335500,344200,109400,200800,304900,207400
383.0575@10.28,0,0,0,0,0,198.9,0,383.6,0,0,0,0,152.8,0,149,143.1,0,619.7,384.9,0,212.8,406.8,412.4,561.3,146.7,653.7,454.5,563.3,0,591,445.5,500.8,318.4,193.4,0,291.8,178.4,0,0,230,201.3,587.4,637.5,0,0,563.5,0,503.5
317.31546@10.27,13400,23050,19210,18150,26790,37580,36900,38330,14880,22940,22210,23310,18440,39970,31600,34250,22060,0,0,49410,21250,76640,65690,71200,17680,47590,44450,48440,24710,130300,56330,81140,18070,24010,22090,21520,20610,21460,23050,21670,444.4,55820,88000,57210,24980,30070,50790,32200
244.13856@10.28,230.7,221,230,0,2160,2431,2266,2474,0,0,1986,0,2089,2024,2126,1819,877.4,7272,0,0,1666,8185,6335,8807,1717,9667,6107,8150,2670,11420,6316,8223,2847,2814,2558,2464,2209,2241,1979,2129,2074,18030,12800,0,2098,11300,8173,9530
284.13899@10.28,237.9,0,245.3,0,4881,4671,4546,6802,0,4176,0,0,3198,3864,4010,3694,1612,15640,0,0,3797,14030,12240,16200,3697,20060,14560,16730,4788,20430,12820,16210,6512,6484,5640,5723,5086,5951,4483,4787,4630,27970,22150,0,5044,17840,15120,16900
201.10782@10.28,2074,1653,2092,1984,8368,9114,7908,8868,1450,1934,1116,1011,3780,4197,3889,3757,2289,29150,0,0,4108,19440,14700,20120,4148,29860,19910,25210,8682,18850,19930,26790,9905,10140,8540,8407,8226,8543,7484,7482,3611,62350,44700,0,7955,54630,33920,42520
360.31958@10.28,2960,4479,4214,4070,3671,5071,5192,5467,3125,4905,4704,4735,2912,5882,4848,5332,3571,9856,6825,6604,3416,10080,9335,10270,3336,7016,7166,7140,4340,9521,7938,6361,3900,3727,3515,3389,4198,4211,3429,3701,230.5,8273,6976,7399,2201,3884,6470,4063
155.09696@10.28,1602,1614,1942,1886,2736,3838,2914,3478,1520,1666,1522,1275,1928,2216,2116,2040,1575,19350,14190,0,2075,10080,7086,10400,2207,20610,7504,8599,2610,12160,7739,20040,0,3417,6117,3226,2696,3279,2917,2562,2483,24650,17740,0,2644,0,24980,14570
216.13695@10.29,0,2321,299,383.5,2293,2767,2146,2623,0,0,2117,0,1527,1907,2192,1860,1125,7697,0,5686,1888,9035,6572,8735,1850,11910,6756,9789,2311,10950,6196,8530,3930,3100,2705,2526,2422,3456,2135,2022,2032,19330,14090,0,2330,12690,10640,10570
659.22926@10.28,0,0,0,0,147.1,231.6,180.9,257,0,0,0,0,0,150.4,197,0,0,414.6,374,0,146.1,309.4,294.7,387.8,144.8,374.9,343.6,424,184.6,372,330.9,376.4,167.6,255,279,0,241.6,253,237.6,293.9,250.5,597.4,445.2,412.7,171.3,440.9,338.9,484.1
360.10087@10.28,134.2,170.6,265.7,319.7,160.7,179.1,245.2,222.6,0,0,192.3,211.8,197.2,166,0,0,0,556.2,0,444.1,0,826.8,436.3,951.5,0,492.4,377.9,824.5,241.4,518,485.1,567.3,165.8,257.8,0,0,264.6,209.7,209.4,221.1,169.2,951.4,695.7,844.8,194.2,1188,625.5,838.3
332.07741@10.29,0,147.6,0,0,292.7,306.9,294.8,333.7,0,0,0,0,156.6,205.7,189.7,207.6,0,995.7,767.2,947.5,219.2,878.4,776,988.7,188.6,1019,728.3,961.3,262.3,1059,658.2,917.8,408.6,428.9,317.2,391.2,295.3,358,488.7,257,291.2,2115,1602,2082,241.6,1998,1245,1647
575.23837@10.29,108.5,130.1,0,0,184.7,188.5,190,177.9,0,0,0,0,0,244.8,0,197.5,0,1190,610,1045,0,1234,604.9,973.1,0,1440,1016,1229,248.4,830.9,762.8,880.5,411.3,313.5,335.9,218.7,214.6,328.4,242.2,194.3,231.7,5010,2950,4636,249.5,4678,1877,3131
599.22949@10.29,0,0,0,0,0,0,184.6,0,0,0,0,0,120.6,132.5,0,0,0,278.8,0,0,0,298.1,219.9,388.3,0,477.1,317.1,319.4,0,315.1,310.1,364.2,157.7,161.9,0,202,0,198.6,175.2,118.7,114.5,1598,969.6,1817,0,1266,669.3,694.5
285.14497@10.28,0,0,0,594.3,1139,1860,1808,1219,0,1367,655.2,0,916.4,987.2,0,0,944.2,2353,0,2039,963.9,2457,2091,2508,863,4047,2213,2385,1174,0,1981,2483,2032,1288,1162,1171,1192,1126,859.4,1197,1111,3850,3327,3355,1179,3405,2693,3094
117.0579@10.29,5117,3552,4313,4671,5852,5791,5686,6039,0,3541,3371,3474,4504,3907,4493,4229,2640,16080,12800,15720,3673,13860,11890,14730,3492,17600,14420,15670,5281,14710,12910,15950,6831,6274,5418,5938,4999,5746,5588,5495,4308,39050,28950,37850,5506,35560,22480,28160
115.05832@10.28,836.1,3308,3454,3344,3678,2661,2343,2308,968.4,2809,1006,2799,1548,2936,1575,3349,1269,11440,0,9968,4186,6984,6133,7997,3041,12090,8859,10500,2581,5375,8666,11180,4519,2598,2438,2440,3128,0,2198,2140,3960,28820,18730,26520,2310,21290,14880,20530
131.08017@10.29,4602,0,673.5,4462,5337,4273,3843,3982,4037,0,0,3933,4210,2862,2579,2613,3556,8682,0,7505,4325,10260,7942,10660,3682,15940,7432,8990,4554,13770,12400,14770,6296,4305,6270,3656,5485,2916,5943,3221,5239,24410,27460,33910,5756,21800,22190,18350
602.20551@10.3,0,0,0,0,0,0,0,0,0,0,0,0,0,0,0,0,0,0,0,0,0,0,0,0,0,0,0,0,0,0,0,0,0,0,0,0,0,0,0,0,0,276.3,149.1,274.9,0,172.5,132,193.3
675.12992@10.3,0,0,0,0,0,0,0,0,0,0,0,0,0,0,0,0,0,0,0,0,0,0,0,0,0,0,0,0,0,0,0,0,0,0,0,0,0,0,0,0,0,547.7,326.7,352,0,484.5,171.6,244.1
873.29484@10.3,0,0,0,0,0,0,0,0,0,0,0,0,0,0,0,0,0,0,0,0,0,0,0,0,0,0,0,0,0,0,0,0,0,0,0,0,0,0,0,0,0,656.7,373.9,633.2,0,499.9,228.8,305.7
889.26935@10.3,0,0,0,0,0,0,0,0,0,0,0,0,0,0,0,0,0,0,0,0,0,142.9,0,0,0,0,0,0,0,0,0,0,0,0,0,0,0,0,0,0,0,746,386,653.1,0,690.6,231.3,345.3
129.06549@10.29,7548,8151,7005,8502,10130,14170,11310,12910,5368,6628,5988,5772,8692,11600,9604,9131,4599,33690,25760,31090,5525,23760,22150,33820,8902,35190,26330,30640,12370,34060,24650,34890,12100,14760,12310,12400,9605,12340,12110,11760,9662,79160,56530,74660,10950,70150,44360,56010
145.09578@10.29,4200,4609,3826,3666,4045,5431,3170,4640,3753,3379,5190,3447,3424,4121,4163,3266,2845,14450,13290,13430,5424,14710,11900,15750,3412,15570,12100,13640,4400,15730,11670,16190,6657,5957,5066,4665,5183,4894,4733,4509,5572,35760,25230,35740,5176,30980,21150,24960
183.10731@10.29,6686,6799,6793,4399,9421,11760,10370,10690,4498,6284,5271,5126,6568,5662,7250,5142,3973,35030,24880,31890,5124,25660,18900,27630,6691,36770,25490,31170,10050,33820,24200,34820,9026,11080,7971,8083,7126,7840,6920,7611,6629,81050,56440,74560,7544,69470,42460,55570
605.21205@10.29,0,0,0,0,0,0,0,0,0,0,0,0,0,0,0,0,0,0,0,0,0,154.5,0,186.9,0,274.1,0,160.7,0,216.5,159.3,156,0,0,0,0,0,0,0,0,0,706.4,720.5,754.4,0,529.3,263.5,343.9
157.09322@10.29,0,6023,5758,5785,9133,10810,9263,9771,4977,7112,5085,5359,4237,6795,6773,4067,4930,28450,21140,26090,8764,28930,21480,29790,6051,30740,22070,26140,6263,27690,21270,28320,11650,11590,7256,10470,8855,9685,6300,9153,8513,65040,46540,60550,9396,57730,37660,47110
215.13276@10.3,12150,12780,12110,12690,15640,19330,16190,17570,8953,11490,10570,9889,10260,13600,11030,10790,6302,61080,41920,54650,11490,60280,44600,62050,10760,64760,44710,55330,15470,60390,44190,58150,21250,20150,17210,17880,16450,16980,15230,15390,16250,130800,95820,123100,17210,115600,74500,95920
283.13265@10.29,22390,23890,22010,22120,29410,36920,32340,33530,17060,23050,20200,19150,20020,22980,20370,21120,13540,111700,85350,102400,22840,100100,79490,104900,22130,120700,89470,102900,28420,101400,77460,99750,40210,38500,34320,34270,30110,31680,28650,28930,30390,185900,147700,178400,33350,163600,119200,150300
597.20306@10.29,0,150.7,0,0,0,0,192.1,164.1,0,0,0,0,0,269.4,0,171.6,0,1014,560.9,751,0,993.2,476,994.2,188.7,1164,533.4,859.5,314.1,0,556.1,942.3,279.1,0,0,272.4,185.6,0,0,0,0,4937,2798,4684,0,4231,1863,2572
197.1244@10.3,5390,5244,4749,4625,5954,8536,7222,7193,4189,4877,4460,4032,4662,5080,4792,5040,3281,24670,17200,22320,4732,24400,17830,24930,4716,26210,18910,22600,6216,24530,16840,24220,7592,0,5734,5865,5697,4907,5041,4957,5193,46770,34250,38570,5600,37330,24780,30670
606.20757@10.3,0,0,0,0,0,0,0,0,0,0,0,0,0,0,0,0,0,0,0,179.9,0,0,0,0,0,0,0,0,0,0,0,0,0,0,0,0,0,0,0,0,0,411.8,280.4,687.1,0,260.3,197.2,252.8
143.07946@10.3,3792,4575,4856,3705,5028,7925,7002,7658,2550,5073,3532,4283,2209,5621,4505,2174,2290,0,10820,9516,3051,9929,10820,10300,2509,10440,7556,8874,4395,0,7349,0,4076,7769,6883,6341,3484,6192,6748,6538,2522,21440,22160,18310,5754,18820,16710,19850
225.12156@10.3,566.9,2526,2502,2617,3189,4229,3884,4104,2047,2975,2488,1988,2425,2285,2855,2014,1780,11640,8305,9783,2873,10980,7991,11060,2501,17000,8344,9825,3312,11020,7517,10730,0,0,0,0,0,0,0,0,0,24390,18720,23930,0,0,13190,0
243.12918@10.3,11740,12310,12490,12300,15590,19750,16520,17370,9265,11330,10720,9747,10930,13340,12090,12410,7402,0,40450,49820,14610,56470,42760,57720,11730,63700,41550,50470,16670,55660,39850,52370,0,0,16310,17230,14680,15690,14140,14850,13330,113900,84760,107200,14670,100900,64630,81500
315.06629@10.3,1529,1348,1509,1451,1315,2442,1491,1330,1075,1350,0,1036,1005,1081,987.9,1001,942.3,6669,4782,6066,1105,292.3,3396,4849,1372,7036,5415,6034,1561,0,3504,4138,0,1981,1720,2009,1747,1782,1362,0,1389,11530,8004,10260,1618,11990,6576,10360
607.26809@10.3,141.2,180.9,0,0,0,0,190.2,0,0,0,0,142.3,167.8,121,0,118.3,0,0,209,243,147.8,0,0,254.4,0,197.4,235.5,237.3,0,0,243.2,241.6,147,155.6,154.5,0,0,0,141.1,205.7,178.7,820.2,472.5,900.7,147.8,353,188.4,310.4
565.26743@10.3,238.9,228.5,0,179.7,280.2,258.8,296.6,230,0,200.3,0,254.1,261,252.3,251.7,0,257.8,0,792.1,1121,0,1471,674.3,1501,251.3,1913,787.7,1302,255.2,1120,693.8,0,229.9,319.5,0,310.2,331.8,286.5,240.4,0,283.1,9298,5548,9078,351.6,7092,3406,4743
601.23189@10.3,0,0,0,0,0,105.8,0,0,0,109.5,0,0,0,0,0,0,0,183,0,214.4,0,164.2,0,0,0,190.9,0,0,0,0,0,0,0,163.1,0,197.1,0,0,0,0,0,782.9,523.2,698.7,0,464.8,282.9,417.3
272.27556@10.3,4956,5446,4946,4798,4362,5524,3038,3077,4701,4564,0,5893,4275,5391,5158,5400,4192,8485,8165,9902,4127,9320,7533,8857,4521,7780,8421,8900,4675,11380,8543,9187,8672,8195,7103,7277,11810,6331,7087,6557,973.3,18740,24970,23660,24130,16310,31440,17280
410.04494@10.3,0,0,0,0,0,0,0,0,0,0,0,0,0,0,0,0,0,0,0,242,0,210.9,0,0,0,222.3,0,0,0,0,0,0,0,0,0,0,0,0,0,0,0,497.6,338,407.4,0,378.9,302.8,278.5
184.11599@10.3,0,831.8,819.9,0,907.5,1607,1338,1525,0,0,0,0,0,0,734,875.2,529.6,0,2167,2851,837.2,3595,2477,3267,700.7,6247,0,0,879.4,0,2053,3024,698.6,0,0,1394,1275,0,1049,0,0,8477,5850,10180,0,7880,5003,5479
460.99367@10.3,0,0,0,0,0,0,0,0,0,0,0,0,0,0,0,0,0,375.5,0,269.9,0,213.9,253.8,339.7,0,0,0,0,0,0,0,0,0,0,0,0,0,0,0,0,0,625.7,354.6,515.5,0,704.4,430,544.2
128.05743@10.3,0,0,0,1887,1393,2071,1641,1842,0,2425,0,0,1258,1347,1127,0,841.6,0,3200,4694,1205,4998,3387,4831,914,0,0,0,3023,0,0,0,0,0,0,1852,1122,0,1402,0,1274,12790,8070,14900,1700,11480,6969,8959
574.21693@10.3,0,0,0,0,0,0,0,0,0,0,0,0,0,0,0,0,0,0,266.5,386.7,0,519.1,224.5,422.5,0,0,0,0,0,0,0,0,0,0,0,109.2,0,0,0,0,0,2163,1098,2194,0,2029,811.6,1158
588.29335@10.3,0,106.8,0,0,0,0,0,0,0,0,0,0,0,0,0,0,0,0,152.2,0,0,125.3,0,0,0,187,0,145.4,0,0,0,208.6,0,0,168.9,0,0,0,0,0,0,979.5,0,1660,0,293.5,171.1,311.3
593.3665@10.32,0,0,0,0,271.8,1841,693.6,575.9,0,0,0,0,143.4,170.4,0,131.9,0,0,130.8,0,202.6,201,0,0,196.6,193.6,0,206.1,159.1,231.9,209.1,0,0,157.9,227.4,196.3,0,175.6,168.1,211.8,0,0,0,223.9,0,229.7,220.1,0
600.20698@10.31,0,0,0,0,0,0,0,0,0,0,0,0,0,0,0,0,0,0,0,168.4,0,0,0,0,0,0,0,0,0,0,0,0,0,0,0,0,0,0,0,0,0,494.3,338.3,653.1,0,500,239.9,392.6
244.17547@10.3,3540,0,516.1,1323,0,2916,2307,0,1928,0,0,0,0,0,0,0,1115,0,2235,7149,0,9334,6165,8220,0,7884,0,0,0,0,0,6863,0,0,0,0,1939,0,1889,0,2049,17170,12720,17580,2018,16640,10400,12940
273.28666@10.32,783.2,745.8,0,0,1365,647.5,794.8,1035,0,842,0,673.9,514.4,683.7,758.6,0,629.1,0,1232,1357,1093,1480,913.6,950.3,0,875.8,997.3,1073,549.9,0,861.5,3677,2368,799.3,0,827.5,2463,675.5,1973,0,0,6619,2809,3158,3124,3399,3962,2659
344.28588@10.33,0,2181,2759,0,443.3,773,1657,1099,1708,0,1320,1518,553.1,543.5,1461,1043,1039,2262,984.6,1934,339.7,729.4,1437,1004,1069,1484,2056,2791,511.8,824.1,602.5,504,305.5,1133,573.4,1312,476.7,687.2,1624,0,278.3,581.6,596.1,490.7,249.8,293,416.7,415
480.33719@10.34,237.5,172.7,152.1,157.9,262.8,0,427.1,248.1,182.7,269.9,201.8,216.1,0,888.4,649.4,588.2,189.1,150.9,1124,1018,301.5,0,0,0,221.5,0,0,500.1,222.1,0,0,279.8,237,171.2,244.4,0,0,221.3,204.5,221.1,130.3,271.4,0,259.8,217.4,199,0,208.9
546.35808@10.35,324.8,2078,353.8,2687,0,583,681.3,356.2,284.2,287,236.1,260.4,316.2,0,773.4,727.3,178.6,0,912.1,1567,332.9,380.7,1489,493.2,0,355.3,398.4,346.6,0,208.5,0,168.1,140.4,240.9,343.8,691,179.3,237.2,365.6,412.7,0,244,236.2,193.5,0,206.5,259.5,216.6
550.38152@10.34,10810,372.9,286.8,308.4,0,328,313.6,0,825.8,0,252.3,337.5,0,250.8,0,0,0,0,0,389.6,147.8,321,0,0,0,322.1,0,0,151.5,0,0,0,0,178.6,204.8,0,129.3,0,206.9,199.2,0,174.4,309.1,0,0,127.7,179.4,0
403.27146@10.35,0,4941,0,3112,258.2,431.8,468.4,500.5,0,1139,1072,3175,406.7,406.4,569.2,0,342.5,391.2,410.8,6472,365.7,363.7,357.2,0,0,0,5878,4582,329.5,0,719.6,558.8,0,586,0,627.1,1092,746.1,659.5,428.7,430.4,829.6,565.7,553.9,597.1,562.3,976.3,484.4
522.34785@10.37,0,0,146.7,0,463,2100,1882,1376,0,146.3,0,212,376,1824,3977,1778,155.3,228.7,278.4,326.3,356.4,927.5,2125,1551,152.3,0,234.5,243.1,325.9,234.1,398.4,245.7,221.8,357.1,350.6,1130,214,298.5,349,597,0,293.7,0,274,167.7,237.6,290.7,211
508.32486@10.36,350.8,229.5,209.1,234.1,0,648.9,2256,2056,303.1,140.1,159.4,216.6,210.7,337.4,0,1066,0,210,226.4,201.4,0,0,0,210.7,0,0,246.6,233,173.3,204.7,180.4,220.6,225.7,0,850.8,1626,0,0,0,0,0,249.4,0,263.1,230.4,0,0,186
360.31511@10.38,0,0,0,0,3632,6438,5463,5357,0,0,0,0,2687,6861,6416,6106,3786,8712,0,5536,3673,11600,9680,11340,3544,9771,8301,9231,4376,13690,9050,9499,2952,3457,4817,4045,2762,4218,4820,3836,0,9555,9114,7896,2113,4812,8095,4230
359.31501@10.38,0,0,0,0,1190,4254,1415,1602,0,0,0,0,816.4,1824,1511,1670,892,0,0,1355,733.1,2783,2419,3126,2461,2219,2314,2283,1122,3030,2307,2129,811.6,1230,1317,1180,761.7,2695,1372,1171,0,2683,2331,2112,1672,1246,6244,1553
316.32205@10.38,0,143200,0,0,173200,252700,206000,264200,0,0,0,0,142000,247000,252100,216200,150600,0,0,276200,153000,237600,250700,259200,160100,296500,246600,293300,182500,276200,283400,273100,147900,177400,183000,171300,132600,180000,196500,161100,2584,254400,274000,279000,108100,239800,215100,271300
361.28398@10.38,657.7,1095,0,0,951.3,1243,1429,1323,0,883.6,0,942.9,745.6,1397,1369,1550,795.4,1608,1619,1758,845.8,2859,2253,2482,787.2,2017,1897,2076,868.3,2705,2130,1922,713.5,865.3,1057,882,1047,1012,931.6,846.3,0,2504,2066,0,557.4,1376,1996,1383
289.28417@10.38,0,0,0,472.3,698.7,0,0,0,0,0,1116,0,0,1114,0,0,0,641.9,715,881.8,420.5,1665,0,1056,0,0,460.3,0,0,699.2,846.6,0,0,0,0,660.4,1630,639,754.4,397.6,0,0,1269,993.1,1448,0,1277,560.3
274.25997@10.38,0,0,11030,0,8901,14000,15020,14100,6007,15720,13700,0,8310,0,0,26650,6097,14600,0,0,8032,0,32970,0,7668,11120,13400,15030,0,21030,32330,17690,0,4089,6865,0,4418,4172,0,5270,4866,34440,122200,0,4499,0,0,8033
438.33928@10.39,3634,5684,4821,4638,851.5,7866,6439,4603,2659,2243,4666,5100,1391,3575,8311,8569,3065,0,711.9,396.8,0,572.8,634.9,512.2,2912,489.4,0,435.6,565.4,476.4,484.1,458,311.2,378.9,2331,2091,366,314.4,2197,1372,244.6,0,493.1,554.1,271.8,390.7,460.1,420.3
490.31822@10.39,0,718.6,249.4,312.7,0,4797,3417,2826,0,0,238.2,657.6,250.9,1424,3312,3442,323.8,277.5,1464,546.6,233.6,220.3,465.6,287.2,503.1,627.4,1720,367.2,279,210.1,0,0,210.3,364,395.8,1433,245.7,1102,477.6,429.6,0,0,321.2,312.3,244.9,0,271.6,0
106.08131@10.39,0,2257,0,1774,1981,3082,3567,2754,0,2214,2509,0,1870,3485,3518,2906,2066,0,4425,4303,1956,11700,9613,12540,0,4118,3441,3583,1717,16890,9283,8008,0,0,2192,2092,1807,1644,2443,2013,1073,8361,7977,8220,1540,3552,8573,3560
272.28782@10.4,0,9493,0,0,6429,8094,11940,12370,0,0,0,0,5993,9072,7945,9605,6072,13110,14370,15690,5711,17310,11000,14250,5861,14110,14880,15650,6013,19970,12450,16050,11150,9983,13120,11970,14450,9279,12930,10810,2698,31650,44660,43380,29930,32010,54870,41960
399.14273@10.4,0,0,0,0,0,0,0,0,0,321.3,0,0,0,0,0,0,0,0,0,0,0,0,537.3,0,0,0,0,0,0,0,298.2,0,318.1,0,0,0,0,0,0,0,0,354.9,0,317.5,0,0,0,0
318.31258@10.39,5355,6645,8779,6153,5271,9496,9892,9559,3614,0,8627,9079,4454,15260,9313,10590,5425,0,15570,15310,5048,23180,14600,21510,5866,16240,13630,17530,5088,19720,23730,16380,0,0,6558,5253,4632,6776,7859,0,0,19410,21470,13790,3275,10140,16200,11580
317.31773@10.4,27690,62030,50710,47690,46170,71420,63780,76040,29020,55890,48370,64830,33110,86730,71660,107800,38880,120100,79210,114500,38850,172000,137700,157300,32670,104000,265200,0,41270,170200,127800,86450,0,0,51880,41750,37160,36650,53050,0,753.9,144800,123000,134000,24950,80270,131700,85120
273.29081@10.4,0,1335,0,0,1099,1528,1475,1548,0,1101,0,0,1140,1741,1461,1946,1121,2058,2364,2753,1011,3089,1976,2602,1105,2465,2639,2697,1164,3609,2378,3124,0,1850,2511,2248,2723,1822,2239,1780,0,5535,8332,6426,5515,5834,10220,6495
360.43951@10.41,178.9,476.5,0,0,0,0,0,0,0,0,0,0,0,0,0,0,0,0,0,0,0,0,0,0,0,0,201.4,0,0,0,0,0,0,0,0,0,0,0,0,117.7,0,0,0,0,0,0,0,0
566.4092@10.41,0,0,109.3,0,0,248.5,0,0,219.2,0,0,0,111,321.2,0,281.5,116.8,0,238.5,166.5,0,220.3,631.6,364,0,156.5,206.1,0,0,143.3,209.6,140.2,0,0,0,0,0,0,0,0,0,160.9,0,216.3,0,0,128,0
578.38853@10.42,335.2,219.8,0,0,307.4,0,326,0,0,0,0,0,308.6,648.8,1015,733.8,307.5,189.1,589,407.4,250.3,1104,1280,1259,220.8,353.7,455,0,262.4,226.9,329.6,259.2,0,255.6,246.4,0,182.6,218.8,214.9,268.2,0,270.7,0,264.3,0,206.4,0,167.1
435.11636@10.43,0,0,0,0,0,0,0,0,0,0,0,0,0,0,0,0,0,0,0,0,0,0,0,0,0,0,0,0,0,0,0,0,370,0,0,0,0,0,0,0,0,628.2,393,717.3,0,684.6,0,0
360.32159@10.43,3053,13260,5149,12360,9154,8337,6109,15740,7881,5329,5992,6600,2906,7397,8273,6831,4365,14990,9018,9701,3588,14060,10650,12390,4707,14130,23820,10220,4499,21590,10160,14750,3364,3939,6004,5219,3144,4993,5680,5428,255.6,11650,9915,10470,2894,6462,9923,7209
450.32952@10.43,266.2,195.3,186.5,232,0,698.1,476.4,0,269.5,0,0,0,295.3,2906,2434,2122,324.8,1492,2123,2616,310.6,2930,5360,5016,385.2,2534,3420,2517,230.7,1480,1800,1134,201.3,373.8,350.5,1034,0,430.1,519.2,970.7,272.4,374.8,2017,837.8,154.9,241.1,1918,259.4
552.3999@10.42,2780,132.7,109.3,129.4,201.9,0,203.1,0,0,0,0,0,261.5,276,483.9,576.6,1524,0,547,251.2,0,288.4,0,0,2249,0,390.1,0,0,0,0,0,0,184.1,234.3,270.9,0,229.6,256.7,0,0,0,0,156.7,0,0,0,162.2
501.23007@10.44,319.8,0,214.3,239,201.9,214.8,216.8,208,225.9,0,211.3,232.3,191.9,0,242.2,233.7,208.7,0,296.6,218.5,209.6,265.6,297.3,274.5,169.3,0,248.1,267.4,0,384.5,321.3,320.6,1284,801.9,447,452.4,0,434,307.8,312.1,292.3,8546,9093,6463,1260,6815,5735,5087
275.25943@10.43,902.8,3891,2963,3171,1538,2434,2589,0,1072,0,2825,2657,1602,2602,2317,4517,1124,2574,1626,3135,1142,8998,15540,34610,1406,2195,2464,2808,2765,4120,6317,3515,1232,770,0,0,806.5,831.2,815.7,793.6,944.1,1488,6868,8521,826.4,1538,4712,1590
274.26629@10.42,4095,27480,15670,16530,8271,12790,0,13010,5778,13790,14000,13230,0,14830,0,23200,0,13300,0,16320,7560,47950,37070,229200,6762,11230,12540,14260,0,0,32450,18070,5840,3859,6534,6573,3996,3909,5253,5159,4366,6894,34340,40310,4239,8165,94480,8038
492.33727@10.44,226.7,197.1,202.6,0,225.7,376.2,326.7,286.1,138.3,369.6,150,238.1,830.1,1371,1651,1232,182.3,815.2,2270,1318,749.6,5746,7118,5652,164.1,0,0,1229,0,2065,2946,1010,241.9,374.5,220.3,759.3,0,208.5,292.8,737.7,206.7,0,3718,1344,0,249.2,2315,289.6
407.1105@10.44,0,0,0,0,0,0,167.5,0,0,0,0,0,0,0,0,0,0,0,0,0,0,0,0,0,0,0,0,0,0,0,0,0,0,339.5,0,134.3,0,626.6,0,132.9,0,135,0,0,0,0,0,0
535.40715@10.45,0,0,0,276.8,2169,2538,1679,867.3,0,0,0,0,1278,1819,3733,2887,998.4,733.7,0,2145,712.1,2339,2941,2898,1451,1278,1642,1055,622.1,1079,1152,672.7,0,344.3,471,811.9,0,297.1,533.5,384.6,0,358.9,975.5,346.1,0,209,597.9,163.5
524.22677@10.44,0,119.6,177.7,0,0,0,140.4,195.4,175.3,142.5,141.4,0,0,0,118.4,0,0,152.1,0,133.5,0,149.9,0,0,0,128,192.2,0,0,0,133.1,132.8,184.2,203.1,175.3,147,170.6,0,0,0,204.9,1453,962.6,1754,211.8,831.8,740.4,1277
502.24291@10.44,0,0,0,0,0,0,0,0,0,0,0,177.6,0,0,0,0,138,0,211.8,0,0,148.9,0,225.9,0,196.5,183.2,226.7,0,271.2,271.9,176.9,0,0,221,161,231.5,0,206.6,203.8,0,3430,1908,3994,289.3,1756,1542,2030
316.32173@10.45,139400,524200,218200,509000,405100,316000,569200,329700,352700,231000,247400,238400,154800,363700,314900,253400,350800,416400,274200,411800,348000,0,0,0,193400,390200,197200,438400,201800,851400,432300,448200,152600,179600,449700,403900,274500,196400,242800,399400,7578,746000,439900,457000,126400,343400,296400,370400
398.10007@10.45,0,0,0,0,0,0,0,0,0,0,0,0,0,0,0,0,0,130.6,0,0,0,0,0,0,0,0,0,0,0,0,0,0,429,205.6,165,288.8,209.7,0,215.6,235.2,440.9,408.6,296.6,468.9,0,528.6,0,334.3
296.14377@10.45,374.6,292.1,0,306.8,298.3,220.5,309.8,360.6,370.3,329.4,389.7,0,223.5,270.9,293.3,301,288.3,258.8,312.4,348.6,0,0,233.7,231.7,0,0,251,0,232.4,0,266,245,4697,4373,3456,4685,4248,2340,2481,3188,9944,1966,4958,3076,6058,2646,3484,3105
273.11061@10.45,0,0,407.8,0,0,0,367.7,0,1127,309.2,0,0,395.8,0,268.6,265.7,0,465.6,1327,1639,377.8,2286,1996,0,0,0,0,0,0,0,1725,0,349,0,0,0,0,0,0,0,0,1921,0,2544,0,1928,1460,2383
534.40188@10.46,10030,709.9,987.6,653.3,5063,11370,7664,3171,8740,3947,955.3,2817,4747,6526,13870,10430,4296,1908,5965,5660,2335,8436,12170,9572,5821,4208,5608,3199,2193,2827,4095,2081,0,875.6,1248,1568,259,728.3,1228,1149,206.6,731.1,2868,830,0,223.1,1451,263.1
295.13468@10.46,1122,0,844.2,964.6,0,900.5,778.2,963.6,1031,1118,1110,972.6,725.9,0,958.4,929.5,1094,0,1106,947.6,969.3,872.4,615.2,772.3,993,745.3,0,0,687.8,0,622.6,671.9,23450,10480,13260,17840,15930,10790,11010,13280,25740,6928,17670,14140,20760,7635,12410,12700
549.36605@10.47,0,150.2,200.4,126,0,230.1,0,162,232,145.1,216.1,153.3,150.7,0,181.6,235.1,0,308.2,218.5,0,0,6427,3758,0,0,0,0,0,193.9,1160,0,2852,0,0,0,0,179.4,202.9,0,193,139,0,0,1117,129.5,458.8,0,291
548.3746@10.47,0,0,208.6,250.3,234.5,338.8,0,271.6,1727,0,0,0,0,0,325.8,0,268.4,516.2,1330,1456,0,17130,23920,27040,254.9,371.8,0,1017,298.9,10180,14610,7252,195.4,0,146.8,0,330.4,0,0,908.6,0,2977,28220,7325,189.1,1875,15150,1531
550.39773@10.48,0,403.2,300.3,291.9,0,1268,1070,261.1,387.9,0,0,369.7,228.6,0,1436,1905,497.8,156.6,0,245.5,0,0,2024,3204,642.8,0,359.6,211,0,907.1,1905,0,108.2,207.1,227.1,315.9,0,0,256.3,250.4,0,0,896.8,680.2,0,0,0,220.8
428.18229@10.49,155.7,0,209.3,0,741.5,350.7,311.5,281.4,163.7,0,0,0,753.3,1254,762.5,1212,270.3,749.3,0,512.7,765.9,1120,1124,1426,396.1,647.8,613.4,600.9,569.4,1097,902.4,915.3,464.5,236.2,305.7,460.4,371.2,319.1,359.3,481.1,280.1,495.9,537,0,520.4,417.8,614.5,0
359.3173@10.48,0,2528,0,0,816.7,1437,1410,2836,1596,0,0,0,688.5,1402,1368,1485,781.9,5192,2027,1981,672.2,2711,2050,2536,865.8,2170,2195,4370,789.3,2907,3071,2134,0,650.2,1047,886.4,855.6,732.5,1024,833.9,0,2376,3126,3735,546.2,1559,2270,2546
317.32198@10.48,0,161600,0,0,40910,75090,75020,81380,0,0,0,0,27870,86790,76630,84550,34250,97670,92400,100200,32400,218900,170700,198900,36700,113800,111700,119300,39400,237700,118800,124600,23410,32150,47260,43090,30010,36020,47730,37040,583.5,175700,115800,104100,22190,82470,169000,88440
298.29525@10.48,488.4,1828,1319,1733,1311,2008,2044,2820,965.3,1741,1881,1397,802.2,2921,2037,1420,549.6,2315,3062,2334,905.4,4511,3317,3977,745.2,2896,2786,3439,1447,3891,3310,4267,643.8,561.6,1021,1095,495.8,1013,1216,851.2,213,3943,3484,4312,0,1625,4178,2532
318.3154@10.48,4610,7260,0,0,5223,9704,9875,10350,3664,5990,7176,0,3434,11570,9322,10470,4310,13470,20930,21080,3850,25610,17680,21920,4755,14980,13910,23280,4249,22450,17300,23410,2914,4101,5961,4639,2807,0,5996,4436,0,18660,16110,17650,2690,10530,17540,12440
433.24204@10.49,0,0,10260,8739,1591,722.9,0,0,0,0,0,1156,1753,3502,2441,2215,582.7,1780,0,0,2041,4115,2920,5377,820.4,1904,1604,1442,1708,2647,2614,2472,1095,625.9,629.1,1079,810.6,493.3,898.1,1178,720.7,1742,1321,873.9,1688,1172,1554,1238
432.25542@10.49,1552,87540,37130,50390,7558,1908,0,0,418.7,7613,25990,2982,8049,11950,9192,9869,2246,7516,6332,7388,8692,13990,13490,18230,2542,7208,6391,6267,7069,12760,10720,10940,4202,1659,1896,3699,2469,1562,2836,3742,2133,4687,5164,3877,5705,5456,6782,6513
387.18041@10.49,0,0,0,0,38350,13560,10010,9494,0,0,0,0,35050,55390,39030,45390,13100,43740,34650,41640,41060,71170,68070,93920,14970,40180,34550,34620,32340,64030,53110,53770,22630,10590,8219,18940,13420,10060,18640,20640,13280,25710,28450,21570,28470,27520,35890,31170
448.30457@10.5,232.8,0,0,0,1172,1231,1172,776.5,265,1148,257,347.7,1084,2399,2974,2570,407.8,572.3,1921,1968,986.2,1427,2157,2201,387.2,1591,2043,1442,1174,763.4,743.1,634.4,675,766.5,897.7,1586,498.7,852.6,1437,1754,408.1,423,656,0,421.2,414.4,501.2,341.8
528.29813@10.49,0,0,151,0,1207,416.4,326.3,454.8,0,0,128.3,0,1127,2313,1289,1464,444.1,0,0,0,1255,5225,2561,3252,485.2,1057,1016,986.4,1071,2575,1511,1514,679.9,360.2,374.1,600.8,445,0,539.1,911.3,333.1,780.7,1186,485.6,1048,597.2,1429,697.8
723.58459@10.5,419.8,533.8,0,351.3,0,669.7,287.6,361.1,0,486.3,0,0,186.4,684.6,483.4,695.4,238.7,1219,1356,1597,192.4,1329,1446,1524,334.8,1580,1550,1660,360.6,1725,1403,1441,0,142.3,308.9,265.1,0,0,349.7,0,202.2,1044,1178,1432,199.9,1649,1075,1207
418.22776@10.5,204.4,0,169.8,246.6,947.2,352.7,242.8,282.8,140.9,1076,182,0,1134,1627,1080,1372,563.8,1121,799.1,893.7,943.8,1564,1572,2049,617.1,732.9,888.1,1133,1110,1378,1197,923.4,898.6,0,298.4,765.5,454.4,313.1,459.4,721.3,308.4,783.4,461.8,600.8,740.6,658.3,1030,851.4
410.18714@10.49,517.9,0,1913,500.8,13160,6507,4978,2735,0,0,575.6,0,16770,19600,22450,16280,4241,10290,0,9867,14590,21460,21790,28420,7231,17700,10910,9910,14760,27590,17520,16400,0,3615,5109,6483,4418,2132,5372,5429,3893,14160,15370,5566,9606,12560,18720,15390
445.24231@10.5,409.9,0,0,0,4295,2190,1225,1118,1433,5759,0,0,4989,7338,6486,6367,1979,6222,4767,6880,4660,8838,7684,12450,1804,5600,4686,4416,3580,8141,5939,8167,1850,0,1532,2371,1579,0,4454,3289,1497,4004,4099,2056,2696,4403,4293,4132
388.19281@10.5,2507,0,0,0,6751,2428,1664,1642,0,0,0,0,6457,10210,7551,8529,2306,6584,4234,6424,7728,13760,12920,17770,2523,7712,6178,5970,5977,11630,9720,9664,0,1597,2249,3639,2367,1685,2841,3067,2104,6078,4981,2933,6000,5030,8533,7209
409.19072@10.5,33460,25620,24710,5780,82650,37030,34060,32490,31910,85520,27190,50620,79840,98080,72120,87350,38060,78740,69280,74540,88870,113500,114100,150100,41530,45470,67960,69190,69950,106900,95410,90600,49010,28170,27300,47260,36370,26240,40920,46190,31480,51160,35760,48500,58430,33760,71390,65540
527.2743@10.5,1453,778.5,0,789.1,4127,1665,1220,1040,1506,4657,761.7,2788,4311,6530,5084,5781,1751,4364,4078,4364,4953,7515,7661,9349,2048,4231,3567,4152,3821,6840,5618,5886,2777,1639,1421,2394,1824,1028,2212,2625,1457,2848,2828,2294,3117,2674,4055,2820
460.29141@10.5,0,12780,4202,22570,907.6,1081,965.6,0,209.4,871.9,1179,409.3,709.1,2327,1706,1347,385.4,1085,2082,1990,1177,2159,2192,2656,379.8,1548,1572,797.9,780.6,1443,901.8,1516,478.5,356.4,433.2,481.5,438,0,0,0,374.9,507.6,590.4,492.1,562.7,769.5,584.8,533.1
592.36535@10.51,0,0,0,132.7,156.7,0,232.4,0,0,126.3,0,0,0,133.2,174.4,0,0,0,0,172.9,0,0,520.8,1794,0,187.6,179.9,0,0,314.3,0,0,218.8,159,0,150.3,136.1,168,155.7,190.3,0,159.4,739.4,0,184.1,204.2,499.7,172.6
724.58671@10.5,0,250.4,180.3,0,0,284,151.7,174.1,0,0,0,215.9,0,298.3,162.2,318.4,0,675.1,728.1,544.3,0,560.8,629.1,672.6,147.9,604.1,621.6,605.8,137.9,640.8,503.7,674.6,0,0,219.7,0,0,0,183.2,0,0,592.2,629.9,579.6,0,757.3,484.2,498.5
446.2547@10.5,644.6,647.8,862.9,1881,1589,702.4,2409,925,261.4,0,826.6,509.8,1257,2581,1560,1564,551.4,1486,1863,993.2,1721,2382,2458,2866,592.8,1460,1789,1058,1617,3594,2006,1938,1047,0,0,905,642.5,411.1,745.5,881.4,538,953.6,981.1,1909,929,935.2,1331,863.9
680.46996@10.5,7481,0,0,0,198.3,0,0,0,7777,0,0,0,0,0,0,0,2193,0,0,0,0,0,0,0,3527,0,0,0,0,0,0,0,0,0,0,0,0,0,0,0,0,0,0,0,0,0,0,0
105.06767@10.5,8020,4785,3969,4095,26730,10450,8484,7734,7702,27020,4957,13600,25140,38630,30640,32630,10910,29060,24460,29050,29460,48420,47190,63260,11340,28250,22800,24840,23470,44470,37800,38410,16110,7198,6539,14600,11070,6417,12980,15630,10410,22970,21100,18120,20660,20940,27550,23860
425.15902@10.51,8006,9376,10290,3370,33390,11450,12580,7003,16070,35440,4335,22760,33330,54330,37610,44460,11470,31670,31320,31280,43250,60730,60660,79580,14920,28660,28450,26840,30500,56430,47450,45710,23170,12290,12920,20800,12010,7901,14530,21780,9440,23590,24950,18790,28950,24330,31990,27820
430.35848@10.51,0,1285,291.1,416.9,592.2,763.9,841.3,569.2,0,0,0,0,1150,1135,1713,1768,611.6,0,221,275.5,0,151.7,274.1,265.3,658.1,234.5,280.9,228.8,470.3,0,192,0,242.1,270.5,0,598.7,159.9,382.3,613,949.7,246,243.2,250.4,0,153.3,134.6,0,0
404.33606@10.5,0,0,0,211,191.9,217.9,250.3,252.4,1119,0,0,0,200,190.7,270.5,235.6,572.2,311.9,272.7,1035,165.9,345.8,304.2,0,553.6,295.9,852.7,1015,150.8,288.3,322.4,314.3,235.8,1024,973.2,2350,384.2,607.9,704.3,1277,0,342,350.5,295.9,241.1,257,318.5,261.9
486.35115@10.51,898,1940,707,0,436.5,0,1127,1279,512.7,685.8,735.2,363.6,699.8,758.9,593.6,746.6,583.8,812.9,443.7,811.7,974.2,954.9,950.8,680.4,509.1,746.5,721.2,547.6,448.4,0,793,579,374.1,0,0,929.6,426.4,486.6,482.2,421.1,384.6,532,682.6,1040,398.4,415.1,945.4,429.9
360.32635@10.51,3387,5158,7373,4869,0,6485,9158,5865,0,7171,8283,8357,3273,9923,5627,8867,3100,0,14610,14540,1617,20190,14610,17430,0,0,8787,16680,0,12690,14180,10190,2050,4230,3838,0,3304,0,3826,0,212.9,18750,15650,17310,0,10490,15920,11090
426.15827@10.51,2051,1791,1036,0,5717,2126,1846,1293,2049,0,0,4392,6401,10180,6996,8152,2328,0,3911,4886,6764,11520,11720,15260,3360,5238,5090,4679,0,0,8763,8318,4783,2027,1310,4031,2139,0,2564,4049,2492,3864,4499,3102,4677,4435,6059,5030
361.3262@10.51,417.8,1390,1166,1135,762.5,1212,1565,1451,709,1115,0,1373,606,1530,1297,1445,0,0,2446,1464,666.7,3019,2219,2787,632.6,1811,1959,1993,731.6,2922,1887,2136,453.5,661.2,0,730.4,476.8,0,989,656.8,295.9,2834,2442,2791,591.2,1759,2427,1882
428.34373@10.51,0,486.9,732.8,350.3,300.5,926.8,1024,537.4,348.9,755.3,293.3,703.8,315.7,515.5,1181,1543,431,677.3,0,398.4,210.8,0,290,334.5,700.9,691.3,544.1,549.1,201.7,0,0,213.5,0,247.7,286.5,338,0,0,317.1,182.5,0,174.7,214.5,0,200,0,245,166.1
566.42392@10.53,247.5,0,0,0,146.7,284.3,189.2,186.8,0,0,0,0,0,263,262.5,281.2,0,0,212,0,0,284.7,1073,800.3,218.8,228.6,293.7,0,116.6,0,359.8,187.5,0,0,196.9,160.2,0,0,189.3,132.2,0,250.3,286.3,0,0,0,0,0
544.36986@10.53,150.1,197.7,0,204.3,0,251.1,192.8,0,141.5,141.3,0,135.1,203.9,279.7,246.3,257.9,127.1,0,219.7,256.2,0,328.3,490.6,1351,0,0,205.1,182.1,128.4,0,271.8,205.1,139.7,0,213.8,0,0,0,237.6,0,155.7,155.4,192.9,205.9,141.1,215.3,165.7,0
316.32033@10.52,155900,204400,297300,201100,0,0,0,0,137000,278700,304600,314300,0,0,0,0,0,0,414100,249600,0,0,0,0,0,0,0,0,0,0,0,0,0,0,0,0,0,0,0,0,0,0,0,231800,75160,198500,0,231900
329.05868@10.53,0,0,0,0,0,0,0,0,809.8,0,0,0,0,0,0,0,0,0,0,0,0,363.6,519.4,860.5,0,0,0,0,0,372.6,229.2,191.5,0,0,0,0,0,0,0,0,0,0,0,0,0,0,0,0
243.12902@10.53,744.7,0,0,676.3,1465,5343,5100,5225,0,0,0,584.6,915.2,1104,1111,1051,843.4,3242,0,0,1322,5261,8332,8548,918.3,2443,2254,3262,1341,5390,8348,8512,1680,5214,3125,3929,1220,3947,2727,3466,1137,16350,18340,20570,1355,19290,16630,18720
327.00886@10.53,0,0,0,0,0,0,0,0,0,0,0,0,0,0,0,0,0,0,0,0,0,753.2,608.5,1558,240.6,0,0,0,0,386.1,269.8,399.5,0,220.4,0,277.3,0,217.1,0,0,0,128.7,0,172.9,0,0,0,0
559.27072@10.55,203.9,0,0,0,0,252,173.6,208.4,0,0,215.9,0,317.9,0,0,377.2,0,217.2,220,225.1,0,0,0,268.2,215.2,194,134.9,213.3,0,0,316.8,269.8,0,0,0,272.1,257.8,0,328.5,302.8,275.4,472.2,455.1,423.7,1643,363.5,431,263.3
518.23764@10.54,279.2,0,0,0,0,0,0,118.2,0,174,0,110.2,0,0,0,0,111.6,0,0,0,0,0,0,137.7,0,0,0,0,0,0,0,0,0,0,0,0,0,215.7,0,0,133.9,287.5,346.6,421.9,199.1,222.2,214.7,1088
334.2151@10.54,505.2,484.7,518,518.2,2876,3453,797.7,592,0,506.3,514.1,478.2,2810,3979,923.9,2887,479.6,2491,0,562.3,3471,2333,3399,3157,534.7,835.1,553.5,782.4,1020,0,939.1,3685,4180,0,445.5,625.7,4666,500.4,525.3,588.4,2867,4388,4072,8479,2561,3549,2136,4084
314.2951@10.55,5430,7885,7909,7487,4762,6697,6900,7040,5184,6874,8322,8862,3543,7154,6530,7436,4942,11120,11140,11010,4139,14270,10340,14050,4811,11080,11280,12930,4750,14190,10160,9200,2599,8140,9311,8511,6646,8657,9072,8447,525.7,20040,17150,18830,2702,11470,17110,13200
296.27237@10.55,1558,1106,1994,1877,604.3,1684,1722,1565,895.4,1517,2055,2112,448.5,1754,1360,1666,538.5,2710,2814,2401,464.9,3047,2406,2793,551.4,2304,2601,2745,800.9,3015,1359,2226,1225,2070,2428,1975,1843,2298,2311,2318,354.1,4980,4313,4760,968,2817,4201,3465
358.30776@10.56,0,0,0,0,437.5,554.3,971.3,1311,0,0,0,0,371.4,1164,1347,977.1,1018,3842,0,1684,322.5,826.8,1634,1550,1083,4306,2470,4379,1212,1560,1676,639.4,1129,1855,2433,2321,902.6,1778,2371,2187,241.7,1167,898.6,0,360.3,0,671.9,577.7
157.08814@10.55,0,633.8,545.1,0,544.6,0,0,773.6,435.3,0,398.8,0,526.8,506.5,694.4,723.2,541.9,0,2205,2053,0,3090,3174,3886,554.5,1638,1545,1468,634.3,3358,3002,4088,765.7,866.1,903,861,0,750.4,807.5,763.9,625,3880,3115,2766,738.7,3369,2836,3385
315.29828@10.55,702,941.7,965.3,0,636.4,849.9,953.7,922.7,656.1,749.6,1051,1086,445.5,915.6,1110,868.7,730.8,0,3323,1485,1982,1824,1264,1487,665.4,1225,0,1424,0,0,1117,1069,0,958.3,1064,935.8,669.1,0,1101,870.6,0,2350,2109,2636,661.7,1486,2254,1899
454.32158@10.58,0,321.7,218.3,291.5,454.4,568.3,435.6,488.5,230.7,291.4,278,232.9,504.8,340.8,519.5,523.6,202.7,323.7,303.6,320.2,976,372.7,825.1,375.1,266.2,300.4,251.6,215.7,624.2,465.2,412.3,1354,4470,906.9,530.5,3683,4679,421.9,419.9,1221,833,471.4,397.5,380.8,384.1,361.6,758.4,372.9
390.33037@10.58,0,0,143.2,186.5,609.2,836.8,528.5,857.7,0,130.5,0,0,785.6,399.4,843.7,926.7,152.3,0,149.6,149.5,1423,523.8,1629,429.9,0,0,0,0,1069,538,482.4,2395,12950,2064,788.2,7373,13290,570.6,944.3,1928,1181,464.6,444.1,341.4,448.6,347.7,1294,373.2
562.37045@10.59,246.3,232.1,0,163.6,1701,6787,1901,1269,0,249.7,0,313.8,697.2,2408,4187,2970,0,0,0,0,2677,382,740.3,615.8,216,167.8,214.6,239.4,291.3,264.3,413.7,0,173.1,232.1,175.6,217.7,174.5,194.9,0,273.1,184.1,336.5,2334,494.8,200.8,268.7,2423,264.1
288.28342@10.58,0,1809,1349,0,1167,1426,1672,1394,594.2,1486,1376,1344,874.7,2044,1543,2912,785.7,1314,991.7,1868,963.3,4463,2818,3318,950,0,1437,1653,2026,2131,3153,1979,1599,1211,1356,1824,0,6576,1401,1306,254.8,1888,4058,2486,0,1296,3761,1483
143.07996@10.59,0,652.8,0,517.9,5220,11920,11470,10480,0,696.6,699.6,833.5,842.4,757.5,0,649.1,629.1,788.1,936.5,0,3965,0,2459,1476,0,991.7,796.9,994.1,4809,933.2,0,0,0,7067,7997,9294,506.4,4435,6838,7621,565.9,5219,3102,5189,767.8,3033,2715,4937
532.35911@10.6,1013,2628,1699,1957,0,0,0,0,861.1,506.3,0,2001,1970,3675,6385,0,2977,0,637.2,481.7,1403,0,1610,1126,3457,350.1,540.8,271,0,176.5,0,0,0,348.3,431.7,498.1,251.3,390.6,0,396.2,0,198.8,301.1,205.7,0,237.3,0,174.4
550.38228@10.59,640.2,0,185.5,168.9,0,0,236.4,176.5,319.4,149.6,0,244,0,0,0,263.8,324.6,225.3,0,298.6,112.5,427.8,737.9,483.7,214.4,231.4,285,285,0,148.8,0,150.5,0,198.4,210.8,156.6,132.8,0,190.1,172,0,296.5,308.3,290.8,0,0,268.4,221.3
245.13634@10.6,825.7,531,988.7,506.5,8462,17620,15660,16080,1117,1128,790.3,1160,1207,852.8,0,845.1,0,801.3,1194,0,6480,735.3,690.9,0,631.6,1041,877.9,808.5,6807,614.6,0,686.2,656.7,13350,12880,11760,680.5,9638,12630,11280,0,1026,0,0,696.5,0,862.5,0
552.36504@10.61,0,186.5,0,0,0,215,208.8,0,0,0,0,0,0,182,0,202,223.1,0,106.8,0,0,190.5,143,112.8,1107,0,0,0,0,0,114.9,0,196.9,148.8,0,188,0,223.9,228.1,235.6,181.1,0,142.7,0,0,0,126.4,0
212.1951@10.62,0,0,445.3,0,850.5,6231,967.5,1347,560.5,0,530.1,636.6,3677,5522,3288,1909,0,632.1,572.2,1153,3666,6829,6409,7004,0,699.3,768.7,747,5559,6229,5713,5786,1358,1811,1643,1677,1060,1829,1618,1533,1388,2118,2093,1841,519.9,0,2624,2601
745.24905@10.62,0,116,246.5,300.5,144.8,190.9,159.6,0,159.6,0,0,0,0,0,164.9,0,0,242.6,0,0,129.4,150.3,138.5,208,152.2,278.7,242.9,235.6,129.2,0,171,0,203.2,207.9,144.7,131.4,150.5,182,213,177.2,165.1,202,161.3,0,0,0,0,0
515.52026@10.62,30430,0,0,0,0,0,0,0,805.4,0,0,0,0,0,0,0,0,0,0,0,0,0,0,0,0,0,0,0,0,0,0,0,0,0,0,0,0,0,0,0,0,0,0,0,0,0,0,0
449.30655@10.63,0,309.6,323.3,322.5,560.9,562.4,487.3,418.1,286.7,354.5,324.4,359,454.6,1261,751.9,651.7,331.5,296.9,0,376.5,558.5,1098,4533,2907,0,487.9,523.6,459.4,533.7,793.3,1906,591.4,536.2,483.7,411.6,582.6,594.4,448.4,529.8,597.7,481.2,388.5,1460,342,496.3,0,615,280.7
448.31104@10.63,0,325.6,252.7,0,1666,2189,1386,983.2,0,0,0,0,1284,3024,2787,2581,407,393.4,1690,1226,1115,4361,18940,8344,479,769.7,1227,876,1161,3580,7310,2366,1250,1741,1150,1700,1478,1271,1531,1716,1163,739.7,4328,487.2,1138,247.5,1206,428.6
534.37641@10.63,1372,0,356.9,0,1353,0,0,0,1563,553.8,382.2,708.9,1624,2682,3483,1907,0,402.1,0,0,1124,1125,5021,2209,0,728.6,1083,566.7,2852,590.4,2111,608.3,323.9,715.6,545.3,1444,361.3,392.9,538.2,691.1,358.6,391.5,849.2,408.7,325.6,297.2,426,337.3
305.2944@10.63,0,0,0,0,6923,35630,6357,6927,6821,0,0,0,36780,37340,40260,7251,2661,3635,0,3759,37870,36040,36590,43140,3474,6666,4614,4065,38680,52760,39030,38520,4055,3974,7704,4045,4083,4251,3625,7816,4171,4106,4133,3067,3841,4240,3310,3915
867.62219@10.63,0,0,0,0,0,129.5,187.8,184,0,0,0,0,0,183.5,138.5,274.6,0,291.3,0,315.7,0,847.1,708.5,448,0,497.6,380.8,377.9,0,1015,591.2,641.4,0,0,0,0,0,0,0,0,0,282.4,363.5,264.7,0,307.7,611.6,0
376.09086@10.64,130.3,0,0,0,0,0,0,0,0,0,0,0,0,0,116.5,0,0,0,0,0,0,0,0,0,0,0,0,0,0,0,0,0,0,822.5,209,479.8,0,1904,0,145.5,0,106.7,0,160.3,0,0,0,0
358.31097@10.64,1652,2753,2653,2786,0,1857,2135,2774,2128,2778,2713,2905,980.4,1326,1298,1699,1991,3454,4390,4068,289.9,1559,2123,1775,1822,3658,4372,3943,830.4,1691,1430,1210,725,902.4,1869,1367,542.7,1373,1553,2364,224.6,2512,1751,2148,691.1,1537,1712,1534
330.30293@10.64,513.3,10470,3497,9828,1386,2419,2206,1982,1283,470.5,7109,1504,527.8,403.6,1750,1957,1107,474,460.7,658.6,736.8,2147,2111,1179,1327,506.2,583,1172,427,530.9,877.1,734.6,813.3,563.2,1766,1885,772.5,1106,1644,1114,466.4,1034,879.9,0,295.3,1476,946.8,1023
823.59821@10.65,0,223.2,0,0,0,0,169.5,197.6,0,0,0,0,0,222.3,252.3,394,0,475.8,718.1,503,0,817.4,644.1,758.2,0,668.9,776.9,732,0,1003,649.9,762.7,0,0,0,0,0,0,0,0,0,360.4,380.2,279.3,0,676.1,427.4,555
532.35987@10.66,4231,1440,972.3,967.9,955.9,0,2522,1910,3802,1363,726.2,1057,868.6,850.3,1919,4869,1367,223,642.6,430.6,394.8,188.2,443.9,0,0,0,0,228.6,499.7,158.1,209.5,0,204.9,298.6,0,0,279,0,0,411.6,0,256.1,194.4,171.3,0,217.8,0,273.6
435.11372@10.67,0,0,0,0,225.9,0,0,0,0,0,0,0,0,0,0,0,0,0,0,0,0,0,0,0,0,0,0,0,0,0,0,0,0,0,0,0,0,0,0,0,0,629.1,241.1,384,0,445.7,280.3,296.8
723.55811@10.67,0,0,0,722.8,255.1,835,0,756.2,0,0,0,0,287.8,919.7,1038,1545,272.7,2005,0,2018,232.3,0,2154,3352,525.2,2027,2592,2442,293,4468,2701,3207,0,155,628.1,364.7,223.9,170.2,428.6,0,269.7,1932,0,360.7,286,1515,925.2,1388
314.29614@10.67,2970,6654,6814,6709,2525,4774,5430,5871,3231,5537,8001,7695,1751,5996,5527,5902,2964,11230,11670,11880,1810,14300,8567,11680,2872,11120,11830,13120,2090,14060,8695,9129,3390,4844,7774,6076,3644,5387,7826,5854,0,21130,17510,19940,3154,12090,19380,14600
296.27455@10.67,1229,2439,2868,2552,958.2,1907,1792,2068,1177,1813,2824,2673,488.7,2010,1943,2546,1060,4104,3721,3526,619.8,4453,2725,3455,1141,3514,3338,4332,1607,4870,3341,2769,2089,1303,2366,1819,1198,2515,3208,1975,249,7461,5980,6797,1224,4937,6408,5123
531.36265@10.68,0,0,0,0,2623,16060,9374,6180,0,0,0,0,1527,1913,4531,4351,2059,217.3,836.9,255.1,1245,250.5,428.2,270.4,2358,769.2,875.4,261.7,1334,209.2,256.2,178.2,249,409.5,1154,889.8,207.3,344.4,486.5,669.4,178.1,0,226.8,0,214.2,0,227,0
530.37393@10.68,0,0,0,0,10370,44990,25540,16970,0,0,0,0,4308,4941,13600,12930,5197,275.1,1984,530.3,3121,273.4,1111,402.1,9266,1947,3064,0,5085,238.1,664.3,273.2,136,1276,1657,2308,206.5,722.4,1132,1023,178.3,213,0,229.3,137.9,0,170,150.4
725.58789@10.68,0,188,182.4,0,0,132.7,0,173.8,0,109,0,0,0,222.2,176.9,283.7,0,298.8,590.4,385,0,523.3,408.8,474.3,0,354.5,303.5,0,0,1115,319.9,0,0,0,0,0,0,0,0,0,0,321.8,331.2,0,0,434.3,397.1,409
723.58155@10.69,304.6,879.3,1402,706.8,410.9,1844,1288,1233,720.4,1114,1850,906.5,355.4,2272,1752,3503,373.4,4354,5093,4878,0,7076,5578,6027,502.5,4301,5330,5296,674.2,8669,4705,5463,0,0,956.1,418.8,0,255.3,1034,464.3,309.3,4057,3743,4433,295.5,6000,4378,4865
429.09504@10.7,1535,0,2223,2680,0,0,0,1146,0,249.5,413,441.1,0,0,0,0,0,217.9,184.3,0,1463,0,0,0,379,166.8,0,0,1672,109000,16920,0,2189,17950,18280,0,2330,0,0,0,1617,0,0,0,1217,0,0,2634
362.79792@10.69,0,288.3,192.8,191.5,0,238.5,139.9,244,0,0,0,0,0,0,288.8,393.1,0,520.5,551.2,543,0,1372,1009,1156,0,545.2,579.4,971.1,0,1764,902.9,1028,0,0,128.5,0,0,0,226.5,0,0,430.5,827.6,497.5,0,1208,799.8,971.4
445.12138@10.7,2317,2294,4389,5475,268,0,0,0,2062,400.9,0,609.1,1540,0,0,0,315.3,341.1,339.2,0,3023,0,0,0,0,0,357.9,212.9,3008,365200,0,0,4559,242400,58800,0,4468,0,0,0,2838,0,0,0,2838,0,0,0
724.58406@10.69,238.8,846.8,868,400.2,201,590,430.8,628.8,0,763.2,587.5,982.3,246.2,599.5,537.5,739.6,0,2221,1220,2198,230,1936,2785,3130,0,1014,2391,2607,201.6,4233,1298,2936,0,0,0,197.1,0,0,661.4,0,0,1037,1038,2346,0,1588,1135,1340
362.27401@10.69,626.4,1118,1280,472.6,355.9,605.2,755.3,856.5,292.5,893.9,1232,1354,317.7,1323,1074,1385,333.7,2189,2532,2525,237.4,3429,2435,2851,341,2118,2652,2920,384.4,3744,2362,2779,313.4,230,401.7,396.6,307,0,1062,324.6,278.6,1989,1800,2119,0,3411,2179,2594
501.22937@10.7,294,264.1,264.5,0,159.2,0,0,287.3,0,216.6,236.8,236.7,188.6,0,0,0,260,0,2036,2362,200.3,0,0,0,0,2475,1867,1437,221.8,0,0,0,962.1,0,0,501.7,359.4,0,0,0,369.2,7193,7451,7233,1442,3114,1757,1054
345.27822@10.7,533.8,2781,1317,3132,0,197.3,230.1,460.1,2085,454.3,1645,1551,189.1,0,267.7,169.1,564.5,251,278.4,298.1,238.3,226.8,245.4,207.1,0,219.6,0,268.4,0,0,0,150.9,190.2,0,0,0,0,241.7,283.8,225.5,274.4,228.1,254.8,0,210.2,0,0,202.9
431.08409@10.72,536.7,322.8,764.1,691.4,0,0,0,345.7,421.1,0,171,0,0,4324,0,0,0,0,0,147.8,541,0,0,5156,0,0,0,0,481.1,32790,5184,0,828.4,5414,5698,1701,580.6,2754,3004,3679,582.3,1312,0,0,555.2,0,0,1260
530.37182@10.7,10610,7170,4647,5133,7079,70140,38330,27540,9663,3681,3518,5078,6236,7199,18920,16750,8060,236.6,3860,850.6,1922,270.9,0,362,5730,2663,0,0,3164,0,259.6,263.9,0,758.6,2582,1412,223.9,1270,1770,2052,221.4,154.8,202.2,177.8,0,216.6,0,0
534.38684@10.72,12410,10380,8133,9476,5946,12470,7964,5285,15890,4759,6785,13400,3993,5143,8405,6865,10510,195.6,4253,2026,3641,1851,1174,3294,8544,2373,3052,701.8,1135,220.1,651,795,164.9,491.6,1934,1024,0,409.9,578.5,1809,229.7,0,589.9,0,160.8,0,412,184.1
486.11797@10.73,0,123.5,0,0,0,0,0,0,0,0,0,0,0,0,38900,0,0,0,0,0,2286,28440,39670,0,0,0,0,0,946.5,50220,175000,44510,202.3,38290,39480,0,0,0,0,29700,498.1,0,0,0,280.7,0,0,0
359.31533@10.72,0,528.7,0,824.7,288,416.1,516.5,750,0,0,457.1,0,238.5,253.5,410.6,465.2,386.5,1011,754.5,892.6,0,450.7,390.5,369.6,331.2,929.3,1102,1025,240,371.1,508,330.1,290.7,0,475,429.8,248,424.9,565,373.5,194.9,684.2,561.4,691.7,174.1,501.1,511.2,373.1
360.32757@10.71,307.6,3237,1204,3633,613.1,395.5,323.8,0,0,367.9,1920,1368,210.2,0,0,0,313.2,0,459.3,0,203.6,0,0,269.5,353,395,0,431.4,0,295.6,0,359,0,0,1218,1178,224,191.7,0,0,159.2,0,0,544.3,0,0,374.5,236.3
358.31433@10.73,1118,2124,1715,1780,515.9,1249,1800,2504,1375,1999,2655,2702,482.4,789.2,1184,1676,1347,0,2655,3593,253,1609,1061,1126,1455,3405,4169,3050,650,1032,1335,1521,0,663.1,1688,1135,485.3,1081,1438,827.7,0,2782,1728,2124,370.8,1472,1869,1628
318.28427@10.74,262.6,2778,542.2,2039,422.8,510.4,0,510.2,288.6,419.6,579.6,619.1,300.1,609,391.9,693.4,286.9,0,586.6,615.2,376.6,3313,1097,887.2,406.4,441.9,549.8,542.7,507.9,687.1,828.2,580.4,355.6,0,0,0,222.4,0,224.8,318.4,340.8,0,448.5,387.7,335.5,277.3,590.9,0
488.11073@10.76,0,0,0,0,0,0,0,0,0,0,0,0,0,0,43570,0,0,0,0,0,172.1,6532,8908,9196,0,0,0,0,0,46410,8406,42830,0,38030,40140,0,0,26950,0,6825,263,0,0,0,0,0,0,0
485.12115@10.75,162.3,0,0,0,0,0,0,0,0,0,143.5,0,0,0,462300,0,0,0,0,0,5009,68140,410400,0,212.8,0,0,0,4601,483200,89850,100900,335.6,401500,420400,0,445.1,282900,0,71250,1129,0,0,0,1084,0,0,0
288.28406@10.74,661.4,1346,1046,0,680.7,1149,0,0,603.6,994.4,0,1118,704.1,1473,1148,0,802.7,1098,996.6,1359,746.6,24960,2705,0,786.4,714.1,993.8,0,1530,1585,2225,1682,1259,752.1,1210,1548,0,1085,1099,1218,360.1,1518,3654,2257,674.8,808.8,3192,1267
530.11993@10.76,0,0,0,0,0,0,0,0,0,0,0,0,0,0,3312,2976,0,0,0,0,0,2661,3112,3344,0,0,0,0,0,3229,2677,3285,0,2857,2861,422.4,0,2212,2785,2591,0,0,294.2,279.4,0,255.9,338.1,0
501.0884@10.77,391.7,0,0,0,0,0,0,0,0,0,0,0,0,101100,113100,0,0,0,0,0,328.8,17210,23520,23340,0,0,0,0,0,118900,22190,24700,132.1,97590,21060,0,0,68080,0,17640,0,0,0,0,259.7,0,0,0
535.18601@10.76,0,0,0,0,0,0,0,0,0,0,0,0,0,0,0,0,0,210.6,0,0,0,0,0,0,209.4,165,0,0,0,0,0,0,0,0,0,149.8,0,142.2,0,186,0,1374,2028,2741,205.4,282.6,393.6,336
474.32766@10.76,2952,7256,3519,5087,2741,16050,11240,12360,1885,0,1111,1022,1319,1302,5612,5476,1557,259,0,370.2,1371,227.8,333.1,270.6,2546,297.2,274.8,232.1,979.1,0,212.6,256.8,0,500,901.2,1146,0,408.2,978.5,1036,246.5,0,273.7,0,195.1,0,179,260.3
450.13429@10.76,0,0,0,0,0,0,142.8,0,0,0,0,184.5,0,1894,645,0,0,219.8,0,151.5,0,418.3,2459,512.3,0,0,0,0,0,3087,621.4,3074,0,2450,2125,245.7,116.9,741.8,461.4,340.4,0,0,0,0,113.9,355,312.1,0
274.26691@10.74,2450,0,7654,9552,5111,7926,55620,10540,3291,6652,0,10470,5165,9135,8612,11540,3505,7408,8304,7529,5643,94490,19140,15820,4476,0,0,6933,7991,11480,13520,9113,3564,2756,4056,4929,0,2466,3579,3720,2172,3450,0,4038,2393,3821,7541,4764
462.32837@10.77,131.6,1394,596.2,748.5,180.4,272.3,2622,767.6,0,0,1526,182.4,206.7,191.4,239.2,0,0,0,0,156.7,175.8,0,0,0,0,0,223,0,0,0,234.5,0,170.5,180.1,0,0,215.6,239.2,0,0,0,194.8,200.8,0,0,208.8,0,0
266.23762@10.76,287.7,335.4,303.7,708.8,0,0,161.9,243.4,683,0,0,324,0,0,0,308.4,658.5,265.5,648.9,338.5,190,0,0,0,361.6,0,333.9,447.8,152.3,0,206.9,0,242,298.2,605.2,0,0,0,312.5,0,315.2,327.8,279,580.9,277,216.7,236.7,0
536.3947@10.76,656.8,798.3,608.8,651.9,266.6,616.1,432.6,278.3,1757,295.9,342.6,701.7,0,207.7,0,294.2,1319,0,282,0,165.8,0,0,140.1,0,0,0,0,0,0,0,0,0,0,0,0,0,0,212.9,0,241.6,0,147,0,0,0,190.6,0
419.31808@10.78,0,3033,0,2851,0,809.7,15270,5064,201.3,269.3,5040,376,0,0,244.5,175.1,185.7,125,212.7,205.7,0,0,181.3,166.3,512,209.1,0,0,0,0,0,0,0,0,1158,0,224.9,237.4,682.4,268.1,247,216.4,0,183.1,0,0,0,0
607.37466@10.79,0,0,0,0,0,1841,257.6,274.5,0,0,0,0,0,127.8,0,0,0,0,0,0,0,0,163,0,0,120.1,0,136.2,0,0,0,210.2,199.4,121.2,144.1,0,147.2,134.1,166.3,0,0,0,212.4,161.4,0,127.7,176.6,0
472.40314@10.8,219.7,0,0,0,281.3,0,342.5,283,0,302.1,276.3,281.2,316,882,509.6,1098,204.7,0,191.6,146.9,306.2,224.6,326.3,288.5,187.6,228,246.2,167.7,177.1,0,0,131.7,182,176.5,199.8,163.5,0,138.3,218.2,256.5,0,0,168.5,0,0,0,0,0
418.32483@10.8,0,20990,18410,21250,0,3939,70390,23300,275.1,181.8,36680,717.3,162.6,0,296.8,205.3,762.6,0,221.2,0,220.5,0,0,0,1179,233.4,166.1,164.7,147.5,0,0,0,181.2,1664,7558,7171,187.4,1462,0,991.3,0,0,0,0,0,198,159.3,169
508.36603@10.81,211.2,172.1,170.5,0,279,777.1,397.8,313.5,196.5,0,0,229.8,217.1,461.3,916.5,1082,227.2,0,337.3,240.5,246,449.8,1458,386.7,157.4,0,327.5,295,0,214.9,217,175.3,0,185,231.3,0,0,0,0,0,0,252.1,268.2,219.8,0,237.6,211.9,0
430.36385@10.81,0,847.9,518.8,722.8,1384,651.3,911,1027,0,0,647.1,0,1614,1667,2476,2197,945.9,462.7,639.1,0,1380,0,487.8,0,784,0,0,0,1137,0,0,0,302.5,317.1,440.9,583.1,332.5,384,642.6,768.2,356.1,0,0,0,235.8,0,0,0
517.20967@10.82,0,0,0,0,0,139.1,232.4,185.2,148.9,0,146,0,127.4,116.8,0,143.2,196,0,0,252.5,0,252.8,225,225.4,0,0,0,0,0,137.2,166.8,206,0,330.8,480.6,969.1,268.4,226.7,359.4,403.6,169.1,0,733.9,1099,228.3,320.2,698.4,456.2
330.32398@10.82,2418,4413,4129,4330,5818,5230,4736,5965,3735,3803,4221,3923,5766,6343,6232,5370,2758,6724,7816,6745,5550,11300,8536,9804,2956,6776,7786,6957,5866,13360,8093,8596,4799,2829,4736,3639,3071,3371,3764,3926,3164,6512,7471,8226,5182,5757,6189,6256
331.32697@10.82,0,744.8,639.7,1594,1161,991.9,1390,1697,0,678.7,0,603.9,1854,1183,1130,1024,791.2,1293,2159,1259,1076,2211,2325,2772,582.9,1249,1567,1375,1105,2036,1549,1517,886.8,1005,819,736.5,992.1,990,735.8,794.8,743.1,1299,1407,2346,1575,1015,1310,1026
358.31526@10.82,1246,6670,5445,6388,337.9,1279,2108,3366,2184,2544,3661,3413,228.5,332.5,1666,1935,1445,4779,9188,5043,229.1,0,505,349.7,1578,4874,5606,5919,647.7,376.4,983.8,369,617.6,1030,2481,1370,498.4,1296,1822,937.8,0,3679,2656,5989,436.7,2205,2717,2261
359.30778@10.83,0,0,0,0,241.5,350.7,457.4,908.4,0,0,605.9,0,245.2,0,301.7,463.5,365.3,0,845.6,1360,0,213,266.3,0,451.7,871.1,1040,1276,136.3,182.5,281,0,251.9,304.7,500.4,373.9,273,370,494.4,308.2,224.1,764.2,648.6,920.7,200.8,571.5,704.7,507.1
682.44083@10.84,0,152.3,0,0,0,2108,2727,2786,0,0,1031,0,0,0,0,0,0,0,0,0,0,0,0,0,0,0,0,0,0,0,0,0,0,0,0,0,0,0,0,0,0,0,0,0,0,0,0,0
500.3673@10.85,0,442,0,0,1659,7253,4659,4088,274.5,333.9,304,0,3839,10730,25400,27170,0,427.7,332.4,0,4870,224.3,449,0,686.5,290.9,448.1,0,789.6,413.2,0,0,339.3,988.5,5630,1917,247.1,858.5,1791,1815,0,253.4,0,0,331,263.4,326,0
316.31486@10.83,797.4,0,2160,0,1219,0,0,1882,1262,2240,0,0,0,2430,1642,0,1311,0,0,0,1045,0,3014,3484,1355,0,2640,0,1731,0,0,0,0,1055,0,1503,960.9,0,1502,1171,401.5,0,0,0,1188,2779,0,0
374.34277@10.86,297.4,420.7,0,409.6,0,364.8,394.1,416.4,1135,2171,514.8,442.3,319.7,0,1339,265.1,354,735.7,671.9,574,1167,2257,1609,1579,1094,1299,1016,771.5,361.4,1754,1527,685.3,0,651.9,0,1656,0,345.2,0,0,0,828.8,883.4,1129,0,575.3,778.9,854.6
418.3223@10.87,365.8,4204,5181,6394,0,0,0,0,3334,494.9,0,6133,0,198.1,0,205.3,592.4,0,216.7,239.5,152.1,0,232.9,181.8,0,245.2,226.3,0,0,0,142.6,0,0,0,0,0,212.5,0,0,0,0,0,217.8,212.5,0,140.2,182.7,0
412.32075@10.89,284.9,491.9,383.2,942.3,329.5,555.5,631.6,430.7,0,341.6,1114,412.4,281,679.8,430.8,439.2,0,1087,1373,840.2,0,1356,772.5,1283,0,1004,1044,938.3,344.5,1142,929.6,1087,287.5,217.8,392.8,317.6,0,0,386.3,246.6,309.7,921.1,828,1516,179.7,2267,1111,1107
346.31902@10.89,1062,1392,1557,919.3,1333,985.8,809.1,934,1801,1552,1121,1236,2064,932.6,956.3,832.6,1534,875.6,1266,1401,2057,1152,1767,1426,1327,1044,1475,1423,1591,1547,1547,1215,1317,706.7,1676,861.6,1084,950.7,921.6,895.1,1370,1292,1338,1120,1773,1031,1295,1557
344.33834@10.9,1264,3233,2242,2364,942.1,1562,1908,1578,996.2,1458,2589,1970,924.4,688,1557,1519,932.4,2749,2912,0,741.6,4110,2372,2894,1106,2551,2559,3192,1055,4099,2203,2547,980.8,765,1039,967,618.4,600.6,1018,981.4,0,3360,2281,2539,823.2,2414,2864,2148
447.12308@10.91,965.4,792.5,0,2164,0,87610,0,0,0,250.7,0,0,613,0,0,75940,263.9,0,0,0,1339,0,0,0,170.7,149.1,226.4,0,1207,0,0,0,0,0,0,79940,1658,11610,66420,0,0,0,77370,0,1204,16430,69680,0
566.19294@10.91,0,0,0,120.3,0,0,0,0,0,0,0,0,0,0,0,0,0,0,0,0,0,0,0,0,0,0,149.1,0,0,0,0,0,0,679.6,917.3,1026,0,1077,1122,950.4,0,162.5,0,0,0,0,0,0
544.39449@10.91,0,1707,291.5,329.4,807.4,8080,1550,4656,523.3,329.1,368.2,437.8,585.3,579.3,1181,1213,626.2,0,317.5,0,1284,0,371.8,995.3,721.3,395.3,0,0,601.4,0,251.6,0,180.5,404.9,530.6,518.2,0,375.5,335.8,1102,0,0,307.4,284.1,0,293.6,0,308.9
508.21154@10.92,0,230.5,0,136,208.3,4010,3700,0,189.2,0,0,150.9,212.4,600.2,546.1,3806,175.3,197.4,235.5,0,170.4,3603,479,723.2,0,0,0,270.8,0,0,475.3,0,210.7,237.3,316.7,2937,0,482.5,3356,290.1,193.4,560.3,3082,791.6,140.2,646.6,3451,0
242.28101@10.92,4575,5070,5096,5443,1407,2190,2283,2006,5260,5305,5929,5471,1716,2818,2880,2181,5735,6847,6283,5204,1379,3061,2481,3533,5966,6660,5471,7191,1547,3109,3219,3140,4396,5131,4952,4030,5120,5906,4814,4320,5491,6790,5361,4719,3492,5638,5317,4288
502.08842@10.92,0,0,0,0,0,11230,51240,0,0,0,0,0,0,0,0,50300,0,0,0,0,0,6975,6711,7604,0,0,0,0,0,0,5255,0,0,0,0,45770,0,0,7947,0,151,7267,38170,8298,0,33800,9118,9154
344.32161@10.93,0,2340,1602,0,0,1309,1109,1335,0,653.9,0,1135,327.2,715.3,941,889.9,625.1,1005,1459,1014,0,1776,1038,0,647.8,881.6,1181,1198,351.7,1762,1050,1024,284.5,401.1,627.8,470.1,228.8,567,548.7,491.3,209.1,1191,964.1,1202,287.2,0,1025,0
500.37122@10.93,0,6501,0,2860,8351,40400,22320,19220,0,1837,2582,2329,10830,2550,7531,6814,6288,435.9,1154,505.2,1144,430,0,1187,10280,527.7,533.4,369.7,5482,774.6,0,314.5,239.1,2634,2455,6462,0,2318,4183,6025,265.4,339.4,0,243.1,0,305.5,365.6,0
460.29479@10.94,211.1,41770,10850,59230,338.2,1315,2241,1340,0,0,4117,739.2,359.6,290.5,339.2,383,0,1701,205,0,0,367.3,0,435.7,0,0,302.6,0,0,372.9,350.6,376.9,372,369.5,423.9,300.8,0,404.7,401.2,373.6,391.9,432.6,304.5,418,338.9,2684,289.6,1294
428.35229@10.94,0,909.1,980.1,761.4,241.8,496.5,507.9,698.5,312.1,711.5,975,886.8,189.5,286.4,565.6,591.3,349.7,1664,2036,1414,145.2,237.4,357.3,304.9,371.5,1501,1719,1634,0,326.5,368.6,0,238.1,0,303.7,198.7,0,251.8,342.3,277.6,157.5,886.8,609.4,823,147,866.9,657.2,627
738.34954@10.96,136.2,0,129.8,0,0,0,0,0,0,0,0,120.9,0,0,0,0,0,513.5,0,0,0,0,0,0,0,405.2,181.5,269.3,0,0,0,131.8,0,0,0,0,0,0,0,0,0,0,0,0,0,0,0,0
339.0405@10.97,0,0,0,0,0,0,0,0,0,0,0,0,0,0,0,0,0,597.7,0,0,0,209.3,136.9,224.6,0,557.8,0,434,0,254.1,0,0,0,0,0,0,0,0,0,0,0,213.5,186.9,0,0,0,0,0
490.35855@10.97,7511,17410,14050,18010,839.7,5359,2170,1536,6387,1385,6115,13150,306.1,370.5,1076,1218,4467,246.2,1722,880.4,312.1,201.1,251.5,299.4,5407,2763,1092,356,197.1,0,184.2,0,252.6,301.2,361.9,542.8,197.3,0,280.3,0,0,0,0,0,183.6,177.2,0,166
467.17833@10.97,0,177.3,0,0,0,0,318.5,0,0,0,0,0,0,0,0,0,0,0,0,0,0,0,319.9,487.7,0,0,0,0,0,0,296.9,0,0,0,0,0,0,338.5,0,0,0,0,307.7,0,0,0,0,0
831.30184@10.96,0,0,0,0,0,111.1,0,0,0,0,0,0,0,0,0,0,0,536.9,0,436.4,0,198.4,0,201.8,0,578.7,290.2,415.6,0,0,0,261.5,0,0,0,0,0,0,0,0,0,204.2,0,204.6,122.2,0,0,142.8
563.36744@10.97,201.4,215.1,0,202.3,155,242.5,156.3,183.5,0,229.6,220.4,142.2,222.4,245.8,566.4,343.9,203.8,328.6,0,297,0,239.7,238.6,219.1,322.2,395.2,216,0,194.4,253.4,208.4,0,176,276.6,145.7,236.9,260.8,0,214.4,231.1,214.5,173.1,203.6,302.4,0,0,0,229
530.37794@10.97,1560,192.6,274.2,270.6,534.6,939,0,593.1,0,332.5,257.6,358.6,1793,997.2,2119,1879,1301,210.7,437.9,203.9,1067,335.6,314.2,274.9,1112,346.7,0,269.8,1097,218.1,251.3,0,0,316,298.3,0,176.4,265.8,353.2,0,0,251.3,233.8,255.8,121.3,260.9,250.6,205.6
720.50304@10.97,533.2,0,0,168.8,150.2,160.7,0,193.9,337.4,138.6,191.3,177,0,0,0,130.8,0,0,0,225,0,0,0,0,0,211.5,127.3,0,0,0,0,0,132.2,0,0,0,0,0,0,0,0,0,0,0,127.5,0,0,0
504.37875@11.0,448.9,546.8,1692,803.1,0,1215,1133,947.8,460.5,251.7,1452,427.2,0,0,0,253.8,0,190.6,248.7,221.8,0,374.5,218.8,279.9,0,0,217.2,147.8,0,275.2,0,245.7,221.6,0,0,0,0,0,0,0,0,0,0,0,170.8,0,0,246.5
486.37882@11.0,11160,352.8,260.9,0,6021,3600,2435,2001,4659,2912,0,511.4,10900,8362,18210,6897,6580,301,4536,896.2,8963,0,1515,0,7796,1955,2856,0,7204,0,309.1,0,223.7,480.5,0,0,311.2,0,522.1,816.2,287,0,0,0,235.4,0,0,0
491.33529@11.0,1646,4361,3807,4879,0,0,0,0,1749,586.6,2446,3566,0,0,0,160.1,0,343.6,522.9,337.1,198,198.3,283.2,213.4,0,0,0,0,0,245.7,0,260,0,253.3,0,0,0,0,0,0,324.9,0,380.5,404.8,325.6,0,305.5,292.7
427.10118@11.01,0,0,0,0,0,0,0,0,331.5,0,0,0,0,0,0,0,0,1567,0,1120,0,1932,680,2956,0,864.5,273.8,2328,0,4876,1190,5627,0,0,0,0,0,0,0,240.3,0,0,0,464.5,0,0,0,0
558.41556@11.01,11050,422.9,422.2,369.7,9318,12990,9708,5008,5542,2593,472.7,2081,6865,6254,14140,8247,6806,289.1,1947,542.7,8875,0,801.6,345,5715,894.9,1196,327.2,5477,193.4,426,306.7,0,703.8,905.9,2131,312.8,553,1250,1264,294.7,309.5,291.2,247.5,156.4,262.1,290.4,225.5
502.2533@11.01,0,253,195.4,0,0,0,0,0,0,0,0,188.8,0,0,240.2,0,0,0,263.9,271.2,182.2,248.5,425,369.6,0,0,0,0,133.5,0,288.2,0,220.7,290.9,219.6,0,297,0,305.4,0,0,3804,3205,4688,0,0,906.2,0
499.35421@11.01,4559,2098,1441,1327,2900,4204,3575,3027,2896,254.8,368.3,303.4,1769,729.9,2595,3039,2283,216.7,302.6,202.7,1559,262.3,240,258.5,5626,306.3,220.7,256.6,1390,244.8,230.8,0,264.8,0,273.7,264.7,253.3,240.7,259,201.7,0,236.1,0,303.7,0,0,242.2,254.8
428.12962@11.01,0,0,149.8,0,0,0,0,0,0,189.4,0,176.5,0,0,0,0,0,451,0,381.3,0,515.1,147,618.6,0,169,148.4,590.8,0,964.7,291.2,1141,0,0,0,129.7,0,119.7,0,0,0,245.7,0,285.3,0,0,0,178.2
516.37435@11.01,0,0,0,0,9002,12020,9340,4672,0,0,0,0,4331,3207,11260,9203,5126,0,0,1207,4821,375.9,536.9,0,8822,426.7,797.6,0,3755,0,0,0,0,643.9,1148,1113,232.3,636.8,952.8,893.9,245.8,190.8,318.5,295.9,221.5,277.8,294.8,260.7
491.18282@11.01,207.7,0,0,0,310.9,0,363.2,355.1,0,0,0,0,0,0,177.3,268.9,206.4,369.1,0,228.1,255.8,193.2,212.1,313.3,141.3,0,218.2,0,0,247.4,222.1,308.1,365.7,315,0,246.9,535.6,273.2,328.5,0,1322,1845,2830,3154,1505,1612,2768,2368
548.3815@11.02,0,1059,363.8,0,309.2,877.7,1681,213.1,1263,0,495.1,1003,269.9,300.9,967.8,808.7,1258,0,183.6,267.3,204.6,258.3,223.7,0,382.6,226.1,236.3,143.4,205.3,0,0,143.3,0,176.9,247.3,0,0,189.9,232.1,177.7,0,0,183.5,0,225.9,173.4,0,224.8
416.32879@11.02,2141,9024,1549,4188,236,270.3,236.2,0,6413,34540,8071,22620,0,0,260,0,5765,38580,26560,42230,0,0,169.4,0,6731,17240,31410,41090,199.1,204.6,0,155.9,0,0,0,269.2,0,0,0,260.5,247.3,0,0,198.3,0,0,217.2,182.2
559.39102@11.02,4288,442.7,197.8,257.2,376,3225,2184,1224,1546,703,322.3,600.6,1430,0,0,2053,2599,0,753.6,348.8,0,0,0,309,409.1,0,0,386.7,0,0,0,250.8,0,0,0,519.4,281.9,0,0,0,0,0,0,345,0,0,0,252.5
470.34222@11.03,2059,195.7,214.3,0,2482,1905,1190,498.4,1526,0,259.4,313.3,1719,1011,2177,2132,1280,245.2,379,291,2174,164.9,277.4,198.3,1506,282.1,282,216.1,838.5,0,0,217.3,236.7,328.1,406.2,511.8,0,0,402,0,234.2,251.7,240.5,0,222.4,180.3,206.3,267.9
492.19197@11.03,0,0,0,114.6,0,0,0,0,0,131.7,0,157.8,0,0,0,0,154.2,0,0,0,0,0,0,0,134.6,0,0,0,0,0,0,0,0,0,0,0,230.7,0,0,0,0,818.4,647.5,815.1,341.5,593.7,654.5,592
515.36884@11.03,0,1611,0,1923,44460,70450,50980,24520,0,0,0,6591,24130,15560,58670,46750,27020,409,3482,1996,24790,684.1,1681,1032,38820,2108,3033,358.1,22600,0,776.3,318.8,0,2498,5417,4881,262.3,2242,4393,3545,267.2,276.6,242.5,252.1,222.6,153.5,235.4,0
514.38356@11.03,165200,10170,9629,10960,145200,239400,176200,91400,109800,24200,11330,30980,85310,55850,188200,153300,94460,1179,17900,4955,86080,1149,5807,2377,128000,7532,10590,908.2,59740,316.9,2925,880,449.7,10410,22380,20300,399.7,9507,17910,14460,425.6,0,381.7,0,349.9,231.3,283.9,250.1
344.33016@11.06,2007,1214,1080,1363,539.8,2214,4282,993.9,0,1846,1103,1380,1110,1465,1427,1266,1302,5241,2487,3851,575.7,3443,2053,2552,586.6,2220,2668,3036,573.3,7702,2238,2597,997.4,2609,1383,1731,1984,2460,856.4,1365,1003,2002,2074,2096,1119,1556,4250,2771
432.32398@11.06,1537,521.1,501,373.9,1562,3852,2956,1078,1022,3278,659.3,1446,2051,10320,20240,5746,1408,828.5,1133,949.3,1364,6435,9228,8386,2201,678,1038,630.1,3889,2534,3900,705.2,969,2677,2449,5426,984.8,766.1,4188,5538,1791,0,3450,591.1,596.9,0,2498,2528
380.03539@11.07,0,0,0,0,0,0,0,0,0,0,0,0,0,0,0,0,0,0,0,0,0,0,202.8,0,0,0,0,0,0,221.5,258.8,378.9,0,0,0,0,0,0,0,0,0,0,0,0,0,0,0,0
574.39939@11.06,880.5,0,0,186.3,164.3,327.1,0,264.3,365,171.3,181.1,224.3,0,193.7,0,176.6,668.2,130.3,227.8,0,0,0,0,0,357.5,130.8,199.2,0,0,0,0,0,0,197.4,0,0,0,195.8,190.6,211.5,110.7,195.8,0,140.2,0,0,144.5,0
438.20825@11.09,244.1,1194,235.6,281.5,3413,985.2,793.7,590.8,234.8,0,0,0,3315,5257,3673,4693,0,4100,0,0,3346,6493,6412,9525,1401,4677,3513,3384,3820,7746,5614,6603,4225,1031,1539,1771,2137,2530,2471,2349,1355,4414,2899,2538,2528,3133,3954,2526
474.27467@11.09,344.4,0,0,0,1219,1072,399.3,0,236.4,0,0,0,1634,2182,1245,1525,637.1,1406,0,0,1319,2112,2097,2838,466.6,1256,1187,1111,1832,3272,1957,2063,817.5,1038,471.6,724.1,576.7,358.5,1138,813.6,438.2,1013,1076,921,1018,990.5,1426,1103
472.34556@11.09,1168,2461,1544,2003,4128,9872,5041,5356,634.5,307,619.5,468.6,1294,2165,6876,1340,623.8,157.8,213.9,193.5,3227,145.7,0,0,3807,0,0,156.2,553.1,0,0,209.1,155.8,747.6,0,0,0,730.2,596.1,0,222.8,227,0,226.2,0,137.8,0,140.5
430.08861@11.09,1047,959.5,1688,2095,393,0,0,8373,876,0,282.7,317.3,0,2224,1897,0,360.6,0,0,0,1083,0,1943,0,0,0,135.7,0,1229,1888,2147,2314,1764,2381,2317,4691,1644,2347,3024,1772,0,0,4314,4693,1226,0,3786,0
555.30577@11.09,291.2,279.1,248.5,0,2585,634.1,532.8,446.7,0,3313,0,254.6,2801,4238,4055,3044,623.4,2857,2473,3233,4048,5716,5127,6203,931.5,2727,2612,2562,3139,5656,4027,4358,2275,2077,1145,1164,957.3,2660,1694,1817,1300,2806,2009,2199,2962,2986,3617,2537
416.2203@11.1,0,0,0,449.7,3547,800.6,681,710.9,0,0,0,0,3081,4304,3181,4032,926.9,3359,0,2826,3234,6393,5749,8237,1101,3255,2842,2954,2550,8949,5120,5567,2473,1475,1106,2099,1890,1485,1830,1961,2143,4769,3233,2530,3637,3138,5966,4637
435.12089@11.1,0,0,0,0,0,0,0,0,0,0,0,0,0,0,0,0,0,0,0,0,0,574.1,1357,1344,0,0,0,156.4,0,533.6,356.3,314,0,0,0,0,0,0,0,0,229.6,0,0,487.7,0,0,0,0
460.26896@11.1,0,0,0,0,3980,1311,909.6,638,838.7,4391,734.9,1740,3785,5669,3709,5046,1280,4229,3093,4185,3965,7914,6570,9637,1408,4363,3651,4226,3688,8437,6080,7461,2829,1167,1140,2115,1757,855.9,2138,2962,1508,3810,3577,3438,3629,4312,4556,3977
457.08447@11.1,0,0,0,0,0,138.1,157.4,172.2,0,0,0,0,143.1,176.4,0,0,0,0,0,0,165,0,0,176.5,0,0,0,0,121.6,135.9,125.4,0,189,251.8,307.7,272.9,210.8,309,256.9,217.7,363.2,151.7,238.1,0,297.9,242.4,269.1,259.6
454.18384@11.1,624.3,0,178.3,0,2026,477.4,412.6,535.6,0,0,0,0,1807,2722,2029,2651,564.3,1883,1232,1634,1857,4109,3319,6770,777.9,3103,2228,1575,1545,5929,2875,3428,1085,634.2,489.8,913.5,1083,804.6,1107,1273,661.7,3016,1653,2164,1926,1932,2658,1782
473.26725@11.1,0,0,733.7,431.5,4526,3432,799.5,790.1,0,5629,363.6,1796,3806,6241,4256,5471,1417,5205,4925,5539,4248,8463,7569,10900,1312,5725,4221,4862,3394,9305,6619,8151,2940,1201,1019,1966,1374,802.7,1944,2485,1271,3854,3323,2920,3794,4266,5216,3805
488.29803@11.1,672.4,6892,984.1,281.3,570.2,1312,500.4,0,266.4,0,0,336.9,777.1,1642,629.7,1426,340.5,939.5,0,1292,643.5,1468,1497,2112,273.9,835.1,930.9,680.6,621.7,1401,1282,1428,509.8,0,0,549.7,387.4,0,0,508.3,339.4,951.3,756.5,835.6,727.4,986.6,929.4,742.2
414.07522@11.1,0,0,0,0,5239,2446,3739,2701,0,0,0,0,2679,2410,2143,2031,0,0,0,0,5123,942.5,2387,1819,0,0,0,0,2369,2224,2413,2507,3740,3626,4869,4251,3705,3904,4349,3876,5936,3011,4611,4674,5417,3589,4079,6785
415.21313@11.1,3544,3825,2342,2129,15450,4189,3669,2834,3323,18110,4299,5889,14570,19840,14820,18190,4268,18070,13910,16330,15260,30130,27350,38910,5264,15570,14700,14420,15830,32230,23350,28150,15590,7008,5192,10480,7410,5401,8836,11050,8254,15900,15430,13800,17860,18230,21860,16530
437.19965@11.11,3501,3284,2055,2468,16810,4550,3279,2936,4093,23970,2638,7358,16630,24770,17130,21980,5064,18830,17040,18440,16920,35030,31040,45190,6523,17530,17880,15900,16130,38200,27690,31650,16090,5025,4790,8354,5640,3677,8736,11990,8552,15540,14780,14240,16570,18210,20640,18170
453.1803@11.11,2121,2233,0,0,11090,4063,1927,1507,1702,14720,1951,3431,10620,15120,11320,13290,4602,8604,10170,8146,10710,19940,18340,24370,2840,7512,7820,6390,9763,21510,14760,17710,8437,2466,2064,3972,3322,1702,4628,5191,2721,12510,10210,13120,10190,11910,13270,8512
433.32445@11.12,679.8,0,0,0,0,0,1385,562.4,0,532.8,0,0,0,3344,2145,1432,0,308.8,567.7,0,626.5,0,1292,756.2,0,383,0,316.8,666.7,0,663.6,271.5,477.3,430,408.8,726.7,405.4,0,694.7,804.7,501.2,0,573.2,229.4,264.1,364.1,504.2,0
413.07559@11.13,271.8,0,0,0,14480,10320,11010,11900,0,0,0,0,10520,10010,8865,8507,0,0,0,0,14000,4370,10390,8376,0,0,0,0,9904,10590,10420,11310,16740,13310,19290,16560,15200,14760,17030,15940,21930,12710,17660,19030,22030,16190,17130,19070
560.45397@11.13,20870,855.3,614.5,967.3,11260,12330,7932,3904,13140,6279,1477,2999,6175,10400,14690,8131,11130,3008,5489,1399,6754,0,1890,777.6,8096,2173,2886,569.7,4430,0,744.5,400.4,0,1367,1077,3112,340.1,765.1,1712,2027,0,0,0,361.8,0,0,0,335.9
344.32057@11.14,597.3,0,0,0,458.2,1892,1472,2648,0,0,0,0,0,982.8,1587,4080,564.7,2142,0,2009,377.9,0,1645,1951,700,1872,2076,2127,419.1,3233,1660,2220,388.3,722.6,943.8,675.2,413.3,686.9,647.8,530.8,351.1,1121,1472,0,296.1,0,0,0
284.25459@11.13,4781,18620,12120,11680,4064,11830,3867,4493,14470,20150,18790,17680,6890,8568,5960,10630,9052,32610,33540,34840,4254,20580,36910,20640,8867,32510,26590,22680,3132,25680,20900,29660,8953,4371,3139,5632,5587,4363,2992,3288,849.1,20520,24110,31650,3238,14180,16620,12670
561.41812@11.13,3333,339.6,296.7,0,2961,3125,2042,1931,4627,2779,353.7,1247,1713,3302,4422,2755,3196,0,2203,627.7,2011,0,591.3,375.5,2418,1038,1219,244.4,1232,0,371.5,334.9,0,0,0,879.4,0,0,0,0,0,0,0,383.3,0,0,0,0
560.46018@11.13,0,559.3,404.8,0,4830,7166,4997,2601,0,4230,541.1,1772,5181,8839,11440,6577,8044,3008,655.8,1090,5440,0,1478,777.6,6253,2173,2886,0,3360,0,744.5,419.9,0,1089,1077,2331,340.1,0,1116,0,0,0,0,361.8,0,0,0,335.9
420.12689@11.14,0,0,0,0,0,0,0,0,0,0,0,0,0,0,0,0,0,0,0,0,0,0,0,0,0,0,0,0,0,0,132.2,0,0,104.6,1042,268.3,0,233.1,1340,0,0,0,113.4,0,0,0,0,0
344.33272@11.15,597.3,0,0,0,707.5,1494,1873,1328,0,0,0,0,474.9,1030,1244,1365,564.7,2142,0,1646,346.1,3466,2329,2977,700,2590,2879,3383,490.8,3193,2386,2788,372.6,722.6,774.5,605.6,388.5,668.6,785.9,644.5,291,1879,2284,1379,290.2,1032,1574,850.1
604.44194@11.14,830.9,245.7,164.2,0,323.5,417.6,590,205.1,430.1,296.6,0,252.9,248,469.6,1173,474.4,485.6,0,356.9,0,0,0,206.7,0,0,178.1,252.9,114.5,156.3,0,0,0,0,151.3,182.3,180.3,112.8,0,0,146.9,0,0,0,0,0,0,0,0
517.38904@11.16,0,0,0,0,53650,74760,38500,19740,0,0,0,0,23710,29670,64470,53150,39050,1427,0,2923,23120,902.4,6000,1743,85270,7555,10810,816.8,19280,359.6,2408,658.1,572.1,7163,7773,12990,548,6231,7537,11680,546,381.9,486.2,343.3,0,0,0,356.1
398.14702@11.15,0,0,0,332.4,0,0,0,0,0,0,0,0,0,0,0,0,0,0,375.8,0,0,142.7,0,0,199.5,0,0,0,0,0,0,0,0,265.6,5580,2994,0,1745,5048,419.8,223,0,0,0,0,0,0,0
472.35234@11.16,5579,349.1,293.1,0,2160,2067,1322,911.2,3644,986.3,0,579,1622,2447,2213,2040,2909,213,679.7,301.6,1439,0,268.8,0,1860,423.9,598.6,220.9,1252,186,0,142.2,0,0,463.9,706,210,571.7,537.3,0,226.9,166.2,149.2,0,0,118.8,132.2,169.9
476.21315@11.17,0,0,0,0,0,0,275.5,0,0,0,0,0,0,0,0,0,0,0,0,185.4,0,0,282.4,0,0,268.3,264.8,0,0,0,0,0,0,0,0,0,0,0,147.8,0,155.1,258.1,353.9,725.4,0,134.2,0,282.2
516.39563@11.17,293800,18610,12320,23110,182600,273200,174700,90260,236900,76400,18140,66410,99350,115700,215800,180100,170700,3031,55390,13500,95160,2880,22980,7690,156700,30760,43040,2573,68210,960.6,8529,1998,1766,27130,33200,50930,1799,23810,34980,34500,1533,436.4,1635,431.2,606.6,170.3,698.1,234.2
530.3729@11.17,3827,507.1,301.1,601.6,406.9,811.9,444.3,370.4,3335,761.5,388,879.4,318.6,324.5,687.7,393.2,2224,0,376.2,282.6,409.4,336.2,264.9,277,2164,192.9,0,207.1,0,195.3,159.2,155.9,154.7,274.4,303.1,292.1,181.8,265.2,256.5,248.1,0,211.9,274.2,248.4,0,214.1,0,173.5
337.2276@11.19,979.3,788,0,896.8,12180,3534,10910,3334,796.2,1157,1013,890.7,12810,2719,8266,6703,0,1495,1012,0,10350,3825,4606,3433,1635,1835,1720,1770,6592,6052,6562,4068,69890,47580,46940,22550,28990,39980,18330,16610,20710,30340,24760,0,28220,0,11880,15600
558.42039@11.19,0,310.5,0,332.1,2309,19070,13350,4815,496.1,348.4,252.3,350.4,693.3,0,621.7,493.2,0,0,317.2,233.6,1013,272.8,297.8,239.2,333.4,0,260.7,254.6,743.6,323.5,0,294.8,0,790.6,981.7,1247,345,496.6,1137,967.4,0,0,0,262.3,0,0,0,0
563.42977@11.19,0,0,0,0,9148,10830,8191,4112,0,0,0,0,4353,8625,10800,8955,8578,718.8,3629,1700,4889,408.3,2251,808.8,8007,3508,4172,346.1,3504,158.8,755.9,297.8,266.6,1988,2141,3381,253.9,1258,2345,2194,246.5,265.1,362.5,218.7,244.3,155.6,235.4,199.8
366.25742@11.19,851.1,374.5,357.3,348,0,5502,416.6,376.9,353.5,351.3,344.9,0,1643,3340,4413,375.5,332.6,287,356.5,370.2,3254,4479,3420,3829,315.4,400.6,375.8,393.1,1671,3649,3275,4306,306.6,249.4,0,0,320,0,347.3,326.7,0,319.7,0,0,0,352.7,277.2,0
446.32433@11.2,303.6,209.8,211.6,0,0,0,289.2,0,0,276.4,306.7,200.5,253.7,378.1,573.7,0,220.6,246.1,178.3,268,291,404.5,308.1,0,0,0,264.8,0,215.6,0,0,220.8,253.4,0,403.9,0,310.5,327.6,0,350.5,211.3,0,0,0,0,0,0,0
437.17049@11.19,0,0,0,0,0,736.1,500.8,515.9,0,0,0,0,0,0,0,1533,0,0,0,0,0,0,0,0,0,1511,0,1694,0,0,0,0,0,877.6,641,1117,3405,784.2,0,1144,2143,0,0,0,2100,0,0,0
562.43509@11.2,72850,4857,4213,4005,32550,45730,31870,16800,57270,30490,6736,24210,14990,28350,36770,24270,38380,642.3,18390,4275,18910,946.7,7080,2411,28500,11270,14570,626.3,12550,298.3,2443,733.5,490.8,6492,7518,12540,443.2,4085,6945,7869,467.7,0,627.3,284,217.8,181,350.4,186.6
243.13031@11.2,21710,10300,4613,5285,11480,19450,14960,8699,15650,8105,4754,9432,6359,6260,0,0,11160,824.8,5128,1410,11340,0,0,866.5,0,0,3777,639.3,24730,491.2,0,0,0,4136,5342,0,662.7,5166,3931,0,494.7,732.1,773.8,679.2,489.3,513,662.5,592.8
438.18834@11.21,0,0,0,229,0,0,0,0,292.6,0,0,0,0,0,330.6,499.1,0,0,0,506.5,0,0,598.3,0,276.7,0,0,339.1,0,0,0,452.9,0,0,222.8,0,498.2,0,306.9,365.2,1362,0,545.9,0,663.2,0,0,0
474.36929@11.22,14790,10480,2370,8644,9200,9445,6094,4420,15110,5776,3119,4666,3800,4590,6154,5516,7341,0,2925,923.3,4431,0,771.3,360.3,8085,1881,2277,0,2789,0,329,0,306.4,2215,2463,3752,0,2205,2422,2520,348.8,204.1,0,192.1,190.3,220.4,249.6,270.3
606.44215@11.22,2745,277.3,284.9,190.3,906.9,1206,912.4,589.3,2682,1412,0,1348,536.7,1256,1454,838.7,1922,0,966.9,232.1,635,0,353.1,236.1,920.3,591,778.5,0,460.9,0,166.1,0,0,381.5,344.9,590,0,288.2,258.3,0,204.7,0,160.7,0,0,191.3,265.2,212.8
246.15475@11.24,0,2708,1834,2286,6516,9915,12060,4115,0,0,1886,0,1825,2523,4443,4061,4117,310.9,1859,578.2,1819,315.6,768.9,428.4,5529,1373,1600,323.3,1708,0,404.2,295,269.2,830.2,2050,4686,298.2,863,1550,1294,304.2,0,302.6,323.3,256.3,255.2,295.5,0
522.39203@11.24,0,0,0,0,666.1,1633,887.5,709.9,765.8,0,0,526.3,308.8,375.6,815.9,747.7,658.6,0,207.5,0,220.7,0,185.2,0,1441,144.5,162.1,0,209.8,0,0,0,0,182,231.7,351.5,0,0,268.2,317.9,0,154,113.8,158.9,0,189.3,148.5,126.1
245.14617@11.25,65630,19600,14880,17010,34060,76830,55980,42610,65560,39080,11710,47370,13210,16940,33150,27950,34150,1260,19510,6260,13300,910,6906,1397,40640,19190,21070,1235,12430,850.7,1820,1132,0,15580,24580,19570,842.8,22810,17580,14140,899.9,0,963.4,937.4,0,683.1,766.2,739.4
518.4157@11.25,499700,97540,101900,96090,360200,532200,435300,323600,495800,270400,147900,298300,202100,228000,362800,224700,187300,9425,176300,42890,193700,9448,67520,21560,382700,113400,149000,8539,158900,2949,25410,6504,5729,91550,157100,182700,5915,79980,135400,122300,5456,1794,6201,1579,2252,293.1,1861,872.1
228.12944@11.25,0,0,464.5,0,714.4,1874,1017,706.3,2026,0,502.5,659.2,372.9,360.7,812.9,747.2,664.8,529.2,302.1,444.3,299.2,241.5,301.9,291.2,849.5,601.6,889.6,543.5,263.6,209.9,305.2,0,275.3,0,387.6,407.1,192.3,0,339.5,0,222.8,217,247.3,0,0,0,227.5,212.3
520.40829@11.24,90250,5558,5069,4608,42560,100000,65490,28370,86660,0,6207,20230,13060,16250,43300,31050,33230,0,8071,2342,12690,677.4,3520,1299,51090,6691,8836,493.3,9729,215.7,1573,465.2,0,5425,9856,12090,357.7,5023,8230,7077,0,0,464.4,0,413.9,0,438.5,0
143.08423@11.25,16750,8539,6709,8287,10090,22200,15540,13600,19280,4597,4816,6429,4581,5808,9915,8646,10530,3741,10980,5802,4963,614.2,0,0,11780,10860,11540,4492,4702,724.9,847.8,743.7,571.6,5990,11210,6694,473.1,10810,6784,4931,0,1389,981.1,1217,0,616.6,763.2,0
521.39828@11.25,8980,828.3,805.2,769.6,4953,11910,7527,5382,6699,3736,1766,4364,1554,2789,5266,4372,4812,0,1702,451.1,1807,263.5,1256,352.3,5926,1634,1571,279.2,1657,0,326.1,0,0,831.2,1651,1699,0,595.5,1091,888.6,0,0,335.8,467.5,0,0,369.1,297.6
519.41846@11.25,170900,27690,24900,22630,148900,230800,192500,129800,307500,80000,29870,91400,63870,70550,148800,170000,188100,2362,48520,11520,61480,2903,17960,6025,161500,32750,43130,2247,48300,0,6521,1517,1138,26890,45290,59260,1584,24220,40520,34970,1572,432.6,1668,344.8,993.7,0,1436,330.8
227.1449@11.26,9760,0,2273,2061,4917,11850,8464,5325,9280,5741,2000,7201,1565,2130,5021,5183,4159,2482,4938,2007,1888,353.2,0,0,5448,5270,5380,2683,1560,0,564.2,0,399.1,1200,0,2607,0,2300,1244,921,439,854.6,0,722,452.4,522.8,493.7,629.6
191.15942@11.25,649.3,836.5,754.7,655.7,2648,0,6962,1082,565.2,759.2,0,776.7,6683,750.1,3933,1613,542.2,0,535.2,0,4648,1446,1629,1260,748.6,0,780.3,734.5,1442,1554,1357,1188,32120,25750,23170,10070,14710,23120,10270,7199,11870,16240,14020,13710,13970,12330,7602,11620
274.26825@11.24,10490,5442,3817,4896,10760,18030,8241,6628,10040,3872,4798,6552,3441,5525,6232,5854,7279,3452,4365,3319,3481,6620,7689,7430,9723,3595,3950,3419,3704,5606,0,4047,2046,1846,2553,3181,0,1384,2479,2464,1302,2313,3305,2438,1384,2199,3746,3084
337.23054@11.26,1059,6004,3262,4044,39730,19010,45860,12950,1143,5243,8139,0,45890,11330,27040,21180,6369,5409,5875,8990,36260,19000,15970,12760,5705,4190,2196,5666,20800,22790,21220,13170,185200,151700,140000,63950,92290,135700,63630,48940,74640,103000,82720,88820,92150,79100,52030,70640
572.32143@11.27,753.9,211.6,146.2,176.9,0,669.1,0,0,969.6,560.6,244.5,0,0,0,0,0,523.8,127,184.2,0,0,0,0,0,0,0,216.8,110.3,0,0,0,130.3,144.3,139.7,0,0,0,200.5,0,0,0,201.9,196.9,135.6,0,0,123.4,0
338.23377@11.27,0,474.7,463.7,0,3066,1321,3872,1009,0,0,514.7,1617,3861,823.8,2158,1674,509.5,0,503.5,589.7,2532,1584,2653,2206,381.8,641.6,571.4,1531,1006,0,1830,966,0,0,11460,4636,7656,0,5429,3637,6523,9143,7328,8534,7557,7841,4828,6519
240.2418@11.29,508.8,941.5,0,808.3,1473,13590,1551,1552,0,0,0,0,11940,12950,12840,1484,389.3,423.8,0,431.2,12230,12540,11940,14140,419.5,435.5,428,543,11870,13420,12530,13720,460.7,450,497.2,428.7,382.4,419.5,402.1,406.3,391.2,364.1,349.9,398,410.5,0,425.5,425.9
590.40818@11.28,253.1,0,0,0,205.7,808.5,309.7,372.7,240.8,0,221.8,203.5,0,0,0,189.9,0,0,167.4,218.4,133.8,210,253.6,270.4,150.3,0,0,0,0,202.8,205.9,140.5,223.4,206.8,218.7,0,215.7,192.3,211.4,0,0,181.4,297.6,0,0,148.7,293.5,130.7
332.33115@11.29,31930,51400,31340,41180,106000,432500,105700,103700,34910,41990,40470,46900,415900,239800,253600,105900,32920,37470,37110,46800,426200,426900,427100,449200,35490,38100,41330,36220,226900,435600,434400,427800,37270,34590,39390,31220,41390,34050,35340,32390,34430,33530,34470,36760,36590,40920,33610,38460
333.33191@11.29,0,6318,0,0,18730,139200,19530,18550,2659,10600,3639,0,135400,181200,193200,18410,3609,4182,3030,5682,130900,135100,133600,149400,4610,5804,5956,5739,177900,122800,135900,130700,4838,4332,5412,8671,4743,4620,4279,4267,4383,4360,4536,4007,4300,5057,4241,4572
561.29229@11.3,154.6,220.9,219.5,0,302.8,0,171.6,247.8,0,299.7,313.2,215.9,0,570.7,0,0,145.5,1690,2075,1151,0,779.9,1066,612.8,266.4,2108,1359,1294,501.1,644.2,1041,1905,0,0,392.5,273.5,623.4,0,0,0,0,1944,1515,3369,0,0,666.4,1670
751.61627@11.3,0,0,0,0,0,0,0,0,0,0,0,0,0,0,0,0,0,381.2,1104,1196,0,1456,1165,1221,0,400.2,1282,986.1,0,2085,1228,1619,0,0,0,0,0,0,0,0,0,314.4,0,330.1,0,332.7,277.9,298.8
334.29605@11.29,400.6,1936,0,0,2346,27290,2544,2310,522.1,1599,1965,1056,26680,19660,21060,2452,634.9,559.9,0,2837,19040,20380,19710,29600,679.3,2642,868.2,2251,17840,18100,27300,19850,0,560.5,710.1,487.6,688.4,629.5,678.6,641.1,697.9,648,721.4,678,673.2,1074,1265,850.6
571.63023@11.3,1249,0,0,0,0,0,0,0,0,0,0,0,0,0,0,0,0,0,0,0,0,0,0,0,0,0,0,0,0,0,0,0,0,0,0,0,0,0,0,0,0,0,0,0,0,0,0,0
785.21903@11.31,1282,5080,0,11440,0,0,0,0,0,0,0,534.6,0,0,0,0,0,0,0,0,0,0,0,0,0,0,0,0,0,0,1170,0,696,725.5,0,0,0,111.4,0,0,0,0,0,0,0,0,232,0
435.10727@11.3,0,0,0,0,0,0,0,0,0,0,0,0,0,0,0,0,0,0,0,0,0,991.3,1714,2167,0,0,0,0,0,719.3,670,522.1,0,0,0,0,0,0,0,0,0,0,195.6,329.2,0,0,0,0
530.40022@11.33,4823,0,0,297.4,3448,4701,4277,1959,3176,607.2,271.8,880.8,1371,1702,2909,2089,1861,0,500.9,271.3,892.2,210.7,268.5,230,2950,0,765.7,0,756.6,0,215.4,202.3,180.1,567.5,1294,1734,201.6,559,1209,728.2,0,214.7,0,200.9,176.8,0,154.8,0
528.40378@11.33,15440,833.3,619.2,829.6,5859,10780,0,3829,8578,1967,875.6,3334,0,0,0,0,9585,349.7,918.6,618.7,3293,0,379,0,4470,0,576.7,331.1,0,391,312,276.9,415.1,0,0,1164,380.6,0,0,0,327.6,325.9,275.5,389.6,0,363.5,0,0
446.33178@11.34,345.2,310.1,0,0,0,0,1742,382.3,316,0,191.2,240.8,339.7,751.6,2895,735.9,275.8,0,343,302,331.1,0,0,465.7,333.6,366.3,288,253,370.8,327.9,0,393.1,394.1,0,0,638.9,0,306.6,1061,1096,328,0,0,285.1,0,0,0,0
488.37073@11.35,3352,0,438.8,8061,608.5,1653,477.5,310.8,2867,277.8,2540,402.9,289.3,348.3,502.7,0,665.1,0,322.3,182.3,320,0,0,0,1217,0,284.4,239.7,338.8,0,198.1,0,191.7,406.4,222.3,342.4,222.1,283.4,0,0,0,197.3,0,0,247,141.6,132.7,189.3
413.07424@11.38,0,0,0,0,14500,5296,5990,8592,0,0,0,0,7054,9725,7042,5211,0,197.1,0,0,11820,2194,9602,6783,120.7,0,0,0,5902,8765,8259,9158,9834,8519,9857,9898,12800,9150,7114,9213,11030,9945,12150,0,9865,8379,10810,7637
143.08298@11.37,0,10050,5711,7861,6481,1616,1175,0,0,14030,13510,16930,3924,3192,2717,3372,0,0,0,0,6241,463.7,713.7,0,903.7,0,0,0,10960,0,474.3,639.6,656.6,1134,941.6,796.6,471.4,0,902.9,850.1,520.3,0,0,504.1,0,0,0,559.5
246.15804@11.37,0,2638,1735,2277,4007,1562,1024,841.1,0,2167,2237,2317,2863,2619,2053,1584,808,249.3,831.3,0,4356,363.8,910.4,894.7,743.6,3995,411.1,0,9170,354.5,522.9,797.4,1294,5464,1277,1149,774.5,1056,1710,1461,1063,345.7,348.3,302.1,0,226,305.7,312
245.14847@11.38,0,22450,12250,17720,32470,6404,4987,4573,0,11120,33280,12500,23060,17770,14990,12680,0,0,0,0,31090,1323,1958,1425,3289,1707,0,811.3,57140,803.3,1816,1841,3486,3322,2411,3048,1998,2574,2338,2776,3212,916,1019,865.8,2595,711.8,747.2,752.6
393.01966@11.38,0,0,0,0,231.2,0,0,0,0,0,0,0,0,128.5,0,432,0,0,0,0,0,0,0,0,0,147.3,0,0,0,0,0,0,219.8,370.7,241,357.7,163.3,0,208.6,229.3,234.6,0,0,0,390,0,0,0
414.07516@11.38,0,0,0,0,3536,1714,2178,2397,0,0,0,0,1978,2751,1991,1475,0,0,0,0,3450,843.6,2648,2694,0,0,0,0,2212,2311,2219,2458,2289,2311,2727,2512,4818,2593,3325,2310,4084,3559,4329,3972,3886,2927,4316,3556
926.43153@11.39,0,0,0,0,0,0,0,0,0,0,0,0,0,0,0,0,0,0,0,0,0,703.7,278.2,841.3,0,0,0,0,1219,239.2,745,0,0,0,0,0,0,0,0,0,0,0,0,0,0,0,0,0
408.15044@11.39,0,0,0,0,195.6,256.7,0,450.3,0,202.8,0,187.1,408.6,385.1,168.7,421.2,213.9,278,0,0,407.1,252.7,0,570.9,0,0,0,0,282.4,256.5,495.3,628.9,0,0,0,248.8,0,248.7,232,0,265.4,230.6,170.4,0,307.6,298.1,299.4,288.1
534.38914@11.39,39170,3816,4174,3928,998.6,2568,1579,909.1,39810,8567,5934,10200,605,358.1,981.7,761.8,18270,362.8,3126,705,872.9,146.9,231.8,242.4,12170,1247,2193,292.1,268.2,183.5,0,0,207,700.3,1459,1496,0,718.4,1087,701.5,0,0,0,0,193.8,0,0,228.3
437.31591@11.39,412.9,0,276.9,396.1,3979,5698,4587,2163,295.8,463.7,0,0,4227,5570,12960,9965,0,0,0,446,4841,0,419.9,0,472.6,405.2,464.1,359.8,2285,306.9,0,354.2,460.5,273.2,0,380.9,301.7,333.2,440.3,0,0,0,0,435.2,393.6,0,407,366.3
407.12321@11.39,0,533.3,0,0,966,1359,330,962.5,0,0,0,0,2050,983.3,456.7,1901,0,0,0,0,2178,1190,1773,2773,0,0,0,0,909.3,1445,2279,969.6,943.2,0,737.7,648.2,671.6,514,0,0,564.3,1070,477.2,0,1295,1460,525.3,377
535.37505@11.39,6904,1318,1605,1016,367.5,702.4,544.2,353.2,8405,1822,1402,2289,287.3,166.7,420.7,340.8,4309,0,1059,400.5,319.7,242.2,218.9,236.2,3323,676,570.2,0,242.7,238.8,223.3,270.9,290.2,247.8,497.6,442.4,235.4,312,407.9,319.7,254.1,204.2,281.3,0,0,0,251.7,0
533.40372@11.41,7519,572.9,509.2,322.2,2130,5812,4799,2401,0,816.1,465.9,1115,736.1,1181,1558,2261,3751,220.6,596.2,324.7,721.4,227,0,386.1,1768,500.4,510.4,217.2,1138,294.3,385.5,243.1,242.8,766.6,1400,1406,0,729.7,1487,1156,0,0,0,370.6,245.8,0,0,0
436.36905@11.4,1430,0,388.7,254,18610,25870,20690,10090,1357,405,422.7,0,18690,22510,54070,42880,1427,361.7,292.8,341.3,14990,396.3,2609,460,1097,0,383.5,372,10020,263.5,893.4,361.8,316.5,469,498.9,835.9,404.1,475,857.5,939.2,403.6,345.5,372.7,0,380.7,357.1,0,0
516.38388@11.39,9199,2348,2853,2235,3575,11430,8092,10780,5827,0,4256,2571,0,0,0,0,4155,0,0,0,1536,0,0,0,3858,343.4,0,166.3,1197,161.9,0,159.6,0,0,817.8,0,177.3,495.3,0,553,0,215.7,188.8,162,0,0,195.9,134.6
550.42957@11.4,627.1,2412,2004,1672,443.4,1253,1287,766.2,882.8,267.1,2770,2100,0,0,470.3,0,443,374.7,1277,759.1,0,0,0,0,373.9,967.3,1140,1089,0,0,0,0,0,0,324.7,227.4,0,168.8,221.5,162.7,0,0,187.4,0,0,0,0,0
413.07299@11.4,0,231.9,0,0,9304,7383,8631,6476,0,0,0,0,0,0,0,0,0,0,0,0,8436,3013,0,0,0,0,0,0,0,0,0,0,777,0,0,6617,0,6002,9230,0,15370,7512,15430,17000,15180,12940,15000,14190
559.40715@11.42,1066,228.7,0,240.6,0,0,503.7,411.9,916.7,306.3,0,635.8,0,0,0,0,421.2,221.1,249.1,141.8,0,0,0,298.7,985.9,239,226.6,574.7,0,0,288.9,189.8,0,0,0,0,0,0,0,252.2,0,0,0,328.2,0,0,0,245.2
532.41047@11.41,10200,2056,1840,1933,7580,21110,10430,6440,16010,3990,1612,5655,2257,3423,5807,6400,9631,199,2205,420.1,1548,222.8,575.5,302.9,8929,1573,1905,249.8,2657,157.1,332.3,0,203.6,2847,4880,5147,276.8,2829,2293,1722,206.1,189.8,237.6,0,0,215.8,160.1,198.8
536.36162@11.42,2083,295.2,346.1,303.2,0,170.3,0,0,2195,502.5,360.8,1022,0,154.7,0,0,0,209,0,0,191.2,0,0,198.2,0,196.6,207.1,0,135,0,0,0,0,0,218.5,0,0,0,174.1,0,0,0,208.3,0,294.6,0,0,0
554.19467@11.43,462.9,247.4,423.3,639.7,0,48110,0,117.4,288.1,215.2,361.8,151.4,0,0,4832,303.4,0,136.9,169.6,125.9,1887,1265,1811,0,0,138.7,0,139.1,1014,698.6,283.2,236.5,746.9,1578,585.8,0,18500,2491,21460,271.4,2905,43560,7017,0,2653,38050,2018,391.3
398.31937@11.44,0,0,0,536.3,0,292.9,773.9,261.4,252.5,263.4,341.8,231,188.8,0,5476,199.9,239.1,0,232.3,0,0,188.9,1117,294.8,259,285.9,229.1,591.4,206.6,279.4,212.3,0,340.7,0,246,301.2,10720,237.2,207,246.9,1108,0,314.2,328.1,835.6,214.8,234.9,193.8
364.20382@11.45,338.3,294.6,277.7,0,356.2,321.6,0,456.1,306.6,273.3,0,339.2,339.8,304.6,342,0,0,404,237.9,0,411.9,2154,1994,2690,419.1,371.3,0,0,0,1383,1212,1330,360.3,364.2,455.7,433,319.2,0,329.7,0,260.7,11270,15040,12670,376.4,10830,10520,8394
560.12937@11.44,0,0,0,4403,0,27450,1021,5951,720.5,0,0,0,22430,0,0,764.5,197.4,0,0,0,0,0,0,659.9,0,0,0,0,0,2534,689.2,608.4,2188,0,0,706.3,54430,0,9250,547.6,7801,125700,17660,948.4,7453,16060,5271,872.9
426.13791@11.46,0,0,0,0,0,0,140.7,0,0,0,180,0,138.6,0,0,138.9,171.9,119.2,0,0,0,233.7,175.6,243.7,0,0,0,0,0,0,0,0,0,0,0,0,0,0,0,123.6,0,908.7,1204,1361,0,1075,941.8,661.6
428.10911@11.47,0,0,0,0,0,0,0,0,0,126.8,0,0,0,0,0,0,0,0,0,0,0,0,0,140.4,0,0,0,0,0,0,0,0,0,0,0,0,0,0,0,0,0,488.4,686.3,553.8,0,472.1,478.6,342.6
531.40286@11.46,0,374.3,280,345,3403,5293,6328,1530,7518,0,0,2056,1335,1959,3534,3230,3576,0,692.5,323,1382,192.3,429.3,0,6299,603.8,1044,401.1,1286,229.6,222.7,0,231.7,1060,1857,1499,238.8,2141,1972,1082,230,287.2,259.3,278.9,305.1,0,269.1,0
530.40287@11.46,27420,1027,1016,818,13950,22610,14460,6719,15630,4211,1463,4506,5751,8214,14250,14490,13580,0,2815,557.3,6090,253.3,1289,363.1,13690,2280,1982,208.5,5560,0,345.7,217.9,277.8,4905,4548,6764,266.7,5209,4467,5532,166.2,0,263.8,223.7,141.1,0,0,139.7
359.36098@11.49,399.7,491.6,0,0,2766,1373,1797,1355,0,0,0,0,1979,1477,1862,1412,588.3,1056,0,1097,1667,2252,2248,1880,769.6,952,1626,884.2,2565,2909,2048,2606,1834,966.7,1844,1094,1020,1489,970.5,1166,1230,1145,1816,0,1493,1854,1177,1131
561.12439@11.49,1064,601.3,0,406.7,0,109100,814,1457,402.1,0,0,0,0,0,0,774.5,0,0,0,0,2748,0,2579,692.9,214,0,263.6,0,1463,1671,0,676.1,0,0,0,0,7803,0,0,591.6,0,98850,0,1372,3519,11270,0,1398
927.42445@11.5,0,0,0,0,0,0,0,0,0,0,0,0,0,0,0,0,0,0,0,0,0,432.3,304.4,443.2,0,0,0,0,0,0,0,246,0,0,0,0,0,0,0,0,0,0,0,0,0,0,0,0
358.36406@11.5,2981,2922,4038,2950,9611,7312,6563,7159,5720,3482,2935,3830,11370,7778,9111,7589,3507,5354,6633,6870,8623,12120,11670,11560,4080,4840,8432,4444,9355,15360,10270,13770,9284,5130,8843,6023,5382,7717,4545,5965,6703,5240,9159,8243,8781,12380,6064,7145
617.12083@11.52,0,1218,0,542.4,0,0,0,0,216.6,0,0,183,2147,4658,2591,4164,235.8,153.4,0,154.5,5305,5395,4406,15070,0,0,0,0,7862,2969,4968,4872,5470,5405,4831,5837,3057,0,2326,2840,0,1732,2649,2289,2575,2563,3119,2744
533.40209@11.53,0,1866,1184,818.1,10720,28850,18190,8594,0,0,0,0,3144,4948,14610,8798,10580,361.8,0,640.1,3349,0,965.1,447.2,10920,2236,2705,252.9,3782,0,431.3,304.7,309.2,3852,5653,7118,392,5549,4762,4179,0,0,355.9,274.2,250.7,312.7,361.2,0
423.20582@11.53,733.9,2775,2434,2399,1327,3123,4612,3770,0,3378,3568,4657,1051,3697,5347,5273,1229,3460,3839,1712,1092,4529,4519,6188,1162,2991,3766,3260,1083,3892,3946,2632,3160,2970,6597,5369,2653,1484,5373,5953,865.2,5068,8859,6132,3395,5502,9162,5191
534.42316@11.54,5578,552.7,384.8,0,2154,5639,3443,2601,0,1041,0,1326,1018,1044,1780,2468,2671,188.4,473.6,227.7,721.4,138.4,296,0,2295,345.9,407.9,139.1,738.5,0,0,0,0,536.7,2095,2230,0,1394,994.6,1353,0,0,159.5,0,0,0,0,0
532.41759@11.54,117400,8142,7137,6319,41330,113000,85580,33880,72780,18630,14190,27460,12710,19530,34560,33800,44890,417.1,8843,2738,16030,932,4678,1432,42530,6205,7445,422.2,14470,0,1533,287.5,1061,14070,23620,27350,640.4,14690,21620,19900,214.1,303.9,448.9,204.4,313.7,0,319.2,219.2
441.39839@11.56,929.1,4058,3053,2577,1275,3169,3313,5092,0,2008,4547,2917,818.1,3589,3367,3845,1096,8496,8175,8542,917.2,14210,6886,8658,1455,8059,9373,11860,1031,12370,7178,8880,788.6,941.9,2890,1746,591.7,1098,2473,1600,557.8,7694,8234,8889,602.4,12970,8179,7558
440.39994@11.56,4343,17300,16010,15460,4308,12390,13300,15280,6082,11380,21950,17480,2615,13590,13170,15580,3829,34480,40620,37740,2368,45250,27080,34940,4807,31260,38240,47410,3183,52550,27560,34850,2579,3415,11300,6174,964.6,3200,9866,5873,1841,31000,32260,34700,2419,57290,33900,35530
442.39015@11.56,266.5,1046,594.2,690.2,307.6,702,687.7,777.8,344,451.6,825.8,804.5,262.4,583.5,584.8,849.6,297.1,0,1524,1754,202,2048,1145,1450,255.8,1446,1669,2080,209,2287,1207,1530,0,220.7,528.4,320.7,165,274.9,402.6,0,169.5,1355,1344,1520,206.8,2198,1502,1769
316.22494@11.57,284.1,0,886.8,538.4,1878,1361,1856,1998,0,568.4,482.7,0,1166,1900,1861,1703,491.7,927.9,1024,0,1502,1154,1740,1586,445.7,1139,608.7,0,1532,1138,830.8,1484,1095,1027,1631,1216,971.1,738.3,1151,977.9,1759,1326,1934,1944,1501,1269,940.7,1130
374.35928@11.57,2843,1626,1514,678.3,3955,1676,2937,1349,4219,2235,1866,2132,7168,2241,3178,2723,3103,2160,1902,1919,3354,3662,3828,4809,3107,1699,1956,1999,3069,3861,3522,4821,3106,1519,5474,2460,3876,4038,1942,2161,3607,2643,5430,2675,3646,4311,2958,5584
472.43576@11.58,399.7,255,0,930.4,0,142,0,0,0,0,224.7,0,0,0,0,0,0,0,0,0,0,0,0,0,0,0,0,0,0,0,0,0,0,0,0,0,0,0,0,0,0,0,0,0,0,0,0,0
320.24039@11.59,403.1,0,361.7,431.3,1628,1347,1408,715.1,0,0,382.6,429.7,1574,1653,1982,2123,470.1,1368,1594,869.4,1842,1790,2284,3201,587.9,992.2,1251,904,1781,1879,1751,2479,2404,1630,818,1409,2233,1449,1018,1261,2424,2263,2171,2556,2439,1973,1857,2484
601.93255@11.6,0,0,1306,0,0,0,0,0,0,0,0,0,0,0,0,0,0,0,0,0,0,0,0,0,0,0,0,0,0,0,0,0,0,0,0,0,0,0,0,0,0,0,0,0,0,0,0,0
430.38067@11.62,0,2651,0,2337,450.3,489,556.2,580.1,7137,7130,3866,0,571.1,535.2,622.1,448.9,5298,10870,14820,15480,431.1,1072,1013,3068,6264,10200,19520,14680,488.2,589.1,447.7,0,0,609.7,472.5,572.6,0,588.4,0,0,445.7,851.5,1422,909.4,471.3,1213,1673,975.4
271.31076@11.62,2408,3070,2554,2712,304.5,605.1,246.8,249,0,2653,0,2866,553.7,736.8,575.6,250.8,4135,3559,3073,3071,518.8,1128,565.9,778.3,3580,3719,3052,4654,633.8,591.1,586.5,582,2722,2884,3462,2571,2848,3194,2887,3976,3585,3645,4115,2571,1394,2507,3125,1295
1004.24926@11.61,0,0,0,0,0,0,0,0,0,0,0,0,0,0,477.1,1516,0,0,0,0,0,0,0,0,0,0,0,0,0,0,0,0,0,0,0,0,0,0,0,0,0,0,0,0,0,0,0,0
270.31295@11.62,19440,19460,22580,23680,1190,3381,887.9,640,26610,22450,23910,24670,3129,2814,3511,926.9,27680,23400,23150,20590,2835,4458,3711,4626,23660,24090,19400,31070,2812,4246,3006,3432,17570,19420,22670,17250,17580,20180,18830,19030,21920,23750,25720,18930,8223,17550,20500,8858
796.56685@11.62,1368,0,0,0,849.8,297.6,0,0,814.8,0,0,0,147.5,365.7,237.7,245.5,168.3,0,0,0,259.2,0,0,0,0,0,0,0,194.2,0,0,0,0,0,0,0,0,0,0,0,0,0,0,0,0,0,0,0
484.21099@11.63,0,0,0,0,0,0,239.5,0,0,180.8,0,0,173.2,0,0,0,0,124.9,0,0,0,0,0,0,0,0,251.8,0,0,0,0,165.9,0,490.2,206.9,151,0,293.9,0,190.3,198.8,260.3,0,0,0,0,201.7,150.3
1030.50271@11.65,0,175.9,256.9,424.9,0,0,0,0,155.4,0,0,0,0,0,0,0,0,0,0,0,0,0,0,0,0,0,0,0,0,0,0,0,0,0,0,0,0,0,0,0,0,0,0,0,0,0,0,0
1028.50657@11.65,130.5,175.2,450.4,519.6,0,0,0,0,269.2,0,0,0,0,0,0,0,0,0,0,0,0,0,0,0,0,0,0,0,0,0,0,0,0,0,0,0,0,0,0,0,0,0,0,0,0,0,0,0
377.12929@11.64,235.7,0,0,0,0,0,0,0,0,316.2,0,0,0,0,0,0,0,0,0,0,0,0,0,0,0,0,0,0,0,0,0,0,0,0,438,0,0,0,1226,0,0,0,124.5,0,0,0,0,0
297.08514@11.66,0,0,4548,0,10960,28350,13930,13420,0,0,4139,5573,16740,22690,19500,21480,1345,1295,7083,7153,35410,10900,15090,18200,4778,1244,1421,1354,43480,24300,29220,29840,44000,37330,33070,36930,46350,22250,27130,22190,21910,18800,15280,14680,25180,18030,14700,12160
369.01622@11.66,0,0,0,0,408.3,297.2,253.7,313,0,0,0,0,302.1,310.3,367.6,316.4,0,0,0,0,436.1,167.7,493.5,332.1,0,0,0,0,336.5,297.1,327.7,359.2,357.2,281.5,277.2,323.2,311.3,298.7,204.8,239.9,304.2,390,321.5,352.8,296.8,0,385.9,350.5
339.10644@11.66,379.9,0,0,0,594,593.2,596.9,702.1,479.1,380.4,589.4,0,1095,531.9,669.1,502.6,640.9,204.3,0,0,651.7,310,572.7,542.7,390.2,0,0,0,495.6,407.6,538.6,408.4,667.3,486.1,630.9,492,387.1,442.9,610.2,440.6,472.4,564.6,593.5,0,497.2,650.6,611.7,474.8
461.21395@11.67,306.9,382.5,315.5,340.3,288.6,0,0,0,406,474.7,454.5,0,0,279.1,0,303.2,391.5,179.1,0,375.1,0,0,0,0,0,0,429.4,442.3,345.6,0,0,250.7,0,0,0,0,233.4,0,0,0,293.1,1873,346.1,1484,274.7,417,0,531
380.28552@11.68,0,0,0,0,1638,3067,2077,2815,448.1,411.7,4094,3189,2431,659.6,2410,3557,0,1518,2177,1994,592.7,473.9,1379,1771,459.9,721.7,614.7,1965,1390,556.7,465.7,559.6,2713,3339,2782,3968,1581,2533,788.1,2158,563.2,503.2,581.3,574.6,1934,485.2,1296,1348
550.42666@11.69,178.4,317.2,485.5,216.2,0,0,0,0,0,202.1,1246,0,0,0,175.2,0,125.1,329.5,1312,786.2,0,0,120.8,0,273.1,1052,1020,3385,0,0,0,124.1,0,156.5,198.3,188.2,0,245.6,112,151.9,0,848.2,778.7,832.8,0,1184,990.9,602
926.42985@11.7,0,0,0,0,0,0,0,0,0,0,0,0,0,0,0,0,0,0,0,0,0,0,0,4193,0,0,0,0,0,254.4,0,0,0,0,0,0,0,0,0,0,0,0,0,0,0,0,0,0
510.24853@11.7,0,1105,400,445.9,908.8,1176,707.1,628,0,1059,0,995.3,343.9,742.5,1595,1194,419.1,750.3,0,1601,419.5,2085,1336,2520,888.3,801.9,757.5,812.5,953.3,1728,1773,731.4,0,331.5,1071,711,349.6,246.6,1111,488.9,233.9,627.6,970.5,708.3,296.3,380.2,913.8,535.4
548.36976@11.7,630.8,584.2,0,0,160.4,210.4,0,216.6,890,0,0,444.3,201.2,0,210.7,206.8,509.5,193.9,0,235.2,158.5,0,0,226.7,531.7,0,0,220.1,0,0,190,0,212.4,162.1,248.5,256.6,169,212,0,150.8,163.8,240.8,161.1,0,0,178.6,199.8,0
509.24149@11.7,2113,4392,3242,3082,3018,4274,5132,3351,2433,4572,3747,5170,2605,4035,4000,4427,2757,4634,3165,5066,2197,7607,7418,8497,2360,4519,4517,5408,2513,6032,5460,3750,1877,2209,2596,2478,1543,2189,3066,2788,420.4,3939,5358,3901,830.1,1838,4666,2740
504.27973@11.7,1411,1665,2434,2443,816.6,1553,1836,1508,1121,1256,1688,1357,496.9,1827,1447,1736,417.2,1628,1366,1532,600.7,3096,3235,4011,913.6,1421,1488,1354,1009,3705,2435,1823,0,0,0,0,699.2,0,1131,980.8,323.3,818.1,2192,1565,533.4,644,1907,1474
778.22856@11.75,57560,0,130300,171700,510.5,912.5,441.4,205.6,0,4356,5599,9991,1264,971.4,663.1,816.3,0,1768,0,1929,7884,9362,12050,12630,925.9,1386,726.3,1112,14940,15300,23170,0,27830,15970,15420,8544,16350,8538,13590,9506,10760,3375,13700,4819,5717,3449,4433,6008
515.10649@11.74,0,0,0,0,0,0,156.9,0,0,0,0,0,0,0,1631,1017,148.6,0,0,0,0,743.5,1055,0,0,0,0,0,0,2478,1474,1728,0,11700,10770,366.7,0,819.5,0,1167,0,0,0,388.9,0,0,0,0
1074.44405@11.75,0,144.9,0,0,221.6,0,243.2,0,0,0,0,0,0,0,0,175.1,0,251.8,0,0,0,0,127,0,265.8,347.5,752.6,385.3,0,0,116.7,0,0,143.8,177.6,143.8,137.2,0,173,135.3,0,0,0,0,0,0,139.9,0
891.26077@11.76,0,0,0,0,0,0,0,0,0,0,0,0,0,0,0,0,0,0,0,0,0,968.1,312.2,954.4,305.8,0,191.5,0,1226,277.3,668.3,348.1,310.3,349.9,209.5,361.8,514.1,1999,249.1,363.5,176.4,0,0,0,0,541.4,139.8,361.7
454.30737@11.78,2267,1725,6902,3437,1037,649.1,10240,7797,3100,940.9,10250,4908,1058,595.2,8998,6241,3516,1035,2312,1158,1402,2013,1362,1491,4256,1280,2377,1651,1185,1482,1447,1567,565.5,371.5,5012,3172,719.2,271,5935,3307,448.6,2077,2004,2100,768,2175,2591,2335
454.26783@11.78,1869,1318,4332,1882,962.2,559,8187,4387,0,565.7,0,3246,0,274,7091,0,2762,0,1405,679.5,0,0,0,1010,3234,716.7,1470,885,996.5,923.7,1028,658.4,499.4,0,3946,2263,443.7,218.5,3873,2143,0,0,1468,0,0,0,0,0
516.10239@11.81,0,0,0,0,0,545.6,0,0,0,0,0,0,0,4952,1035,726.6,0,0,0,0,0,621.1,4489,962.4,0,0,0,0,0,6390,3770,5920,0,3751,4686,0,0,348.6,387.6,0,0,0,0,359.5,0,257.6,481.8,0
861.19512@11.81,235.4,0,2088,457.6,0,0,0,0,0,0,0,0,0,0,0,0,0,0,0,0,0,0,0,0,271.5,0,0,0,0,0,0,169.3,0,566.7,289.5,1675,794.1,683.6,350.1,628.5,311.9,304.5,0,201.9,342.4,205,286.3,211.6
492.41849@11.81,1476,651.9,511.9,461.3,0,1143,836.1,338.8,1274,225.9,848,1245,0,0,340.3,576.9,767.5,0,263.5,197.3,152.4,0,147.1,0,708.4,0,253.4,0,0,0,0,0,0,0,203.1,253.1,0,0,220.7,199.7,0,0,0,0,0,0,140.9,0
325.03024@11.82,0,0,0,0,0,0,0,0,0,0,0,0,0,0,0,0,0,166.2,0,0,0,3349,1553,2435,0,0,0,138.5,0,2141,295.7,461.4,0,0,0,176.4,0,0,0,145.4,0,0,0,129.6,0,0,0,0
551.19574@11.83,0,0,228.1,211.6,0,124.3,0,140.9,0,223.6,0,185.1,0,462.8,490.9,0,248,0,216.1,0,654.1,262.9,0,0,0,0,0,0,422.9,415.6,0,0,8007,2884,2911,223.8,177.8,617.8,0,257.5,331.2,358.8,390.3,276.7,320.2,0,0,160.8
326.02972@11.83,0,0,0,0,0,0,0,0,0,0,0,0,0,0,0,0,0,0,0,0,0,693.9,213.7,397.8,0,0,0,0,0,345.2,0,0,0,0,0,0,0,0,0,0,0,0,0,0,0,0,0,0
316.21902@11.83,0,519.4,1521,623.2,3477,2484,3862,4913,0,0,1094,1421,2599,2515,2521,3420,341.9,1032,1225,407.5,2169,1375,2305,2020,0,1421,478.1,605.8,2741,1325,1274,1575,1700,1521,3399,3192,1218,1164,1590,1430,2297,3396,2184,3290,2046,933.6,1030,1517
468.38279@11.83,7123,2493,1932,2361,21840,27490,20300,23870,19050,2508,2483,2036,19750,18360,28480,29240,18620,15700,18250,20090,2664,23780,16620,3012,2774,23630,20970,27740,24130,17680,18180,19870,2410,18430,16890,19810,2659,10190,17760,18560,0,23780,18620,23690,2088,19220,20740,18660
450.11792@11.84,0,0,0,0,0,339.6,0,0,0,0,0,0,0,417.1,505.6,1835,0,0,0,0,0,475.3,3021,0,0,0,0,0,0,2658,1175,2568,219.1,342.3,417.6,0,0,300.5,287.8,295.9,0,0,255.6,177.6,0,248.6,0,0
730.13591@11.85,256.8,150.3,448.9,0,0,264.3,0,0,219.8,0,0,0,0,0,965.5,448.5,0,0,0,0,0,524.1,675.3,491.4,0,0,0,0,228.2,4351,460,4149,235,270.7,301.9,362.7,163.8,226.8,344,344.3,0,0,0,0,161.7,230.5,412.4,192.4
390.13961@11.85,238.2,237.1,1146,1053,0,0,0,0,218.2,144.1,0,0,0,138.2,0,0,0,0,0,0,0,0,0,0,198.5,0,0,0,0,0,0,182.2,0,226.3,150.5,162,0,0,192.8,162.7,0,0,0,0,0,0,184.7,0
506.29109@11.84,0,648.3,0,0,811.9,1572,1259,1463,0,1000,1188,0,763.3,1186,890.4,747.3,542.2,1796,1899,1719,1131,1531,1194,1506,1329,2355,1888,2155,762.8,1054,1151,1985,1058,1778,1328,1208,972.5,1367,1208,1562,736,2968,1932,3090,1443,1914,953.9,1459
490.31523@11.85,1344,2025,995.2,1499,2604,4919,3388,3577,1456,2675,3191,2713,1721,2619,2496,1909,1547,5519,5624,5184,2077,2832,3356,2654,1846,6900,5296,5900,1686,3876,3426,5878,2175,3376,3440,3051,2013,3625,3214,2891,1554,8996,4972,9530,1915,6569,2448,4167
274.24744@11.85,950.5,1779,1743,1934,2443,2995,3592,4780,1280,2279,2290,2822,2123,3045,2984,2102,878.5,1924,2016,1958,1970,3537,4474,4696,1308,2362,2064,2082,1697,0,3795,2333,0,855.2,1493,1485,916.1,1081,1769,1318,663.9,1172,2147,1480,799.8,1443,2439,1978
320.24177@11.87,468.3,464.6,0,417.8,3993,4970,4362,3457,0,2904,584,459.5,4293,4722,4521,3248,0,5663,5639,2364,3986,5556,6842,9419,566.4,5004,899.6,4088,1054,7210,4690,7653,7344,4031,2808,2551,7202,3020,3630,2745,7270,8240,7699,8336,7723,6230,5049,6815
545.11371@11.87,248.3,0,0,0,0,2879,0,158.4,209.8,0,201.5,0,218.9,256.4,203.3,0,0,0,0,0,182.5,0,0,0,223.7,0,0,0,0,320.8,0,264,0,279.2,220.4,223.7,451.7,290.8,452.5,0,220.5,0,284.1,0,188.6,0,0,0
407.07477@11.87,0,0,0,0,0,0,0,0,0,0,0,0,0,0,0,0,0,0,0,0,0,0,291,0,0,0,0,0,0,426.7,163,247.6,0,0,0,0,0,0,0,0,0,0,0,0,0,0,0,0
590.34541@11.87,1092,984.5,1012,1400,391.8,1139,1022,1093,204,968.6,1546,967.3,930.7,1415,1271,1420,369.1,1332,1405,1126,1323,2434,2571,2755,337.6,1213,1426,1191,646.5,1482,1761,1255,261.1,311.3,308,282.7,188.5,290.8,236.2,209.1,180.7,352,421.3,614.8,0,195,359.4,0
595.2835@11.87,1625,2641,1414,3192,1835,3291,3907,4324,1962,3397,3652,3388,3432,4605,5928,5808,3056,3652,3378,3516,1809,6523,6954,7922,2807,3342,3162,3184,4187,2592,6330,4294,524.9,657.1,576.3,4227,590.9,4929,3008,2622,462.1,2150,1829,864.6,495.4,520,2664,607
596.26807@11.87,345.5,1545,662,765.6,379.7,584.3,731.6,648.3,0,891.6,535.7,0,442.4,4747,2106,4362,474.2,627.5,643.2,740.2,502,1193,3575,2461,320.9,1333,636.8,736.4,431.9,2371,1030,747.4,485.8,0,364.1,388.1,392,487,407.8,0,440.5,1484,515.8,441.6,446.4,271.8,453.1,340.4
532.3995@11.87,20300,1586,1823,1387,484.9,1077,794.4,600.3,21380,2577,0,5447,320.3,321.9,411.2,552.8,5434,284.1,1689,382.2,293.1,0,209.2,231.1,7062,871.1,1212,360.9,365.4,249.6,277.1,241.4,288.9,298,380.9,343.8,0,280,319.7,297.3,218.1,295.7,311.2,202.6,0,235.8,274.8,210
540.44078@11.89,3116,3549,3554,3252,2967,3609,3417,3840,3031,3298,21780,3774,0,22350,3495,24010,3222,23650,28230,25650,2881,24630,25080,24390,2919,22310,22340,24590,2800,25660,20640,25900,2773,2622,3062,2832,2934,2672,2985,2735,2814,21110,25000,22750,2625,22900,24490,25630
446.12116@11.9,0,4182,9424,11710,348.7,0,0,0,3957,0,684.7,1560,0,0,0,0,961.1,533.2,0,391.5,0,0,0,144900,0,0,0,487.2,7545,141900,122500,127100,16170,129500,24330,0,6217,0,0,109700,4977,0,0,11630,0,0,0,0
459.19416@11.88,0,0,0,0,0,354.8,0,423,479.2,536.5,450.8,538.2,0,262.5,323.7,1774,0,472.3,0,0,0,0,0,0,0,558.9,0,0,354.2,0,399.4,0,0,0,0,299.4,0,0,0,384.4,0,580.7,448.9,2699,266.8,383.3,414.5,424.9
457.15418@11.9,0,0,210.4,0,805.3,148,0,166.3,0,0,0,0,0,0,0,136.9,350.3,0,0,0,0,285.6,0,186.7,0,0,0,0,0,208.8,221.4,0,307.1,0,0,0,0,0,0,0,171,0,377.6,286.6,0,389.8,0,0
536.18007@11.94,175.7,0,136,0,248.1,226.2,195.8,2904,0,0,0,0,0,153.2,207.1,2697,0,1169,5401,26050,0,0,0,0,250200,0,0,658.8,142,170500,0,170400,242000,269500,0,0,249200,0,965.7,261000,0,0,399.3,0,0,62970,0,44560
555.22141@11.92,0,5841,417.9,4589,350.6,425.3,0,326.8,0,396.6,363.6,420.1,0,459.6,346,0,400.9,339.7,0,365.8,403.3,302.2,0,0,0,0,0,425.3,387.6,443.1,425.3,308.8,392,587.9,309.2,311.7,353,452.4,281.4,345.6,388.6,451.8,341.3,407.7,425.6,0,0,386.1
362.32904@11.93,176.4,0,206.6,0,755.3,4412,716.2,662.6,0,146.4,0,176.2,4656,4881,5390,715.2,166,229,223.1,0,4601,3835,4430,5125,0,0,0,264.8,6443,5417,5008,4349,0,230.1,222.5,235.2,0,0,220.4,169.5,153.9,0,152.5,234.9,218.4,0,208.7,226.7
268.25256@11.94,0,178.5,177.3,153.6,224.3,1652,273.3,265.8,0,184.6,240.5,246.7,1494,1247,1539,240.1,255.8,0,171.5,238.9,1688,1696,1591,1930,132.6,0,196.5,0,1598,1691,1200,1565,200.5,0,221.8,0,0,0,199,0,231.6,248.2,0,239.9,0,198.8,153.9,218.1
473.04817@11.94,0,0,0,0,1273,1103,1194,825.1,0,0,0,0,831.6,824.3,699.8,316.6,0,0,0,0,841.4,0,1844,758.5,0,0,0,0,255.6,0,794.8,864.2,0,345.3,0,265.9,366.7,303.6,211.4,224.8,783.1,501.5,1140,738.8,782.2,653.5,291.9,636.3
474.04218@11.95,0,0,0,0,529,0,159,214.4,0,0,0,0,145.2,236.3,119.9,0,0,0,0,0,169.6,0,139.7,0,0,0,0,0,0,0,0,0,0,0,132.3,0,0,0,0,0,160.9,0,0,198,152.4,0,157.4,207.4
729.14132@11.94,0,0,999.9,1145,0,5948,550.8,0,509.8,0,0,166.7,272.4,889.9,7423,1274,0,0,0,0,660.6,11210,15010,12610,0,0,0,0,585.7,1049,9840,10170,628.5,4300,1054,0,0,793.2,1095,1188,669.6,613.5,701.2,948.4,582.2,758.2,704.6,0
822.48728@11.95,980.1,0,0,0,0,0,0,0,357.2,803.5,288.8,1107,0,0,0,0,989.3,1228,0,0,0,0,0,0,0,0,349.9,0,0,0,0,0,0,0,0,0,0,0,0,0,0,0,0,0,0,0,0,0
360.36147@11.95,6825,10690,5095,6878,21420,165800,20790,21370,6292,7399,7073,8830,161400,153900,169400,21320,6723,6865,6579,8979,157100,163200,155900,177200,6652,8461,7918,8561,159700,164100,163900,163400,6020,5771,9115,4949,6317,5317,5495,5684,6907,5081,5148,5153,5064,7425,4993,5182
668.17953@11.97,521.5,207.3,900,0,0,0,0,0,0,194.6,0,259.4,458.2,1066,553.9,1058,144.1,0,0,0,871.1,1231,814.7,1167,0,0,0,0,597.3,440.6,1166,741.6,713.2,6609,937,1012,1065,486.3,842.6,0,866.5,726.8,664.1,3023,844.7,692.2,612.5,902.5
525.42304@11.96,239,1977,3230,1901,234.5,1211,13080,9986,1035,0,3366,5648,174.8,407.6,25350,12420,241.6,188.7,233.4,188.5,208.2,157.6,175.3,200.8,183,254.2,239.8,165,201.7,137.3,216.4,0,152.9,224.7,1057,366.2,0,156.5,2490,276.4,232.9,213.8,243.9,187.2,0,0,212.6,154.5
524.4428@11.96,671.2,4038,13570,8834,0,6685,59100,43330,1606,1539,15350,25530,287,2246,68270,57470,329.3,284.3,331.4,246.6,264.5,278.8,198.5,265.6,0,0,0,233.4,252.1,0,247.9,202.9,342.7,883.7,4863,4046,642.7,2666,7476,2695,532.9,385.2,497.7,396.2,0,0,0,165
361.36103@11.96,1153,1923,945.8,2231,0,40130,6180,3684,827.6,1303,2318,1339,36960,35780,35550,3987,879.4,0,778.5,1913,34800,38320,36970,42060,923.7,1191,1276,1368,31730,0,36750,36060,1437,1387,1653,1652,894.4,900.3,885.4,1762,935.3,787.1,825.3,752.7,1647,857.2,904.9,867.6
579.91851@11.96,0,0,1545,0,0,0,0,0,0,0,0,0,0,0,0,0,0,0,0,0,0,0,0,0,0,0,0,0,0,0,0,0,0,0,0,0,0,0,0,0,0,0,0,0,0,0,0,0
751.1833@11.99,308.1,216.2,303.5,464.6,0,0,0,0,167.8,0,0,0,278,516.5,204,510.9,0,0,0,0,3604,552.1,439.3,557,0,0,0,0,420.1,392.9,554.9,491,0,493.1,0,0,562.2,263.3,447.3,0,4185,402.2,431.7,346,462,289.1,432.7,509.6
613.16507@12.01,1029,4600,577.4,2491,0,159.2,0,0,405.5,294.9,857.3,308.9,11840,15680,12150,13990,0,4437,0,317.6,0,15220,13490,8906,224.2,0,254.5,0,122500,0,38480,149400,13220,12980,12350,13980,0,13620,10010,10220,10410,9832,10070,8905,10310,9361,11690,10040
719.2192@12.0,238.6,0,297.4,0,0,233.8,212.2,0,0,0,0,0,228.1,327,338.5,452,0,0,0,0,262.7,551.3,3943,604.8,0,0,0,0,431.4,3561,358.8,3405,602.6,439.4,504.3,601.8,425,454.7,513.1,597.7,3812,452.7,341.8,594.4,3362,443.3,447.1,548.3
759.55691@12.01,0,739.9,0,0,453.4,2123,1857,5042,0,846.7,1417,4623,0,0,179.2,119,0,0,0,0,0,0,0,0,190.1,0,0,0,0,0,0,0,0,0,0,0,0,118.2,175.7,0,0,0,0,0,0,0,0,0
702.21489@12.03,0,0,0,0,441.6,409.7,318.4,2657,0,2478,3788,12010,0,0,23290,56780,886.5,0,0,367.2,48020,59220,36310,61730,0,120.7,145.6,0,31140,13690,0,31640,44080,31710,63430,62080,54220,18550,0,0,59150,32010,31190,29080,44810,28960,0,39460
676.35261@12.03,177,420.7,449.7,0,252.1,616.2,794,749.3,0,660.7,532.1,237.3,259.5,657.4,828,769.8,270,656.1,727.3,555.1,276.3,1186,1421,1345,0,740.8,720,604,261.8,882.5,986.7,411.6,0,0,0,104.9,0,130,0,0,0,137.5,0,0,0,0,0,0
681.3218@12.03,819.9,1434,1078,1111,1098,1844,1673,1828,701,1884,1541,1443,860.9,1616,1808,1758,863.1,1901,1939,1745,905.7,2570,2769,3119,867.5,2050,1810,1566,867.2,2241,2137,1651,237.6,241,0,242.9,223.1,229.3,216.6,233.2,183.8,308.3,299.8,349,184.7,147.1,242.8,241.2
730.23782@12.03,0,0,1151,0,0,0,0,0,0,0,236,483.3,813.2,0,929.2,1783,0,0,0,0,1476,1850,1184,1957,0,0,0,0,1091,525.2,1363,1227,0,11990,2022,2132,1771,777.8,1318,2778,1949,1234,1103,1065,1599,1218,1293,1480
480.34958@12.03,1855,2524,2570,2440,1236,422.7,4635,5113,1494,1064,4251,3726,466.8,412.8,3907,4046,2030,1209,1590,1249,1677,1141,464.4,922.1,1967,408.8,1034,1322,1878,1559,713.7,1440,434.1,381,2634,2206,392.5,388.3,2831,2876,384.6,1562,1711,1209,0,2961,1735,2333
756.50488@12.03,204.9,0,0,0,1068,988.4,2235,1685,0,0,0,0,0,0,0,0,0,0,0,0,0,0,0,0,135.7,0,0,0,0,0,0,0,0,0,0,0,0,0,0,0,0,0,0,0,0,0,0,0
855.38626@12.04,0,0,0,0,194.8,0,0,0,0,0,0,0,0,0,219.1,0,718.6,0,0,0,0,0,0,0,0,365,0,0,0,1311,0,0,1739,0,560.1,1145,1822,0,0,0,0,0,0,0,0,0,0,0
752.18315@12.04,0,0,211.3,319.5,0,0,0,0,0,0,0,0,0,361.5,210.8,403.1,0,0,0,0,381.3,401.4,233.7,3109,0,0,0,0,306.2,289.5,343.5,355.9,385,0,365.5,458.8,381.2,286.1,0,505.2,430.4,349.8,302.8,249.5,255.9,291.1,0,335.7
682.30879@12.03,0,321.2,303.8,229.2,192.3,501.2,414.1,478.2,0,550.7,453.3,209.7,181.3,0,535.5,547.9,261.1,414.4,668,683.8,210.5,1023,680.3,643,0,477.2,432.2,582,194.6,817,501.6,326.1,0,186.2,0,0,0,0,0,0,103.7,189.1,0,201.1,0,0,0,0
822.23486@12.04,444.6,4815,645.6,908.1,0,0,0,0,536.9,0,0,0,0,0,0,0,0,0,0,0,142.3,170.9,158.3,201.2,0,0,0,0,0,171.9,198.1,0,328.1,191.4,0,233.4,251.8,123.7,184,202,210.4,0,190.6,174.3,0,0,0,179.5
967.29144@12.04,0,0,0,0,0,0,0,0,0,0,0,0,0,0,0,0,0,0,0,0,0,4135,276.8,532.2,0,0,0,0,683.3,0,500.7,256.2,0,0,0,0,0,0,0,0,0,0,0,0,0,0,0,239.7
558.44021@12.05,6151,502,0,0,3906,5620,3806,2246,4382,2714,1005,1667,1415,2553,3528,3363,3539,393.3,2683,476.3,1682,424.7,0,450.8,4475,661.9,757.6,0,1975,420.1,0,297.8,430.6,706,2631,1569,539.6,3028,0,0,0,428.6,444.1,479.4,384.8,0,308.7,430.8
525.15546@12.06,0,0,0,0,0,0,0,0,0,0,0,0,217.6,0,133.7,0,0,0,0,0,0,0,0,0,0,0,0,0,0,0,0,232.3,309.4,270.7,0,303.7,202.6,618.5,0,0,0,0,0,241.8,0,0,225.5,0
747.21801@12.06,0,0,1140,0,0,159.4,196.4,0,0,127.7,0,108.8,165.9,255.8,276.6,360.1,0,0,0,0,244.8,320.7,0,4073,0,0,0,0,0,254.6,361.2,2726,345.8,266.7,408.7,3313,323.5,228.3,271.4,489.5,346.6,0,399.5,398.1,0,340.7,276.4,0
666.12666@12.06,0,0,0,0,0,3174,0,0,0,0,0,0,0,299.8,400,0,0,0,0,0,0,173.9,0,240.7,0,0,0,0,0,160.3,262.6,250.1,0,0,0,2257,0,291.4,167.6,1393,0,213.3,160.5,236.6,0,0,333.9,0
492.22239@12.08,0,142.9,0,0,128.3,135.9,0,151.1,104.2,0,0,0,0,0,0,0,0,0,0,0,0,118.3,0,0,0,0,0,0,125.2,0,0,120.6,123.3,173.3,0,0,0,0,0,115.4,152.9,476.2,900.3,548,0,302,1552,332.2
758.5406@12.07,0,135.6,191,0,2682,13150,10800,8857,360.4,197.9,344.6,321.9,136.9,0,0,170.1,0,0,0,0,0,0,0,0,1079,0,0,0,0,0,0,0,0,0,0,0,0,0,0,0,0,0,0,0,0,0,0,0
450.12411@12.07,0,0,251.9,317.7,0,0,2404,1969,0,0,0,0,140.3,0,254,556,141.1,0,135.6,0,240.1,306.1,277.9,0,0,0,0,0,0,222.4,231,304.2,0,294.6,327.7,3093,231.8,240.4,2345,287.7,0,2523,928.2,1211,0,1619,448.9,2078
454.17441@12.09,0,169.6,0,0,868.7,1335,504.7,931.1,0,0,219,0,569.8,588.3,641.2,1578,0,209.3,0,0,677.2,274.8,469.1,567.1,0,239.5,231.1,267.6,322.3,326.3,460.3,520.8,0,346.8,213.5,320.3,361.1,316.3,272.7,238.3,361.8,381.9,987.3,494.2,399.2,491,528.9,430.1
517.10042@12.09,0,0,0,0,0,0,6685,5267,0,0,0,0,0,324.7,0,514.1,0,0,0,0,0,0,0,342.5,0,0,0,0,0,0,178.3,0,0,0,244,4487,0,0,455.6,0,0,3471,4367,3312,0,620.5,4168,4021
631.18103@12.12,0,1083,0,285.7,0,440.9,0,141.1,120.1,708.3,435.1,935.7,1004,3434,1823,3002,3922,0,0,0,0,4674,3601,3940,0,0,0,0,3373,3449,4981,4139,0,4873,5821,0,0,1179,2830,1671,0,1169,0,933.2,1694,1114,1846,0
491.21717@12.1,0,164.7,0,0,0,219.7,0,0,0,0,0,0,0,268.7,239.9,0,0,0,196.2,0,0,0,0,0,0,350.9,286.9,298.6,183,207.4,0,0,0,0,278.8,0,291.7,319.3,0,232.9,301.9,1019,3950,2962,205.2,893.6,2896,2743
617.12224@12.12,426.4,2343,1742,960.6,0,218.8,0,0,409.3,208.4,404.6,172.7,5248,7253,5118,6192,271.4,0,0,200.7,7710,7314,5808,4208,0,0,0,0,11030,4732,6515,7250,7103,7189,6568,7514,5032,5791,4112,4130,4972,4180,4365,0,4683,4081,5137,4447
759.54027@12.11,386.1,0,0,0,559.4,7221,2267,1650,225.7,342.4,0,0,0,0,164.5,0,137.6,0,0,0,148.6,0,0,0,299.9,0,0,0,0,0,0,0,0,0,0,0,0,0,0,0,0,0,0,0,0,0,0,0
473.09544@12.12,0,0,0,0,287.3,0,0,321,0,0,0,0,0,484.6,355,309.3,0,168.6,0,0,310.3,0,357.1,230.8,0,0,0,0,0,1865,185.2,309.4,0,283.5,1741,0,272.5,0,235,0,167.9,340,509.5,1099,203.8,265.6,278.8,0
760.56355@12.12,1694,0,302.5,0,1085,4516,1129,1041,2016,267.6,335.1,0,0,287.2,385.2,355.2,361.6,234.9,225.3,0,286.1,306.7,313.1,230.4,313.8,316.7,344.8,0,314.9,294.4,0,310.7,387.7,366.7,1073,271.8,204.5,0,0,0,0,0,0,0,0,0,0,0
419.03178@12.13,0,0,0,0,0,0,0,0,0,0,0,0,0,0,0,0,0,0,0,0,0,0,0,0,258.5,0,0,0,0,0,207,341.4,384.8,1438,162.9,456.8,1060,320.6,0,496.8,0,293.4,0,279.2,0,0,0,0
560.50261@12.13,18470,2400,1959,4173,9108,26320,16170,8158,17710,7545,4287,15990,2640,0,21320,26160,9209,8831,3296,583,2697,898.8,1552,1273,24630,1586,1925,1512,7035,6054,760.5,679.9,855.6,7507,4502,9423,663.7,6530,3321,7542,851.5,807.1,654.2,593.2,511.9,653.8,702.6,728.6
486.11224@12.1,0,0,0,0,0,0,2618,14130,0,0,0,0,0,0,0,1495,0,0,0,0,0,887.2,1244,864.9,0,0,0,0,0,0,755.4,1167,515,0,1054,1162,0,0,0,608.3,0,0,2782,1875,0,0,0,1966
597.14558@12.14,262.3,3771,196.1,388.7,0,254.2,0,120.9,0,0,177.5,0,1127,2136,1226,1617,0,0,0,0,1047,1380,912.7,992.7,0,0,0,0,1850,924.4,1139,1306,0,1158,1034,0,1092,1437,0,881.7,1267,875.2,1293,733.6,1062,970.9,1138,859.1
758.54061@12.13,1782,0,0,140.9,0,3980,3612,2721,472,0,292.1,0,163.1,0,268,146.2,0,0,0,0,224.9,0,0,0,0,0,0,0,0,0,0,0,0,0,133.8,110.7,0,0,0,0,0,0,0,0,0,0,0,0
557.91426@12.14,0,0,412.3,0,0,0,0,0,0,0,0,0,0,0,0,0,0,0,1103,0,0,0,0,0,0,0,0,0,0,0,0,0,0,0,0,0,0,0,0,0,0,0,0,0,0,0,0,0
561.45849@12.14,5273,0,630.8,0,1809,6964,3912,1938,7989,1137,1097,1865,707.5,979.3,1332,1412,2802,1560,0,0,671.2,0,3078,0,1970,612.6,717.9,415.2,493.2,0,500.4,607.9,0,483,1237,667.2,0,0,985.8,707.8,323.8,595.9,0,0,289.6,266.2,0,456.3
490.07319@12.17,3217,346.8,0,361.4,4388,3078,3950,4408,226.1,0,303.7,198.9,3198,3358,3535,2575,163.1,119.4,122.5,203.7,3576,1161,6265,2314,0,0,171.5,0,3388,17130,2326,3035,2855,5719,3756,2331,2277,2157,2668,2486,2882,0,3299,0,3017,0,0,0
915.1849@12.16,0,0,0,0,0,0,0,0,0,0,0,0,0,0,0,0,0,216.2,0,0,0,0,0,0,1582,166,260,218.1,0,0,0,0,303.2,364.3,286.6,238.8,333.1,329.6,248.1,0,268.1,380.7,233.9,0,308.4,227.4,305.7,223.8
768.34553@12.16,132.4,237.3,239.4,246.3,0,482.6,632.9,366.8,171.5,259.1,232.7,0,233.3,374.5,453.3,615.4,0,861.5,697.2,661.8,272.5,848,726.6,672.5,213.9,534.3,620.2,410.7,165,1091,524,393.7,0,132.3,0,0,0,0,0,0,0,201.4,0,195.2,0,0,0,0
649.12849@12.19,0,2213,435.9,266.7,0,14800,495.9,809.2,0,198,605.9,0,0,7796,4373,6817,275.9,0,0,246.7,7981,9792,6578,7364,0,0,0,0,6392,2838,0,0,9010,10430,8971,0,5924,2431,5755,3188,4881,0,3000,0,4533,3100,4228,2485
762.3691@12.18,232.3,295.1,551.3,561.6,475.2,1328,848.1,1247,0,341.9,299.6,427.6,0,981.4,1074,2927,189.5,631.9,690.5,578.1,352.6,1852,1851,2692,217.7,1798,971.4,1192,267.5,2604,2887,1776,246.5,369.4,328.8,297.9,0,569,0,0,0,0,0,0,0,0,0,0
767.34175@12.17,360.1,840.5,550.7,903.4,690.4,2530,2113,1647,593.8,1180,1133,1023,1992,1747,1979,1999,324.2,1599,1795,1575,1056,2825,2436,2527,602.9,1766,1776,1427,710.9,1524,2804,1654,167.8,232.9,212.2,233.6,0,297.2,0,255.2,246.7,337.1,240.7,338.8,232,226.7,239.1,251.2
434.07957@12.18,0,0,0,0,0,261.1,365.8,344.9,0,0,0,0,182.3,310.1,0,0,0,0,0,0,278.1,0,342.1,0,0,0,0,0,168.3,0,288.1,291,204,249.4,608,279.4,181.6,215.2,329.8,239.2,204.4,306.6,341.3,308.2,0,264.7,282.8,309.3
223.0667@12.18,0,6150,11550,0,10070,18600,38350,30920,0,1208,1589,2410,38930,19040,59660,15880,1194,0,749.8,786.8,97810,16450,19710,18700,2102,491.3,693.7,446.7,77150,52980,19590,71020,19670,20190,24710,22480,16840,16140,17550,18280,16100,14340,16240,14060,15400,0,13970,14390
207.03307@12.18,0,5524,9797,12330,13890,23020,46230,33750,3688,0,1958,2059,41030,77190,79310,17700,1467,539,584.7,750.1,80700,17480,93610,20830,1736,413.1,614,0,71400,33140,21690,89900,21370,21860,156000,24860,17830,17260,40350,19830,17800,16800,18750,15920,35550,0,15770,16530
431.08503@12.18,0,1865,4534,5298,5809,20770,42560,30920,1503,379.9,827.7,1137,5736,53590,21870,53220,842,427.8,452.4,0,9897,6855,27290,66520,640,338.7,0,317.7,29000,55750,9077,54460,36180,59390,11550,58310,6321,45180,55040,59970,30400,40580,10200,38740,6775,47580,7791,45490
491.0587@12.18,367.1,256.1,365.3,367.5,2903,2452,1817,3495,0,272.7,272.1,177.7,2871,4955,3427,4365,216.4,0,125.3,0,5974,697.2,5766,4379,0,0,0,0,10460,1678,6782,1704,6139,4133,7698,5645,4393,5652,6370,5535,4510,5643,1397,1429,3198,0,1525,1389
209.04192@12.18,2445,690.9,0,1544,1341,1521,1863,1873,459,0,482.6,508.9,1774,2607,5727,9490,544.5,0,0,0,10810,2104,11850,2490,393.1,368,0,374.4,2287,1911,2583,8583,2568,2663,3278,3052,2297,2186,2257,2351,8148,2079,3916,1848,1999,0,1908,2010
531.10718@12.18,0,0,0,0,1053,1004,1163,1618,0,0,0,0,878.2,1106,1053,490.4,0,0,0,0,1297,249.5,694.9,528.8,0,0,0,0,650.5,591.9,634.2,615.9,639.2,655,1470,521.1,548.2,1451,997.1,459.9,896.6,708.3,715.4,843.2,1137,636,681.2,773.6
429.08792@12.19,0,5506,12260,18280,28250,66140,139700,102800,5262,1555,2006,3435,43190,171700,71720,169600,2033,717.6,805,731.8,32610,189500,91320,219000,1441,601.3,628.9,821.4,22430,177900,183300,171800,114700,186100,205800,144000,20880,146900,181100,189400,23180,128000,177000,157000,22710,171600,167600,160300
432.08465@12.18,1295,652.6,1467,1841,2483,2556,3471,3528,0,169.5,261,263.6,3713,4507,2684,2591,0,146.1,188.9,0,6548,7469,10460,3201,0,0,0,0,2213,16390,8790,4956,2250,13960,17450,3155,11050,2496,2987,18720,2427,2864,14760,2429,6765,17360,11680,12130
532.10124@12.18,0,0,0,0,466.8,522.4,447.2,388.6,0,0,0,0,386.4,332.2,265.2,231.8,0,0,0,0,406,0,218.2,187.2,0,0,0,0,197,260.1,209.6,281.8,222,156.2,263.7,211.1,264.2,246.5,243.9,209.5,266.2,247,294.6,0,279.9,0,0,329.1
612.16716@12.2,2106,9726,1697,6061,0,250.9,154.6,0,1322,542,1789,473.9,27040,29860,24710,26110,650,5324,289.9,0,30180,29720,25240,17100,439.1,0,4068,0,251900,262700,102000,0,23960,22930,22520,25130,22930,27220,20500,20150,20130,19610,20160,17770,0,18760,22590,19650
433.07903@12.18,553.9,0,719.7,518.6,799.7,2905,6157,3981,245.6,0,175,0,744.2,1210,3289,1106,0,0,0,0,1278,1731,2084,7567,0,0,0,0,1706,2145,1192,1957,3596,1018,1530,6053,915.4,5446,4279,977.3,2093,4309,1338,4950,2602,5471,1135,6105
487.09402@12.19,3841,0,0,0,70730,61420,71680,81170,0,0,0,0,53770,50480,51700,36410,0,245.4,0,0,72420,15270,44830,33800,0,0,0,253.5,42160,39770,35410,41870,36900,31080,51770,37400,29880,38160,45690,33870,47740,33660,48200,45990,51860,38610,41760,48250
510.2011@12.18,0,0,0,0,824.5,568.4,700.4,617.9,0,215.5,0,212.8,448.9,437.8,305,310.1,251.8,0,281.9,179.7,940.6,167.8,423.8,384.2,0,0,289.3,0,306.7,284.8,286.3,333.9,272.7,387.5,426.2,324,0,311.6,408.6,210.9,518.9,347.7,388.2,385.7,393.2,222.5,375.9,395.5
489.06853@12.19,936.7,599.9,735.3,675.1,22710,19490,22340,24430,1887,461.8,419.7,472.9,18070,18650,16350,14680,1578,277.6,575,192.1,29250,12510,16890,13140,343,0,214.8,317.7,34250,30060,17660,46000,19060,15470,18590,17930,17580,16690,17070,14540,17480,14970,19020,17470,11800,18340,16820,20250
814.60028@12.2,0,0,0,960.3,0,0,0,0,0,0,0,0,0,0,0,0,0,0,0,0,0,0,0,0,0,0,0,0,0,0,0,0,0,0,0,0,0,0,0,0,0,0,0,0,0,0,0,0
824.21086@12.2,229.1,279.6,4164,415.1,0,0,0,0,246.9,0,0,0,0,0,0,0,0,0,0,0,0,0,0,0,0,0,0,0,0,137.9,0,0,133.8,0,142.5,0,0,0,0,0,146.5,0,0,0,0,0,0,0
924.42937@12.22,0,0,0,0,0,0,0,0,0,0,0,0,0,0,0,0,0,0,0,0,0,0,0,0,0,0,0,0,0,321.3,0,2422,236.2,0,197.9,219.8,0,0,0,0,0,0,212,0,0,0,0,1255
626.20916@12.21,0,106.9,0,0,0,114.3,0,0,0,688.6,0,1046,951.8,0,212.1,124.8,1371,134.9,200.6,189.7,458.2,0,0,596.2,0,185.6,0,0,857.5,699.1,3919,599.2,1271,2377,3252,5201,2266,1412,1544,1535,1521,745.3,0,636.5,2776,828.9,1358,0
427.09426@12.2,0,0,0,0,624.2,563,844.5,1057,0,0,0,0,322.8,295.8,361.4,340.3,0,0,0,0,240.3,0,282.6,243.2,0,0,0,0,301.6,238.4,210.1,0,485.1,256,816.3,356.9,179.2,347.5,600,552.5,464.4,316.4,400.6,0,771.2,0,384.8,0
702.21373@12.22,0,2924,0,0,509.3,0,536.4,0,4903,2251,0,19030,0,59070,0,67810,752.8,388,1077,0,50880,61300,41510,66510,0,228.5,258,0,34550,14070,57610,31740,55800,30220,0,62250,68750,19970,54420,112000,71820,39970,42660,33190,53370,35580,0,0
822.46656@12.2,0,0,0,104,0,0,0,0,0,1183,1533,1293,0,0,0,0,1089,1262,1116,1539,0,0,0,0,145.7,0,232.7,0,0,0,0,0,0,0,0,0,0,0,0,0,0,0,0,0,0,0,0,0
763.5364@12.22,286.5,155.6,224.5,0,494.1,2846,1762,1428,248.5,0,388.5,0,0,0,0,0,133.3,0,0,101,169.7,0,114.2,105.3,212.4,0,0,0,0,0,129.2,0,231.8,174.5,169.1,191.9,217,0,0,0,0,0,0,0,0,0,0,0
488.0954@12.2,2240,0,0,0,0,19110,20210,0,0,0,0,0,15400,0,0,0,0,0,0,0,0,0,19240,9580,0,0,0,0,0,0,0,0,0,0,0,0,8524,0,14280,0,15730,10080,15200,16240,17310,12570,12470,16090
318.23127@12.21,270.3,386.2,687.2,0,2413,2852,1337,1923,229.7,1431,0,687.1,2075,2794,1355,1342,361.7,1156,1903,475.8,1925,1132,1493,2061,347.9,1032,376.9,755.4,787.3,681.9,1223,2302,4237,2679,2066,3076,4053,1722,2139,2052,3752,6789,5396,5659,2964,3897,3139,5026
762.54701@12.22,635.3,516.8,339.3,211.2,783.4,6866,4633,3986,891.6,109.2,1217,335.2,0,138.4,0,269.7,250.2,0,0,0,194.8,0,201,233.8,277.4,222.6,0,0,159.3,0,221.5,133.1,168.9,158.4,271,204.1,0,0,0,0,0,0,0,0,0,0,0,0
676.48906@12.23,0,290.2,155.7,0,0,901.3,1717,1437,0,0,367.1,0,0,0,0,0,0,0,0,0,0,0,0,0,0,0,0,0,0,0,0,0,0,0,0,0,0,0,0,0,0,0,0,0,0,0,0,0
441.13149@12.25,0,0,0,0,0,0,0,0,0,0,0,0,144.3,346.2,1094,500.3,0,0,0,0,0,270.3,0,0,0,0,0,0,0,0,0,0,119.1,0,0,0,0,0,0,0,136.5,0,0,0,0,0,0,0
443.13514@12.24,0,0,0,0,0,0,0,0,0,0,0,0,0,0,849.8,245.3,0,0,0,0,0,0,0,0,0,0,0,0,342.3,0,0,0,195.3,0,0,0,0,0,0,0,0,0,0,0,0,0,0,0
929.40833@12.26,0,0,0,0,0,0,0,0,0,0,0,0,0,0,0,0,0,0,0,0,0,1406,0,3549,0,0,0,0,1682,0,0,628.1,156.1,0,0,0,0,0,0,0,0,0,0,0,0,1079,0,0
756.51058@12.27,969.7,0,0,0,582.8,735.2,321.3,122.2,399.2,0,0,0,0,0,0,138.2,242.8,0,0,0,136.4,0,0,0,353.2,0,0,0,0,0,0,0,0,0,0,0,0,0,0,0,0,0,0,0,0,0,0,0
319.22208@12.28,11600,2400,12740,13420,23220,21690,9656,45330,23120,55100,31470,27850,2736,17370,23410,37800,22240,33610,30350,33540,2391,36940,52510,25150,5550,39880,20010,32430,1855,45000,37600,84990,3986,1987,3517,1798,12490,21420,5073,1926,22390,67260,18250,74460,1854,0,21190,21290
787.61753@12.29,0,0,0,0,0,0,0,0,0,496.6,0,387.2,0,0,0,0,0,0,0,0,0,0,0,0,0,0,0,0,0,0,0,0,0,0,0,0,0,0,0,0,0,0,0,0,0,0,0,0
848.42539@12.29,143.5,171.6,180.1,0,205.9,464.3,317.3,223.9,0,0,0,153.6,119.1,242.8,350.3,272.5,0,742.7,690.9,531.2,187.7,699.2,777.6,802.4,0,717.5,583.9,542.3,0,555.3,678,394.5,0,0,0,0,0,0,0,0,0,0,0,0,0,0,0,0
854.38271@12.3,207.2,210.4,0,0,255.1,372.2,386,274.5,0,0,223.2,251.9,223.6,225.4,395.4,291,507.1,696.5,2388,2125,215.1,707.5,625.6,635.4,810.5,713.2,1885,2269,0,868,511.7,556,0,0,0,0,0,752.1,0,0,0,0,311.7,0,0,0,465,0
853.3841@12.31,385.7,590.1,1039,1539,1378,1265,970.9,985.9,531,999.7,723.7,577.2,378.3,611.8,1471,840.4,0,2731,3303,2340,467.6,1246,1720,1832,0,3105,4677,2589,319.2,1481,1404,1104,0,0,0,0,0,0,0,0,0,0,555.3,609.5,0,498.7,0,607.2
939.27752@12.32,0,0,0,0,0,0,0,0,0,0,0,0,0,0,0,0,0,0,0,0,0,445.8,190,3600,0,0,0,0,392.3,0,340.4,0,0,0,0,0,0,0,0,0,0,0,0,0,0,0,0,202.1
759.52849@12.33,1177,0,0,0,1208,0,719.6,361.1,0,0,0,0,0,0,277.8,212.3,737.9,0,0,0,0,0,0,0,1304,0,0,0,0,0,0,0,0,0,0,0,0,0,0,0,0,0,0,0,0,0,0,0
557.91481@12.32,0,0,1030,0,0,0,0,0,0,0,0,0,0,0,0,0,0,0,0,0,0,0,0,0,0,0,0,0,0,0,0,0,0,0,0,0,0,0,0,0,0,0,0,0,0,0,0,0
508.4451@12.32,0,209.3,0,157.5,0,429.5,1282,889.1,419.8,207.2,231.7,839.7,0,147.9,1512,1892,0,174.9,0,0,0,0,0,263.1,0,163.6,0,0,0,0,0,0,0,0,298.3,0,0,0,0,0,0,0,123.1,0,0,0,141,0
484.49698@12.32,0,0,0,0,0,0,0,0,162.7,0,0,0,0,0,205.6,0,0,0,0,0,0,0,0,0,0,0,0,0,0,168.4,0,0,0,0,0,0,0,0,0,0,0,0,0,0,456.3,309.2,0,0
676.4795@12.33,146.5,0,0,0,0,3788,1054,1410,0,0,249.8,0,0,0,0,0,109.2,0,0,0,107.2,0,0,0,0,0,0,0,0,0,0,0,0,0,0,0,0,0,0,0,0,0,0,0,0,0,0,0
758.52208@12.33,4499,0,0,0,2626,4281,2062,1098,3047,0,0,0,263.6,0,1108,1169,1638,0,0,0,349.3,0,0,0,2259,0,0,0,169.1,0,0,0,0,0,0,0,0,0,0,0,0,645.5,107.2,0,0,0,137.5,0
651.13105@12.35,0,1677,3359,4293,0,932.4,3008,5867,390,0,0,1049,4108,6456,3326,5656,181.2,0,0,182.9,7232,7681,5623,0,0,0,0,0,6676,1996,8321,5029,7610,8553,9438,0,6803,2223,5152,5294,5506,0,0,2614,3914,3320,0,3395
473.08825@12.33,0,0,0,0,225.1,332.4,2764,256.8,0,0,0,0,217.9,353.3,0,0,0,0,0,0,161,0,359.7,0,0,0,0,0,0,181.5,0,223.2,0,0,254.1,0,288.4,328.1,320.7,213.8,286.6,0,217.3,262.4,211.9,0,0,206.3
650.1268@12.35,0,1843,0,0,0,875.9,2319,1387,0,0,306.8,145.3,3813,0,3047,5368,0,0,0,0,7596,0,5994,6209,0,0,0,0,7019,2548,8689,5582,7334,9175,8910,12130,6339,2068,4646,1986,5031,2887,2888,1823,3063,3012,3449,2505
969.27992@12.35,0,0,0,0,0,0,0,0,0,0,0,168.8,0,0,0,0,0,0,0,0,0,311.4,190.6,2019,0,0,0,0,0,0,304.4,220.1,0,0,0,0,0,0,0,0,0,0,0,0,0,270.3,0,235.8
582.58424@12.34,0,0,0,0,0,0,0,0,0,0,0,144.3,0,270.3,213.8,197.5,0,5324,0,0,210.3,0,0,0,185.6,0,0,152.3,0,0,0,0,0,0,0,0,0,0,0,0,0,0,0,0,0,0,0,0
798.27309@12.34,0,0,0,0,0,0,0,0,0,0,0,0,0,0,0,0,0,117.5,0,798.7,0,0,0,0,0,0,0,0,0,0,0,0,0,0,0,0,0,1365,2017,461.7,0,277.8,0,321.1,0,589.8,325.5,0
762.55346@12.39,809.2,248.6,293.9,0,751.5,5042,3264,2008,896.3,0,852.9,344.5,0,0,0,271.5,352.1,0,0,0,232.1,0,175.9,139.8,329.5,140.9,183.3,0,0,208.4,145.4,160.8,271.4,274.2,281.2,227.9,0,0,0,0,0,0,0,0,0,0,0,0
553.42716@12.39,2717,3094,5564,3932,1276,1524,33580,28270,3362,2107,4328,17490,595.1,4191,25760,27600,1128,1111,753.2,802.7,0,0,0,303.9,1568,1304,1883,0,0,367.9,237,274,0,392.8,2366,2039,371.3,442.6,1865,1514,0,0,486.6,517.8,297.8,318.8,337.5,328.2
664.46887@12.37,0,0,0,7974,0,0,0,0,0,4475,8172,8129,0,0,0,0,3557,0,0,0,0,0,0,0,0,0,0,0,0,0,0,0,0,0,0,0,0,0,0,0,0,6906,0,0,0,14940,0,8528
470.08144@12.39,0,0,0,0,298.3,0,15640,0,0,0,0,0,246.4,0,0,2135,0,0,0,0,0,7000,0,8937,0,0,0,0,0,0,0,0,0,0,0,1552,116.3,0,2004,792.5,202.5,2406,2645,10710,0,8629,10590,9305
552.4768@12.4,4417,11350,13040,16340,4732,27720,116300,98830,14580,3551,16490,44650,835.2,4709,98550,95490,1676,128.2,210.4,0,1259,258.7,271.1,0,3549,0,0,0,770,0,150.5,0,0,1924,9144,2172,147.6,2548,8759,2857,230.7,205.5,244.3,227.8,199.8,192,211.5,0
934.43942@12.41,0,0,0,0,0,0,0,0,0,0,0,0,0,0,116.2,117.5,0,519,473,328.5,0,423,352.1,1352,0,643.9,432.4,428.7,223.5,0,1754,263.2,0,0,0,0,0,0,0,0,0,0,0,0,0,135.2,0,0
435.34913@12.41,1395,1388,1303,1275,1278,2483,13970,11220,1093,7324,3022,23200,0,4207,32740,23050,1411,1347,0,1328,1244,1185,1178,1034,1264,1091,0,1350,1165,1144,1156,1170,1266,1304,1251,1231,1389,1323,2022,1286,0,1379,1389,1306,1231,1116,1236,1217
755.50236@12.42,260.9,0,0,0,728.2,0,0,0,0,0,0,0,0,0,309.1,204.8,135.6,0,0,0,282.7,0,0,0,268.4,0,0,0,147.9,0,0,0,0,0,0,0,0,0,0,0,0,0,0,0,0,0,0,0
939.41685@12.41,0,213.1,153.5,0,313.4,398.6,314,259.7,233.3,0,0,168.1,183.5,234,317.6,237.6,170.6,1159,1225,997.6,137.1,665.7,692.4,626.6,204.4,1450,1384,986.2,132.6,611.9,686.1,547.9,0,0,0,0,0,0,0,0,0,0,0,0,0,0,0,0
940.42157@12.42,0,0,0,0,195,0,145.8,0,0,161.8,0,135.8,0,0,0,113.7,0,608.3,385.3,389,0,288.4,270,265.2,0,509.9,627.9,389.6,0,249.2,304,277.9,0,0,0,0,0,0,0,0,0,0,0,0,0,0,0,0
456.42516@12.44,0,0,279.6,0,0,1546,514.2,0,0,0,221.4,504.3,0,568.3,579.7,460.4,191.3,0,164.5,142.8,158.6,308.9,438,472,254.3,215.7,0,139.2,150.5,0,247.4,0,0,208.4,183.5,217.5,0,168.6,0,347.4,153.9,0,0,0,0,0,0,0
562.12324@12.44,0,0,0,0,0,0,0,685.3,0,0,0,0,663.6,0,0,0,0,0,174.9,0,1457,1803,0,2196,0,0,0,0,1242,0,2587,1551,2485,1963,9815,2948,0,872,975.1,0,0,1019,0,933,0,716.1,1093,0
801.5774@12.45,0,0,0,0,0,0,0,0,0,911.8,0,262.8,0,0,0,0,148.2,126.6,0,152,0,0,0,0,0,0,0,0,0,0,0,0,0,0,0,0,0,0,0,0,0,0,0,0,0,0,0,0
560.12563@12.46,0,0,0,184.9,0,0,0,0,0,0,0,0,0,0,0,0,0,0,0,168.5,0,0,0,9429,0,0,0,0,11220,2552,9812,17730,9396,7106,34920,0,0,2450,0,0,0,1893,0,0,0,2067,0,0
555.18508@12.46,513.9,0,618,417.9,0,439.4,255,406.8,0,0,286.5,0,0,0,0,0,0,0,0,153.1,0,7842,0,2541,0,0,0,0,1064,540.4,7655,3801,2072,4214,2971,2808,0,677.4,0,763,0,527.7,0,0,0,615.4,0,0
554.17515@12.46,1171,217.5,1303,1205,0,573.2,0,178.8,333.1,0,401.3,0,0,0,0,0,0,0,0,0,4062,4551,4038,14300,0,0,0,0,2173,915.8,4685,0,3926,8123,17180,5286,0,1030,0,1698,0,0,0,0,0,1260,0,0
245.1338@12.47,2056,521.7,516.8,0,11780,1757,1582,1105,0,1647,692.2,895.8,10140,6983,5216,3172,1687,629.4,1405,662.6,12260,393.9,915,546.7,2748,2070,1264,0,19900,591.2,962.7,642.3,1100,1201,896.4,1405,616.1,832.7,924.3,1359,1578,462.5,478.8,562.1,1016,0,535.6,0
559.1257@12.48,0,0,360.2,387.2,0,3739,510.3,0,0,0,223.5,0,0,76920,0,0,0,0,153.2,0,0,54350,47790,49550,4454,0,0,0,22150,4958,53700,37450,18330,36920,68570,87130,0,5406,0,0,0,0,0,0,0,0,0,0
483.16501@12.49,0,0,0,175.4,0,309.1,0,1000,0,0,0,0,505.6,488.4,312.6,754.7,0,237.9,0,272.3,1387,241.2,368,535.1,0,0,0,0,325.2,1631,440,472,343,0,272.4,263,209.8,304.3,0,0,256,0,312.8,0,369.1,273.6,233.2,0
761.55297@12.49,3137,206,0,0,1226,0,541.1,0,2089,256,234.9,268.2,0,210.8,333.4,899.8,1624,186.3,149.2,219.1,0,0,171.1,0,1247,233.4,239.1,249.6,235.5,145,0,0,224.9,186,257,192,0,0,0,0,0,0,0,0,0,0,0,0
246.1557@12.48,521.9,0,0,196.1,1790,451.3,348.4,270.5,537.9,341.8,280.3,0,1565,1156,838,594.7,468.5,191.3,0,199.4,2327,0,267.4,231.7,504.6,0,271.2,253.9,2443,0,210.9,0,354.5,262.7,0,360.5,260.7,242.8,304.2,277.5,374.1,267.3,227.2,234.9,327.4,0,222,185.3
575.11546@12.5,432,148.5,0,246.7,0,2596,0,351.5,0,0,312,0,0,20570,5767,7381,0,0,0,0,5862,16440,14910,13720,0,0,0,0,6936,1467,15430,8481,0,0,19970,21210,0,1608,0,0,0,0,0,0,0,0,3529,0
481.14311@12.5,0,0,0,0,1087,1702,372.9,3117,0,0,0,0,2657,1723,1203,1898,0,0,0,0,2237,0,1764,2552,0,0,0,0,936.2,1577,2052,2038,569.1,0,829.7,396.4,317.9,934.4,180.4,219.7,1165,569.6,450.3,218.9,1436,1497,1091,785.8
760.55876@12.49,7726,0,335.1,0,2230,4174,1408,0,5953,412,355.8,400.2,0,475.2,1712,844.7,4934,0,356.7,0,2021,0,362.3,314.2,4283,268,321.3,324,400.4,271.8,337.4,305.3,0,406.8,0,406.7,441.9,0,0,0,0,0,0,0,0,0,0,0
482.14925@12.5,0,0,0,0,251.8,418.5,133.6,1200,0,0,0,0,594.6,418.5,251.9,881.7,157.4,0,0,0,545.5,0,372.7,1109,0,0,0,0,176.9,678.4,510.2,781.6,181.5,0,253.9,183.9,175.5,232.1,0,0,348.1,272,142.9,0,392.9,0,0,137.8
709.15719@12.51,9267,2502,20780,23710,0,878,0,0,2310,1105,3843,10210,18070,16430,12880,20270,1449,0,561,0,13120,12830,12170,16950,397,0,264.2,211.7,11780,4870,14890,9380,23740,6616,34780,17690,21030,6708,21670,35920,21210,20950,18120,14020,18990,13340,14810,16910
618.11869@12.51,2083,2038,0,1156,0,181.2,0,0,410.1,0,504.5,0,3972,5099,3887,4481,129.8,0,0,0,5019,4682,3918,2746,0,0,0,0,6042,3030,3786,4447,3433,3882,3250,4210,2915,4631,2872,3072,3389,2965,3162,3141,3549,2865,3779,3304
924.5783@12.51,822.2,0,0,0,0,0,0,0,224.2,0,0,0,0,0,0,0,0,0,0,0,0,0,0,0,0,0,0,0,0,0,0,0,189.2,0,0,0,0,0,0,0,0,0,0,0,0,0,0,0
556.17436@12.51,318.7,0,294,282.1,0,395.9,0,0,0,0,0,0,0,8529,4913,2357,0,0,0,0,1756,2145,1675,6127,0,0,0,0,833.3,299.8,5559,2467,0,1112,1788,5664,1713,0,738.7,980.4,5464,0,1178,923.4,1443,0,0,826.2
576.11149@12.51,141.4,0,0,0,0,1084,0,284.2,0,0,0,0,0,3660,8665,4196,0,0,0,0,2951,8323,2899,7246,0,0,0,0,3557,0,2674,4706,2438,0,2930,11000,2556,0,1672,1601,7868,0,2070,1320,2142,4990,1979,0
802.55486@12.53,0,0,0,0,221.1,865.3,256.2,0,0,0,0,0,0,0,0,0,209.5,0,123.3,164.7,0,0,0,0,143.3,0,0,0,0,0,0,0,0,0,0,0,0,0,0,0,0,0,0,0,0,0,0,0
940.28298@12.52,0,0,0,0,0,0,0,0,0,0,0,0,0,0,0,0,0,0,0,0,0,470.7,208.2,4556,0,0,0,0,525.6,0,393.8,201.2,0,0,0,0,0,0,0,0,0,0,0,0,0,0,0,250.1
823.47509@12.51,0,0,0,0,0,0,0,0,0,737.6,2588,864.7,0,0,0,0,935.4,572.3,545.9,772,0,0,0,0,0,0,0,0,0,0,0,0,0,0,0,0,0,0,0,0,0,0,0,0,0,0,0,0
1025.45464@12.53,0,0,0,0,187.9,0,138.4,0,0,149.1,0,0,0,0,0,0,0,661,792.4,671.3,0,0,216.9,168.7,0,841,709.3,521.7,0,134.3,138.6,156.5,0,0,0,0,0,0,0,0,0,0,0,0,0,0,0,0
682.5254@12.54,0,0,0,0,0,341.1,292.3,464,0,0,0,0,0,0,0,0,0,0,0,0,0,0,0,0,0,0,0,0,0,0,0,0,0,0,0,0,0,0,0,0,0,0,0,0,0,0,0,0
657.22284@12.53,2014,394.9,223.3,241.5,0,222.5,0,151.9,217.4,140.1,269.7,231.8,0,1364,604.1,0,0,0,0,0,1484,1500,1170,9135,0,0,0,0,1246,568.6,1270,931,1026,0,910.7,1759,1183,628.8,743.4,3406,1017,905.9,765.4,496.3,0,771.4,0,694.1
560.12596@12.54,537.2,246,279.9,0,0,2046,0,509.9,0,0,0,0,0,12200,30380,14640,0,0,0,210.6,19490,0,0,0,1806,0,0,0,0,0,0,5320,0,0,0,12190,10230,3385,6830,5922,10840,0,30820,5981,8128,5357,7814,0
562.12422@12.54,0,0,0,0,0,758.7,403.1,0,0,0,0,0,0,11100,8862,3968,0,0,124.1,0,2436,7800,7527,0,0,0,0,0,0,0,0,5005,0,0,0,0,8132,907.2,7483,1608,2872,0,8413,1699,2343,1476,8366,1729
680.46705@12.54,0,0,0,0,259.8,4966,3189,2894,0,0,0,0,0,162.6,0,0,0,0,0,130.8,139.7,0,0,0,0,0,0,0,0,0,156.9,0,159.7,0,0,165.9,137,200.8,199.5,177.2,0,0,0,0,0,0,0,0
554.17623@12.55,1070,218.9,1336,0,0,0,0,320.6,374.4,0,492.8,0,0,16860,12470,6314,0,0,0,0,4344,13080,12550,0,0,0,0,0,5679,748.8,13980,6476,2900,0,0,16210,14540,1504,10990,2565,12890,0,13720,7182,3607,9964,14410,2506
629.1961@12.55,108100,0,1226,4534,0,848.3,0,223.1,0,434.7,1645,502,12870,0,11050,0,1311,209.5,276.9,0,38700,39060,28760,28510,0,0,0,0,30560,7087,35620,19710,22740,0,0,0,29840,9968,15650,0,0,0,0,9135,0,15160,14300,10920
836.5391@12.54,1571,0,0,0,0,0,0,0,281.1,0,0,0,0,0,0,0,0,0,0,0,0,0,0,0,0,0,0,0,0,0,0,0,0,0,0,0,0,0,0,0,125.7,0,0,0,0,0,0,0
512.2176@12.55,0,123,0,0,336.2,265.2,247.1,302.7,0,143.6,0,196.2,199.6,350.1,267,198.5,0,142.8,243,196.2,344.2,0,232.3,192.6,145.3,0,0,0,176,184.9,189.1,213.3,0,193.5,137.1,158.3,184.8,209.4,182.2,213.8,173.2,0,312,0,0,0,210.5,0
532.10321@12.56,0,0,0,0,560.4,402,418.8,315.9,0,0,0,0,277.1,408.5,364.3,223.8,0,0,0,0,522.9,115.6,403.2,287,0,0,0,0,185.4,208.3,231.9,268.6,154,177.8,223.1,177.5,185.4,178.9,168.2,236.4,298.6,161.6,308.8,0,0,0,241.6,0
762.55133@12.56,14110,223.3,246.5,0,4316,7167,4260,925.8,8754,411,338.9,611.5,0,332,1192,0,3326,0,0,0,0,193.5,223.8,161.4,4725,153.7,0,188.9,283.4,176.6,170.8,122,234.2,0,0,0,0,0,0,0,0,0,0,0,0,0,0,0
756.51467@12.55,2079,0,0,0,3254,774.9,414.3,179.8,897.2,0,0,0,1008,283.2,1451,951.5,797.8,0,0,0,1535,0,0,0,1277,0,0,0,648.5,0,0,0,0,0,0,0,0,0,0,0,0,0,0,0,0,0,0,0
223.0641@12.56,36720,8011,14550,18120,11030,12500,9680,17080,4870,1281,3216,3504,19520,149800,61030,20590,1569,717.3,639.2,714.4,81320,23050,26000,24040,3198,435.5,867.3,652.6,21010,12270,25220,52020,25160,20710,25710,26830,205000,16830,19670,21150,24150,0,93470,17120,16580,0,60780,0
561.12624@12.55,410.4,0,147.3,0,0,0,0,719.4,0,0,0,0,0,0,23350,10260,0,0,245.4,166.7,0,0,0,0,0,0,0,0,0,0,0,0,0,0,0,7808,7721,2801,18530,4166,8091,0,22050,4872,0,4405,26620,4579
207.03254@12.56,37300,7297,12690,16230,14320,16520,13620,27300,0,1266,3025,0,20870,86160,63300,22140,1861,618.5,879.4,901.2,91740,24190,126400,26220,3051,544.9,800.6,519.7,111100,18310,27700,67810,26250,21640,27610,28390,166900,17580,20370,22300,25060,21660,101700,33530,17940,0,55010,0
487.09297@12.56,163.2,140,0,0,100100,70000,68040,68760,0,0,206.5,172,47060,62920,58480,27270,243.3,190.9,248.8,240.4,79250,14530,54660,38760,196.4,182.6,0,0,26590,40080,36480,46240,23680,25620,30040,25860,29560,29530,28640,24020,38380,28010,53800,49070,40510,38170,46150,39790
433.07611@12.56,695.3,400.1,745.9,847.5,826.9,955.6,870.4,3171,261.7,174.2,0,191,1149,3701,952.2,693.2,0,0,0,0,4005,834.7,4081,4193,0,0,0,0,2581,733.5,2097,1764,3692,873.4,2542,880.4,1092,1393,926.8,1013,5216,3902,5208,3337,1308,3275,1915,3390
431.08253@12.56,5475,0,5804,6573,6622,9152,9987,17220,2109,705.2,1222,1502,18230,14610,16080,10770,955.8,3166,0,0,31440,5916,16350,21120,833.8,0,878,405,18910,6715,18170,6700,28960,5989,24990,7018,8155,11960,6810,7422,25980,7291,9552,25050,17490,16240,31520,19370
531.10745@12.56,0,0,0,0,1927,1574,1417,1731,0,0,0,0,1131,1462,1353,679.9,0,0,0,0,1739,247,1174,1131,0,0,0,0,500.2,808.1,795.4,976.7,595,671.8,588.7,501.2,502.6,521,393.4,498.9,833.1,535,1236,1187,637.3,0,843,879.4
488.09185@12.56,0,0,0,0,33060,22740,22500,22340,0,0,0,0,15630,22340,18270,9374,0,0,0,0,27060,4597,23450,13550,0,0,0,116.5,8870,13270,12110,15750,8134,8848,10190,8277,12330,9758,8609,8392,12610,6633,18210,15020,12130,0,13580,10460
489.07235@12.56,1162,0,0,0,22770,22200,21290,21450,0,0,0,0,15590,22020,20740,11810,0,0,0,0,24530,7695,21210,15440,0,0,0,0,17360,31120,16970,14450,12010,11490,17010,8990,13000,12030,13100,13230,15270,11880,22300,18650,14420,13140,17530,17540
429.08737@12.56,18320,6825,18980,21760,29840,30830,30060,49750,5593,1951,3320,5076,40670,66400,49010,58670,2982,0,0,1105,71400,18670,55990,44920,0,884.8,1268,1045,64370,31910,58380,34700,78950,40130,64670,23150,133100,38670,47220,84510,107700,91730,76100,46540,59810,36190,61260,55170
510.16664@12.56,0,0,0,0,1144,1091,728.3,911.6,0,0,0,0,1155,930.2,570.9,289.5,0,0,0,0,1136,187.3,712.1,559.4,0,124.1,0,0,407.7,431.5,530,506.8,291.9,310.8,408.6,391.1,378,462.9,350.4,217.6,450.9,308.1,614.6,471.2,508,545.5,490.9,0
491.05635@12.56,646.8,494.3,387.7,0,4258,4264,2424,3526,291.2,227.7,260.1,240.6,3022,3934,3542,3508,0,0,0,0,4981,0,5380,4426,0,0,171.8,0,1667,1923,6255,2203,2082,3669,2547,5453,4006,5314,3009,910.9,3936,4753,1714,2362,3736,2821,1907,1962
272.2033@12.57,2818,0,2012,1440,1435,1795,2040,0,2012,0,2110,1783,1511,1903,2368,2087,0,3056,3031,3295,0,0,2259,2766,1760,2966,0,2548,1215,1989,2338,1893,895.3,567.7,0,0,0,727.2,0,0,0,939.4,0,1120,805.3,877.4,0,944.3
444.32782@12.57,44010,54010,51480,52360,43810,48850,48480,47040,41060,60770,52100,53330,36200,48400,55880,51450,44000,72030,72990,70190,40490,71020,73320,72150,45050,78060,80750,69390,36710,69930,72670,63480,25740,21870,24990,26620,19230,19020,24530,23550,15910,33370,39430,35940,21970,23580,31600,25420
449.28511@12.57,17480,21900,20470,22310,17780,19460,19340,19630,16880,25640,22510,22830,14010,19300,22610,20540,18620,30030,31290,29670,16590,28700,29300,27990,19500,32640,34250,29150,15510,33740,30400,31670,10070,9020,9869,10880,7882,8503,10100,9713,6316,13600,15940,14400,8805,10290,12630,10490
728.50824@12.57,590,0,0,0,216.1,137,0,0,160,0,0,0,0,104.7,280.4,0,0,0,0,0,0,0,0,0,263.9,0,0,0,139.9,0,0,0,0,0,0,0,0,0,0,125.1,0,0,0,0,0,0,0,0
511.22213@12.56,0,0,0,0,454,361.6,0,404.5,264.7,0,0,260.5,391,0,432.7,290.1,414,357.4,0,0,555.7,0,532.9,280.2,0,0,0,0,357.7,0,0,375.1,0,327,0,301.7,307.1,284.3,318.4,0,321.1,426.4,488.7,441.2,403.8,0,361.4,0
490.06915@12.57,0,385.8,469.6,3064,9169,4921,4652,0,235.5,207.1,358.4,225.2,3494,4640,0,1955,0,174.2,0,0,5566,4935,7802,2796,0,0,143.9,0,5987,0,8856,10760,1892,0,2155,6013,2153,2122,2194,1871,2967,2193,4039,3892,5272,5515,7295,7328
450.29001@12.57,3446,4742,4215,4367,0,4235,3976,3495,3280,4645,4136,6497,2919,4812,4083,4201,3347,0,5897,5979,4116,6043,6269,6128,0,5405,6130,5439,2854,0,6122,6448,0,2481,1872,2156,1578,1587,1905,2012,1235,2787,3310,3079,1884,1703,2522,1902
555.18835@12.58,4324,288.8,607.3,512.5,0,394.4,0,334.5,0,268.3,0,224.3,3105,2457,8169,2957,0,0,0,0,0,1585,0,1989,0,0,0,0,0,0,0,0,0,696.6,0,8011,8020,901.8,6100,1099,2746,1942,2148,4137,2138,1440,1765,1243
406.27267@12.59,7486,11760,9238,8269,8405,11150,10840,10530,0,24620,0,9722,10390,10270,12000,10700,18320,15370,13840,15610,12900,14220,13580,15150,17910,15710,17650,23780,8183,17650,14710,16580,4767,3003,4237,5142,2641,2809,4418,4368,2484,4371,7910,6279,3346,0,5575,0
414.32109@12.59,7498,4499,8136,4819,899.7,6199,5701,5292,653.1,3481,7270,6722,873.9,4695,5316,7697,1052,1148,2457,2691,3088,7218,975.8,1705,7704,1101,2441,3775,915.7,7215,1054,1165,649.2,0,785.8,816.9,613.6,6896,802.3,799,489.6,790.5,2555,841.3,684.5,4431,845.3,718.6
277.21044@12.59,4620,5439,4958,4737,1817,6499,5740,5025,3066,6794,6171,7366,5099,1962,5841,4416,5902,5687,4737,4500,2972,6063,7332,5485,4059,4785,6704,7453,1383,4355,6623,1614,1187,762.4,0,1295,898,1113,1264,1088,673.5,5776,5392,3463,1013,4197,4033,3391
383.28042@12.59,25430,31820,30410,30250,23860,32820,32820,30370,24550,36050,31320,32130,19700,26780,35080,33830,28800,45330,43390,40310,20590,40320,41230,40810,23300,49080,49000,45090,18480,34260,37070,32900,12280,8622,12970,13650,7619,8466,16960,16030,6884,20280,24890,22100,11460,14640,22380,16670
384.29029@12.59,4038,5802,5003,4454,4536,5656,5668,5729,3406,4941,4571,4476,3657,5421,5868,5981,7267,7497,6543,7636,4150,7649,7270,8259,4596,7802,8663,8154,3524,6273,7027,5403,2362,2402,4695,2461,2040,1438,2523,2176,1243,2520,4089,3184,2254,3450,3126,3720
233.18485@12.59,1139,1577,1398,0,2723,1474,3884,1798,1182,1465,1424,1958,4774,1713,4639,1304,1156,3236,1730,2175,2767,2480,2434,1809,1080,5494,2706,3777,2214,1958,2322,1388,1887,661.9,1371,696.1,621.9,681.9,3733,817.9,676.1,2090,3430,2729,1779,1805,1827,2528
405.26157@12.59,44560,62630,55260,56790,43540,57260,55130,52230,45670,70770,61170,63690,36360,51420,59000,53190,50550,81630,82050,82040,37460,73770,68390,73730,50200,85070,90880,80720,40930,94440,73410,82420,23490,16320,22940,25960,13240,14870,22640,21990,11130,29430,37740,33540,20330,21790,31010,23910
460.13585@12.61,0,0,0,0,0,0,0,0,328.6,562,0,352.9,0,0,0,0,0,0,0,0,0,0,0,0,0,0,0,0,0,0,0,0,0,0,0,0,0,0,151.8,0,146.1,0,0,0,0,0,0,0
400.28453@12.6,45400,56480,53340,55970,43210,51210,52590,51560,41460,57980,54560,54560,40140,48710,55500,50730,45250,70470,70240,67020,39830,68250,62860,68040,43670,75000,77540,71200,35530,56520,63000,45510,30600,23210,30750,26520,21840,21190,26830,25390,20550,30700,40360,32070,25520,25880,30880,25910
384.31971@12.6,1382,1227,1115,1024,3962,1161,5212,5546,714.7,5931,1416,5548,3607,819.9,5868,5981,4665,0,7715,7827,1038,7804,6980,8259,4023,7802,8663,0,823.9,0,6007,4808,1995,1548,861.3,2496,1367,2508,2635,1946,2007,2828,1040,3184,420.5,726.9,3464,2139
385.28556@12.61,1763,2035,1939,1939,1485,1551,1822,11400,1642,2041,1797,2002,6022,1765,2161,0,5624,0,2295,2383,4834,2070,2283,2367,0,0,0,0,1684,1474,7298,2134,1172,1480,0,0,1075,1319,8979,1455,1014,1391,1786,1663,10620,1261,1545,1160
383.27989@12.6,18070,25270,22700,22380,15490,22400,20510,20380,14130,24470,22780,22790,14100,19840,22860,19920,18230,0,30740,30790,16360,31260,28400,29790,15350,0,0,0,13730,0,24500,18710,8187,5544,8210,9934,5161,5490,9607,7354,4394,11150,16040,13760,8226,7992,13330,8494
611.29138@12.6,401.7,279.9,0,255.4,305.8,339.1,311.2,333.2,250.1,299.6,286,200.8,243.4,369.8,311.6,269.7,291.9,0,0,243.4,297.3,578,0,439.5,289.2,237.2,220.5,0,0,0,0,289200,537.6,276.9,331.1,402.3,477.4,0,513.6,362.7,0,0,404.7,389.2,259.8,352.4,342.9,373.1
165.09466@12.61,3350,4394,3919,4160,3381,4497,4270,4573,3257,4807,4714,4600,3026,3858,4262,3784,3806,5735,5510,5129,2980,5069,5022,5825,3125,5861,6857,5785,2427,4157,4563,3427,1489,1091,1785,1948,1095,1052,2374,1515,976.3,2211,3119,2070,1936,919.4,2117,1667
390.12359@12.61,5453,0,1778,2679,0,0,0,0,240.3,0,143.9,0,0,243,0,0,0,136.3,178.2,173.5,0,0,266.7,0,0,0,0,0,0,0,397.7,134.7,380,228.6,392.5,438.1,2026,0,0,241.3,326.2,221.7,277.1,0,175.6,0,260.4,0
121.07095@12.61,4628,6781,5582,6094,4623,7110,7147,6400,5470,8919,8371,8844,4804,6367,6132,6394,6384,10930,9950,10110,4965,9930,7751,10800,5846,8590,11740,10840,3586,5890,9013,5328,2806,0,2923,3058,1804,1822,3319,2562,1582,3545,4871,4000,3042,0,3704,2771
363.28965@12.61,10680,12200,12220,10650,12260,2723,4287,4208,11740,11120,13130,8808,6685,11050,10040,9722,10390,11530,14370,10610,9060,8524,11360,9431,2109,10910,13130,10520,3745,9655,7277,9905,7413,0,1461,8251,1138,1219,3397,1173,0,1472,10390,9181,1208,889,8998,8783
370.2981@12.62,950.8,8963,1011,1035,6562,1180,7093,6402,9789,3610,1146,10700,957.7,1102,8542,1022,8128,9462,8209,11280,902.3,2629,3711,4886,1193,9686,9518,9111,900.4,1113,799.9,1022,914.6,927.9,891.8,820.9,833.4,897.9,0,980.2,832.4,976.7,771,1051,898,872.2,902.5,5327
361.23528@12.61,47410,77040,57470,54550,65740,84210,82190,81700,56840,94030,83910,88880,50260,67770,78220,70430,68470,107600,106800,108500,50840,82290,73250,85880,64110,110300,120000,110400,45290,87350,74480,71410,28650,18150,31540,32690,15040,17300,33930,27890,14400,35590,48160,42420,30940,31290,41560,34910
227.12819@12.61,16000,22690,20200,20340,19560,24940,23650,23220,15790,25200,24860,24350,15610,20630,23660,21410,18230,29550,29590,28660,16520,28060,24920,29930,16060,32320,33260,32390,13080,20480,24360,15950,8169,5201,9445,9254,4410,4703,10690,7838,3894,10580,15070,11520,9653,9271,12440,10030
339.25742@12.61,5013,6504,5501,5424,5852,6991,7676,7546,6513,7429,6920,7193,4907,5823,7940,6055,5627,8395,7845,7952,5010,6752,6054,7271,7008,9961,8783,9371,3386,5042,6173,4358,2312,2046,3949,3024,1532,2596,3181,2809,4931,3792,4789,4131,3017,2520,3975,3757
356.27767@12.61,15980,23370,19680,20220,19480,24550,24250,26310,16280,25800,24440,25000,14330,18960,22910,20060,18850,29670,29580,29350,15030,25870,23950,28200,17200,32160,33030,31360,11710,18830,22740,14530,7687,4471,9066,8259,3951,4615,9824,7330,3218,8779,13880,10290,8294,8066,10560,8877
1111.4886@12.63,0,0,0,0,0,0,0,0,0,0,0,0,0,0,0,0,0,265.2,0,141.3,0,0,0,0,0,447.1,247.6,239.3,0,0,0,0,0,0,0,0,0,0,0,0,0,0,0,0,0,0,0,0
576.11288@12.62,0,0,0,0,0,1220,0,0,0,0,0,0,4387,0,0,2516,0,0,0,0,0,0,0,0,0,0,0,0,0,0,0,0,0,0,0,0,0,898,6363,0,0,7263,2280,1953,0,1773,2120,2189
362.23876@12.62,8393,14720,9995,12150,10770,16070,14600,15000,7747,15310,14420,14550,11230,12500,0,12270,12680,0,18870,20590,9278,15700,13480,15880,10740,0,18540,16860,7026,0,12550,12420,4720,3051,5323,6271,2838,3102,5999,4698,2525,5827,9136,7834,5650,4714,7919,5948
802.55353@12.63,349.8,109.1,0,0,791,196.1,230.2,0,0,0,0,179.2,0,0,273,0,255,157.2,125,0,0,0,0,0,216.3,0,0,0,0,0,0,0,0,0,0,0,0,0,0,0,0,0,0,0,0,0,0,0
228.12725@12.62,1942,3432,2425,2374,0,2983,2731,2228,1838,2545,2469,2863,1709,2335,3350,2365,1739,0,2973,3100,1747,3213,2411,3441,0,0,3256,3024,0,0,2486,1819,0,0,1081,1056,683.9,565.3,1254,0,504.2,1230,1805,1684,1210,897.4,1599,1285
730.52306@12.65,2461,141.4,0,145.5,915.7,193,215.8,186.6,2163,146.8,194.8,0,1583,299.9,1440,1090,1161,0,158,170.5,1163,205.2,0,0,2231,119.9,191.7,199,693.8,136.9,0,0,0,0,0,248.4,259.8,217.8,0,0,286.9,0,271.8,180.8,232.2,231.2,229.5,0
973.23368@12.68,0,0,0,0,0,0,0,0,0,0,0,0,0,0,0,0,0,0,0,0,0,335.2,0,304.8,0,0,0,0,2443,0,276.2,0,0,0,0,0,0,0,0,0,0,0,0,0,0,202.4,0,0
758.66352@12.67,0,0,0,0,449,0,142.3,0,306.9,0,0,0,0,0,0,0,184.1,0,0,0,217.4,0,0,0,0,0,0,0,0,0,0,0,0,0,0,0,0,0,0,0,0,0,0,0,0,0,0,0
801.56085@12.66,0,0,0,0,0,0,0,0,0,842.2,0,203.8,0,0,0,0,0,0,143.9,150.1,0,0,0,0,0,0,0,0,0,0,0,0,0,0,0,0,0,0,0,0,0,0,0,0,0,0,0,0
446.26331@12.65,1210,0,0,946.3,586.3,671.5,0,0,1168,1286,1262,1295,0,1327,758.7,0,0,475.5,1330,0,1375,0,0,0,0,0,721.6,0,0,751.7,0,775.3,0,668,0,0,1026,0,1336,877.3,1000,1413,1344,966.1,1215,1116,947.4,1200
759.52722@12.68,2431,0,118.7,0,3308,1040,1973,316.3,1453,317.7,142.6,233.1,908.7,783.7,1340,908.3,1778,0,176.2,129.9,2815,0,0,0,1511,199.6,225.8,0,738.9,0,0,0,0,182,0,176.8,0,0,0,156.2,0,0,164.3,109.7,0,0,0,0
758.52935@12.68,10220,213.7,220.7,0,12400,4580,3344,1306,5851,1407,188.5,301.9,3567,1766,5125,3991,3475,151.2,214,0,5287,0,139.3,179,6105,173.3,250.5,210.7,2867,120.5,0,0,153.7,0,202.9,274.6,176.9,196.2,0,212.3,0,0,0,165.5,0,0,122.4,0
770.57739@12.69,112.6,0,0,3774,0,0,0,0,0,0,0,0,0,0,0,0,0,0,0,0,0,0,0,0,0,0,0,0,0,0,0,0,0,0,0,0,0,0,0,0,0,0,0,0,0,0,0,0
629.19349@12.71,0,12980,1776,0,0,838.5,0,159,1853,586,0,441.4,20490,36530,0,31760,0,194.2,300.4,405.9,0,0,23300,0,162.4,0,0,0,0,0,0,11750,0,0,0,0,23990,12810,17560,14670,0,24610,138400,0,17110,22160,0,14880
471.0969@12.71,0,0,0,0,0,0,0,0,0,0,0,0,0,0,0,0,816.6,0,0,0,0,0,0,0,0,0,0,0,0,0,0,0,0,0,0,0,0,0,0,0,0,0,0,124.8,0,0,0,0
567.47787@12.71,0,277.3,245.4,300.4,227.5,1399,4384,3531,278.5,0,2706,2422,142.3,188.8,3403,3913,295.6,0,239.6,0,159.7,0,222.3,194.5,231.2,212.2,157.9,0,249,0,147,0,109.8,0,338.1,208.4,230.6,197.6,218.5,157.1,158.2,266.4,178.9,240.1,141.1,164,254.7,227.6
573.90789@12.73,608.3,0,0,0,0,0,0,0,173.9,0,0,0,0,0,0,0,0,0,0,0,0,0,0,0,0,0,0,0,0,0,0,0,0,0,0,0,0,0,0,0,0,0,0,0,0,0,0,0
760.55344@12.74,16540,370.2,1737,386.9,14350,2352,1471,0,10950,4819,2833,2262,2342,5004,5081,4844,4884,1872,1674,360.9,6006,0,4074,0,8623,693.1,521.8,1555,1040,3376,424.4,3379,0,0,759.6,481.4,0,0,0,0,0,0,0,0,0,0,0,0
713.13613@12.74,310.9,212.1,1013,0,129.2,240.7,117.9,221.3,219,162.3,0,306.8,2607,421.2,459.6,524.1,0,0,117.6,0,441.4,297,606.4,568.4,0,0,0,0,487.1,345.8,659.9,0,856.7,0,12340,559.6,652.3,429.6,4153,788.6,568.1,771.6,568.8,528.6,531.3,1709,2922,2042
373.17296@12.77,1441,1427,875.9,1343,1671,0,1502,0,1333,0,0,0,0,0,2720,0,1491,1720,0,1215,0,0,4486,48190,1476,1906,0,6854,1235,23520,4321,0,0,0,14160,0,0,0,3472,31280,0,0,1544,0,0,0,8561,3542
353.18088@12.75,316.4,357,176.5,320.9,673.1,421.9,0,584.6,400.2,654.9,692.1,558.8,467.5,0,0,321.3,583.3,564.9,722.7,448.7,0,294.8,525.9,0,548.4,644.4,576,406.7,274.4,293.5,336,264.8,272.2,0,0,0,0,265.8,0,0,357.6,0,380.8,491.4,454.9,317.2,0,0
632.18894@12.74,0,13430,332.1,0,0,339.4,0,0,293.5,0,564.1,0,2578,4316,2908,3819,0,217,0,0,0,2901,2901,2202,0,126.1,0,290.4,3017,3139,2890,0,1687,1291,0,0,2972,1996,2738,0,3313,24760,21310,14220,2051,21990,3136,2373
659.20939@12.75,599.1,316.8,0,169.6,0,213.4,0,120.4,192.8,258.7,275.7,234.5,3490,526.8,0,0,0,0,0,0,0,730.2,499.7,385.6,0,0,0,0,0,253.6,327.3,347.9,364.1,336,446.3,473.3,471.1,3594,1154,3433,559.3,5201,525.3,537.7,3492,471.1,2112,3787
631.17997@12.76,0,4622,0,0,0,666.1,0,0,638,544.6,1153,649.9,7826,0,39400,8356,514.8,0,213.9,273.1,0,0,0,0,0,0,0,0,0,5444,0,0,3619,0,4368,0,0,4270,6077,4425,6971,54610,47020,30790,6398,7405,6988,5284
658.21326@12.75,1116,472.2,228.7,277.1,0,0,0,0,149.2,0,277.4,0,767.7,941.6,5026,599.7,0,0,0,0,0,657.1,648.9,0,0,0,0,0,574.5,0,492,368.6,377.8,0,523.5,496.8,0,3407,622.4,0,748.9,5668,0,4813,770.9,669.3,820.2,4888
630.19236@12.77,0,11510,1603,0,0,606.8,0,0,1775,0,14470,332.9,18570,0,15940,0,300.2,119.7,422.2,531.1,0,0,13650,0,0,0,0,0,0,0,0,0,7624,0,9894,0,15970,9481,13720,10030,0,129100,106200,9978,0,112400,16380,11870
633.14559@12.77,0,21090,2116,8356,0,2019,0,979.6,3323,769,27440,547.1,32780,0,168200,0,450.9,165.8,938.9,1050,0,0,19480,0,447.3,0,0,0,0,4349,0,0,9828,0,12910,0,0,16130,22000,15030,0,234800,182400,131000,23550,29510,30390,21970
650.12307@12.77,0,4572,490.4,2012,0,487.9,0,313.7,628.7,264.9,6306,0,7591,0,7213,0,135.8,0,198.2,0,4715,0,0,0,0,0,0,0,3595,0,3823,0,2250,0,2328,0,4863,3507,44720,3538,0,55050,42630,30730,5439,46750,6860,5222
545.11772@12.78,432.6,247.6,0,0,0,270.3,249.4,248.4,0,0,0,0,158.5,0,0,199.2,0,0,0,0,0,0,266.6,194.2,389,0,0,0,0,944.5,150.4,1296,4413,587.7,217.7,2113,651.7,659.9,241.3,4412,0,406.1,204.6,2261,0,199.3,204.5,0
513.88807@12.78,0,0,1347,0,0,0,0,0,0,0,0,0,0,0,0,0,0,0,0,0,0,0,0,0,0,0,0,0,0,0,0,0,0,0,0,0,0,0,0,0,0,0,0,0,0,0,0,0
464.38674@12.78,0,360.2,0,266.4,0,2066,8361,5585,165.2,225.7,282.4,0,0,173.9,346.1,338,0,201,0,199.7,229.6,0,164.5,0,264,255.9,0,210.8,0,138.2,218.9,204.6,0,736.9,7448,2481,245.7,298.6,871.1,322.6,0,231.8,212.3,213.8,136.8,0,0,0
628.19197@12.79,0,25150,3383,0,0,1198,0,0,4081,1269,34290,882,44210,0,200600,0,8506,0,849.2,878.2,0,0,0,0,648.5,0,0,150.3,0,0,0,0,16980,0,0,0,0,0,31740,21900,0,287700,236400,22050,33560,247400,35550,26480
551.89418@12.8,1190,0,0,0,0,0,0,0,282.1,0,0,0,0,0,0,0,0,0,0,0,0,0,0,0,0,0,0,0,0,0,0,0,0,0,0,0,0,0,0,0,0,0,0,0,0,0,0,0
635.13959@12.77,0,8936,1010,3956,0,1126,392.4,0,1555,420,2002,0,14480,0,79270,0,0,0,0,3310,0,0,0,0,235.1,0,0,0,6514,2063,0,5105,4664,3434,5983,0,0,7001,9914,6546,0,16770,11270,8732,10660,12570,13610,10190
752.18048@12.79,314.6,388.7,0,479.5,0,0,0,0,327.2,0,1911,251.7,2330,245.3,313.3,332.5,0,0,0,0,408.3,355.7,567.8,396.2,0,0,0,0,3725,0,450.6,453.5,636.8,344.7,7770,436.1,515.5,288.4,651.6,576.5,480.2,510.9,467.1,509.6,3860,2837,389.7,474.7
761.55697@12.78,3750,0,0,0,3012,986.3,0,0,3342,745.7,166.3,0,895.1,792.9,2687,783.9,0,181.4,260.8,206.7,3257,0,178.9,206.8,1911,201.6,297.7,197.2,2273,220.6,172.2,192,0,270.3,0,302.4,0,0,0,0,0,0,0,0,0,0,0,0
601.30613@12.79,0,195.9,0,0,993.3,190.2,148.8,224.3,0,0,189.2,191.3,0,0,125.2,0,0,0,204,0,0,0,0,0,0,0,137.6,0,0,0,0,0,0,0,0,0,0,0,0,0,0,0,0,0,0,0,0,0
649.12256@12.79,0,7899,859.4,21170,0,796.9,0,538.6,1391,0,1763,290.1,13160,0,70600,0,239.9,0,0,2650,0,0,6370,0,192,0,0,0,0,1113,0,0,3717,0,0,4351,7083,5567,8021,5226,0,92830,72220,7025,8962,0,11300,0
598.14522@12.8,378.2,392.6,261.8,597.4,0,339.1,0,213.7,0,0,0,0,1006,2591,0,2190,0,0,0,0,884.3,624.8,0,574.6,0,0,0,0,898.1,0,692.7,569.4,524.6,336.3,615.1,3278,6089,0,6018,5957,1406,731.1,1489,901.8,993.6,621.1,976.6,5422
615.95242@12.81,0,0,0,862,0,0,0,0,0,0,0,0,0,0,0,0,0,0,0,0,0,0,0,0,0,0,0,0,0,0,0,0,0,0,0,0,0,0,0,0,0,0,0,0,0,0,0,0
529.88128@12.82,1579,0,0,0,0,0,0,0,426,0,0,0,0,0,0,0,0,0,0,0,0,0,0,0,0,0,0,0,0,0,0,0,0,0,0,0,0,0,0,0,0,0,0,0,0,0,0,0
320.24334@12.84,369.7,500.2,553.1,483.5,2542,3066,2221,484.9,428.5,2382,1683,432.7,877.5,780.3,1862,646.3,529.6,7448,3183,2303,735.6,1941,2562,3793,472.9,0,599.6,3117,436.8,2431,1669,3126,575.7,1847,478.3,332,826.5,415.1,1382,391.9,335.4,3190,4008,3307,2123,2783,4570,3496
547.09035@12.86,0,0,0,0,1582,301.1,686,255.1,0,0,0,0,0,290.6,635.7,215.4,0,0,0,0,177.7,0,283.1,142,0,0,0,0,155.2,176.4,261,250.1,222.3,0,168.5,215.4,0,150.9,0,237,179.6,224.1,305.2,0,182.2,0,236.1,0
762.55105@12.85,30170,0,0,208.1,18830,6758,4433,1380,25120,4951,786.9,2121,3101,2544,6524,4406,8147,0,1021,114.5,5261,210.2,0,0,11990,685,1001,202.5,3649,215.1,0,117.3,223.4,232.1,663.9,626.2,0,0,0,0,0,0,0,0,0,0,0,0
871.34096@12.86,0,0,0,0,197.6,0,209,0,0,0,0,0,0,0,215.9,0,0,0,0,0,0,0,0,0,0,0,0,0,0,0,0,0,0,0,0,0,0,0,0,1985,1294,0,0,0,1167,0,1013,0
763.5366@12.86,11120,0,302.7,108.3,7360,2774,1940,710.1,12560,1839,283.1,1103,998.8,896.1,2212,1691,2588,0,816.1,0,1493,135,164.7,0,4466,0,481.6,0,1442,0,134.5,112.8,2610,294.9,297.6,283,185.2,0,0,0,249.3,0,0,233.4,0,0,0,0
764.55447@12.86,3202,0,235,0,1892,836.2,645.5,193.7,3665,629,0,277.9,380.4,356.9,715.1,489,771.1,0,150.6,0,541.3,0,0,0,1183,0,109.4,0,459.8,0,0,0,0,0,120.6,150.5,227,0,0,0,0,0,0,0,0,0,0,0
509.83201@12.87,492.8,0,0,0,0,0,0,0,144.6,0,0,0,0,0,0,0,0,0,0,0,0,0,0,0,0,0,0,0,0,0,0,0,0,0,0,0,0,0,0,0,0,0,0,0,0,0,0,0
377.10258@12.87,0,0,0,0,416.4,352,430.2,404.8,0,0,0,0,814.1,794.1,370.5,797.9,0,0,0,0,366.1,325.1,295.6,0,0,0,0,0,245.7,246.7,278.6,254.1,345.3,226.3,226,383.8,258.6,0,247.6,188.4,402.7,0,341.5,0,0,284.9,0,0
455.11004@12.88,0,0,0,0,4050,2570,3612,2292,193.1,191.5,154.1,0,1948,2304,2656,1886,116.7,0,180.7,283.7,2052,883.3,1477,1190,164.1,0,195.2,182.4,1044,1241,1260,1133,968.9,932.8,1322,1060,887.9,1308,1406,998.5,1473,886.7,1963,879.3,1473,0,1874,0
454.11542@12.88,0,0,0,0,949.8,405.6,590.7,385.5,0,0,0,0,275.2,392.7,465.3,301.4,0,124.4,0,144.5,321.6,0,280.4,0,0,0,0,0,173.7,173.1,265.2,293.3,148.6,157.7,190.5,211,0,202.1,0,161.2,241.1,0,391.2,0,0,0,0,0
143.08324@12.88,1389,533.7,525.5,533.7,2445,306.7,0,0,6112,2254,355.9,1407,1517,724,533.3,602.8,1799,0,1493,476.3,874.3,213.7,299.9,250.5,2422,1731,1323,375.6,2403,0,0,0,542.1,897.1,413.3,706,368.6,633.1,329.2,397,382,272.8,241.5,186.6,481,171.5,176.7,0
427.06836@12.88,361.2,505.4,230.1,165.5,8472,7080,8511,6299,374.6,581.4,664.8,485.2,4035,6168,6600,5492,602.7,648.5,549.6,571.6,5317,3434,5266,4293,267.3,0,506,629.9,3360,3405,4121,3620,3380,3853,4188,3635,2808,3696,4026,3048,4287,3913,3747,3751,4263,3635,4486,4171
457.11171@12.88,0,0,0,0,867.7,823.5,603,426.8,0,0,0,0,410.4,660.9,590.5,355.7,0,0,0,0,483.9,209,317.6,294.4,0,344.3,0,0,291.2,285.6,322,307.6,274.2,342.4,0,370.3,267.8,342.7,0,192.9,0,0,393.5,248.6,0,0,0,0
456.09886@12.88,0,0,0,0,1531,623.4,1096,690.1,0,0,0,0,449.9,1028,830,541.1,0,0,0,0,557.5,346.4,703.7,445.5,0,0,0,0,312,557.6,383.4,579.7,347.6,383.1,410.2,317.5,305.3,455.2,332,259.8,389.9,0,588.5,371.9,583.2,0,449.3,0
428.06608@12.88,138.7,0,0,0,3191,2531,3005,2239,114.8,0,0,140.6,1186,2416,2479,1920,0,0,174.3,188.9,1948,903.9,1931,1123,0,0,183.4,210.5,1272,1053,1222,1051,951.4,948.3,1086,972.5,723.9,1064,901.3,843.3,1032,763.6,1200,818.8,931.4,1627,1653,1621
996.66965@12.88,931.4,0,0,0,0,0,0,0,263.6,0,0,0,0,0,0,0,0,0,0,0,0,0,0,0,0,0,0,0,0,0,0,0,0,0,0,0,0,0,0,0,0,0,0,0,0,0,0,0
411.09023@12.88,4889,5633,3159,2597,103700,76180,99010,46090,6058,9267,7715,7529,58570,70550,52440,61030,7926,0,9086,8969,60850,35920,59460,46730,3876,0,6066,0,37800,45590,49560,45500,35920,40040,46800,41270,32950,44010,48280,34580,49830,46270,60950,45980,51800,47270,60090,51390
507.85965@12.89,2132,0,0,0,0,0,0,0,807.8,0,0,0,0,0,0,0,0,0,0,0,0,0,0,0,0,0,0,0,0,0,0,0,0,0,0,0,0,0,0,0,0,0,0,0,0,0,0,0
413.08845@12.88,1089,1241,635.1,571,14810,11830,15340,11050,1284,1658,1595,1375,13660,11380,12590,9898,1204,0,2032,1553,9943,6209,9996,11070,915.7,0,1821,0,6615,6957,7826,7199,6406,7125,10970,7140,5974,7489,11320,5956,8214,5949,10390,7307,6759,5164,9677,12030
443.03448@12.88,0,0,0,0,0,212.6,0,227.3,0,0,0,0,227,278.7,0,208.8,0,0,0,0,338,0,248.4,0,0,0,0,0,0,0,201.1,215.1,256.6,150.9,0,208.6,157.7,219.2,138.6,0,230.5,0,245.7,178.4,223,0,207.4,0
223.06151@12.88,14120,9823,15900,20000,15440,60050,19470,68270,6315,2440,5415,4704,196800,121200,0,28710,0,0,1623,1890,30050,24600,41430,29270,4325,919,1437,0,167800,0,37450,63050,29690,22740,30570,30470,27460,127800,114500,26880,190100,193000,32040,129300,144600,146800,30500,127200
414.09055@12.89,260.5,249.5,0,0,3561,0,4065,0,192.9,512.2,407.8,401.4,3701,4518,3045,3955,663.2,0,478,0,3887,2221,3844,2226,0,0,290.7,0,1669,1842,2144,0,2163,1573,2995,2658,1679,1938,3088,0,3320,3043,3913,2744,3340,3110,3866,3246
997.67349@12.9,519,0,0,0,0,0,0,0,146,0,0,0,0,0,0,0,0,0,0,0,0,0,0,0,0,0,0,0,0,0,0,0,0,0,0,0,0,0,0,0,0,0,0,0,0,0,0,0
270.99557@12.9,0,0,0,0,0,0,0,221,0,0,0,0,0,0,0,0,0,0,0,0,301.7,0,269.3,0,0,0,0,0,0,0,0,0,0,0,0,0,0,0,193.3,0,0,348.4,275.1,280.6,389.9,493.1,238.5,276.5
1003.24456@12.93,654.2,427.3,575.1,3337,372.6,0,276.1,0,0,244.3,202.8,210.6,949.5,3810,2606,2191,419.3,423,0,439.5,0,0,0,0,383.2,561.3,322.9,4339,0,0,0,0,0,0,111.4,143.2,153.6,279.3,191.4,173,269.9,175.3,306.6,0,0,156.6,139.9,0
967.27768@12.93,0,0,0,0,0,0,0,0,221.2,234.7,208.4,203.6,0,0,0,0,0,0,0,0,0,6601,0,6073,0,0,0,0,760.7,0,605.5,400.4,0,0,0,0,0,0,0,0,0,0,0,0,0,509.3,0,0
392.74407@12.93,1523,0,0,0,0,0,0,0,325.7,0,0,0,0,0,0,0,0,0,0,0,0,0,0,0,0,0,0,0,0,0,0,0,0,0,0,0,0,0,0,0,0,0,0,0,0,0,0,0
487.83146@12.95,661.2,0,0,0,0,0,0,0,177.6,0,0,0,0,0,0,0,0,0,0,0,0,0,0,0,0,0,0,0,0,0,0,0,0,0,0,0,0,0,0,0,0,0,0,0,0,0,0,0
952.66175@12.94,1981,0,0,0,0,0,0,0,758.4,0,0,0,0,0,0,0,0,0,0,0,0,0,0,0,0,0,0,0,0,0,0,0,0,0,0,0,0,0,0,0,0,0,0,0,0,0,0,0
824.48902@12.95,0,0,243.9,0,0,0,0,0,325.6,3238,330.6,0,0,0,0,0,352.8,132.8,232.3,0,0,0,0,0,0,0,0,0,0,0,0,0,0,0,0,0,0,0,0,0,0,0,161.3,0,0,0,0,0
953.66612@12.94,1115,0,0,0,0,0,0,0,307.1,0,0,0,0,0,0,0,0,0,0,0,0,0,0,0,0,0,0,0,0,0,0,0,0,0,0,0,0,0,0,0,0,0,0,0,0,0,0,0
1020.19998@12.96,316.4,0,285.9,0,0,0,0,0,0,0,0,0,3826,381.2,1357,5709,161.2,0,247.6,210.1,0,0,0,0,0,197.1,146.5,131,0,0,0,0,0,0,0,0,0,0,0,0,0,0,0,0,0,0,0,0
485.85379@12.96,2568,0,0,0,0,0,0,0,898.2,0,0,0,0,0,0,0,0,0,0,0,0,0,0,0,0,0,0,0,0,0,0,0,0,0,0,0,0,0,0,0,0,0,0,0,0,0,0,0
573.15318@12.95,2360,1603,325.2,279.1,179.5,2546,245.4,219.2,0,0,0,0,1463,481.7,598.7,342.5,0,0,0,0,311.7,349.6,275.9,212.3,0,0,0,0,205.2,274.3,0,227.8,232.2,337,243.7,0,1175,284.3,674.8,0,364.3,1496,1678,311.7,393.1,716.9,281.5,254.4
930.38856@12.97,0,0,0,0,0,0,0,0,0,0,0,0,0,0,0,0,0,0,0,0,0,0,0,0,0,0,0,0,0,0,2217,0,237,0,188.9,230.9,0,0,187.9,0,0,0,0,0,0,1238,202.5,162.5
936.19831@12.99,0,0,0,0,0,0,0,0,0,0,311.7,1657,0,0,0,0,0,0,0,0,0,5475,0,3284,0,0,0,0,652.4,145.2,516.8,246,269.1,0,0,155.9,0,143.9,0,0,107.8,117.7,0,162.7,0,0,0,206.2
465.8173@12.99,683.4,0,0,0,0,0,0,0,151.3,0,0,0,0,0,0,0,0,0,0,0,0,0,0,0,0,0,0,0,0,0,0,0,0,0,0,0,0,0,0,0,0,0,0,0,0,0,0,0
463.84117@12.99,2303,0,0,0,0,0,0,0,801,0,0,0,0,0,0,0,0,0,0,0,0,0,0,0,0,0,0,0,0,0,0,0,0,0,0,0,0,0,0,0,0,0,0,0,0,0,0,0
638.23465@12.99,0,175.6,0,122.7,123,0,162.3,0,0,0,0,0,331.7,226.9,152.6,147,0,0,164,0,0,303.7,250.2,177.1,0,0,0,0,10440,16310,2178,20560,353.5,176.3,332.3,201.4,0,219,259.2,0,467.7,1379,1559,2596,1108,219.6,0,0
1008.21474@13.0,0,0,0,0,887.8,0,775.9,173,0,0,0,0,0,113.4,333.6,2901,227.9,0,217.9,216.9,0,0,0,0,0,4653,437,633.3,0,0,0,0,168.7,501,0,285.2,291.7,343.7,377.9,392.9,3929,2414,488.7,508.8,0,270.8,321.3,0
1095.22634@12.99,6386,633.4,5221,489.2,652.7,234.5,485.5,0,0,742.4,0,413.5,0,182.5,0,0,668.6,0,881,913.2,0,0,0,0,1094,2084,15170,17690,0,0,0,0,0,0,0,0,154,0,263.6,0,191.7,167.8,159.8,154.7,0,153.6,132.5,0
970.28202@13.0,0,0,0,0,0,0,0,0,0,0,0,0,0,0,0,0,0,0,0,0,0,1153,0,336.1,0,0,0,0,262.1,0,247.8,0,0,0,0,0,0,0,0,0,0,0,0,0,0,228.3,0,183.3
802.15421@13.0,2890,2065,3492,0,132.7,379.2,0,0,1995,596.8,974.2,1787,0,307.9,153.8,0,794.5,0,238.6,0,6912,1295,1321,0,3229,263.8,365.2,245.4,1111,2373,1755,0,1893,1766,1269,0,2243,1182,1893,1029,1586,715.6,1995,890.3,794.7,1579,785.2,710.7
370.73359@13.0,2711,0,0,0,0,0,0,0,578.8,0,0,0,0,0,0,0,0,0,0,0,0,0,0,0,0,0,0,0,0,0,0,0,0,0,0,0,0,0,0,0,0,0,0,0,0,0,0,0
454.82115@13.0,412.3,0,0,0,0,0,0,0,0,0,0,0,0,0,0,0,0,0,0,0,0,0,0,0,0,0,0,0,0,0,0,0,0,0,0,0,0,0,0,0,0,0,0,0,0,0,0,0
1004.24281@13.0,558.4,0,489.8,3211,293.8,165.7,255.4,153.3,0,236.5,0,213.4,6646,487.8,2113,1655,0,0,0,0,0,0,0,0,0,0,317.5,3327,0,0,0,0,0,136.8,0,0,0,0,135.4,0,0,159.9,0,189.7,0,0,0,0
564.08118@13.0,0,325.1,773.1,0,0,0,889.4,0,228.2,178.9,0,0,403.5,476.6,448.1,480.4,0,0,181.7,0,457.1,561.6,509.4,1107,0,0,0,0,441.3,0,491.3,610,486.3,508.1,0,0,2706,0,2934,505.8,607.7,0,552.8,0,555.5,631.1,484.1,559.9
599.16082@13.0,0,0,268.9,0,0,348.1,224.6,0,0,0,0,0,0,1141,387.3,991.2,0,0,125.2,0,0,303.7,282,0,0,0,0,0,301,0,0,229.3,289.2,0,248,292.7,268,2907,0,2559,592.6,0,0,432.9,1053,0,0,0
934.20064@13.01,0,612,0,0,0,0,0,0,1852,1272,0,1462,0,148.3,0,145.9,0,0,0,0,174.2,3685,1428,3125,0,0,0,0,0,807.9,2778,1701,674.5,0,4160,0,268.1,513.9,0,0,299.7,318.6,1239,341.3,246.4,2004,388.8,1441
1009.21442@13.01,0,0,0,0,4101,0,405,0,0,0,0,0,0,0,192.1,0,0,0,0,0,0,0,0,0,0,413.4,218.2,296.2,0,0,0,0,0,217.4,128.4,0,237.3,220,0,212,0,0,298.5,283.5,206.8,193.4,169.9,0
964.70999@13.02,0,0,772.1,0,0,0,0,0,0,0,0,0,0,0,0,0,0,0,0,0,0,0,0,0,0,0,0,0,0,0,0,0,0,0,0,0,0,0,0,0,0,0,0,0,0,0,0,0
1074.2968@13.01,1797,1145,1477,1064,1824,328.9,918.5,521.3,1116,1577,0,0,0,0,261.3,262.9,4148,1918,1812,5264,229,199.1,0,194.2,2585,4847,44180,54260,0,0,0,0,0,182.8,0,165.7,0,246.8,288.1,0,298.3,0,284.9,0,254.6,224.7,260.3,198.6
635.29384@13.0,448.4,0,268.8,289.1,220.7,342,0,0,251.3,0,0,0,0,0,0,0,178.2,0,0,0,0,0,0,0,173.8,188.9,0,0,0,322.8,0,0,0,375.9,0,0,0,0,0,386.3,0,0,671.4,0,0,0,0,0
559.27914@13.01,0,0,0,0,0,0,158,0,0,0,0,0,0,0,326.3,0,0,0,223.1,204.9,0,0,175.6,0,0,0,0,0,0,0,165.2,0,0,0,169.8,638.1,0,0,0,633.7,0,0,0,0,0,0,178.3,0
705.20794@13.02,0,6699,0,0,248.1,0,273.5,0,0,0,0,0,10710,3993,0,17240,0,290.7,404.7,0,21800,4884,30720,40480,0,0,145,0,0,2392,31810,7289,28990,0,57650,0,16540,2636,19490,18780,15250,0,12850,10360,0,8330,13200,0
569.19286@13.01,550.2,13520,0,0,0,0,245.5,0,0,0,0,0,985.6,530.4,0,275,0,0,0,0,0,0,363.2,0,0,0,0,0,0,276.5,220,0,0,409.5,268.7,0,907.2,349.3,0,0,461.2,2174,0,356.3,0,0,364.6,0
799.30746@13.03,0,2903,0,0,0,158.2,0,0,0,0,0,0,0,193.5,0,0,0,240.8,182.1,0,0,0,0,0,0,170.5,180.6,151.9,0,0,0,0,0,0,0,0,1135,0,0,0,0,0,0,0,0,0,473.1,0
348.72626@13.04,2570,0,0,0,0,0,0,0,0,0,0,0,0,0,0,0,0,0,0,0,0,0,0,0,0,0,0,0,0,0,0,0,0,0,0,0,0,0,0,0,0,0,0,0,0,0,0,0
441.83326@13.04,1036,0,0,0,0,0,0,0,0,0,0,0,0,0,0,0,0,0,0,0,0,0,0,0,0,0,0,0,0,0,0,0,0,0,0,0,0,0,0,0,0,0,0,0,0,0,0,0
864.62164@13.03,4828,0,0,0,0,0,0,0,0,0,0,0,0,0,0,0,0,0,0,0,0,0,0,0,0,158.5,0,0,0,0,0,0,0,0,0,0,190.1,0,0,0,0,0,152.4,0,0,0,0,0
531.11784@13.03,0,0,0,0,1380,1260,1426,0,0,0,0,0,1012,1398,0,1059,0,0,0,0,467.4,316.7,0,1240,0,0,0,0,0,976.4,0,0,0,0,246.1,0,0,0,0,0,843.8,0,0,0,239.7,0,0,242.1
929.41058@13.03,0,0,0,0,0,0,0,0,0,0,0,0,0,0,0,0,0,0,0,0,0,0,0,2364,0,0,0,0,0,0,0,2921,0,0,0,0,0,0,0,0,0,0,0,0,0,0,0,2189
483.14309@13.07,0,0,0,0,0,1133,0,941,0,0,0,0,400.3,0,0,0,0,0,0,0,0,253.2,0,192.8,0,0,972.2,0,0,0,0,0,0,0,0,0,223.2,0,0,0,0,343.9,168.8,316.8,196.6,278.5,0,372.4
948.32357@13.06,0,0,0,0,0,0,0,0,0,0,0,0,0,0,0,0,0,0,0,0,0,0,0,0,0,0,0,0,0,0,0,760,0,0,0,0,0,0,0,0,0,0,0,0,0,0,0,838
952.42479@13.06,0,0,0,0,0,0,0,0,0,0,0,0,0,0,0,0,0,0,0,0,0,0,0,0,0,0,0,0,910.8,0,0,0,0,0,0,0,0,0,0,0,0,0,0,0,0,0,0,0
953.4386@13.06,0,0,0,0,0,0,0,0,0,0,0,0,0,0,0,0,0,0,0,0,0,0,0,0,0,0,0,0,2831,0,0,0,0,0,0,0,0,0,0,0,0,0,0,0,0,0,0,0
621.11471@13.05,1194,0,0,0,0,0,0,0,0,0,0,0,1784,0,0,0,0,0,0,0,0,0,0,0,0,0,0,0,0,0,0,0,0,0,0,0,0,0,0,459.3,0,0,0,0,0,0,0,0
806.37122@13.07,0,715,0,0,0,0,0,0,0,0,0,0,0,0,0,0,0,0,0,0,0,0,0,0,0,0,0,0,0,0,0,0,0,0,0,0,0,0,231.4,0,0,0,0,0,0,0,0,0
931.36134@13.07,0,0,0,0,0,0,0,0,0,815.2,0,0,0,0,0,0,0,0,0,0,0,684,0,0,0,0,0,0,0,0,0,2042,0,0,0,0,0,0,0,0,0,0,0,0,0,0,0,0
934.35105@13.06,0,0,0,0,0,0,0,0,0,0,0,0,0,0,0,0,0,0,0,0,0,0,0,0,0,0,0,0,510.6,0,0,1444,0,0,0,0,0,0,0,0,0,0,0,0,0,609.6,0,0
933.33845@13.06,0,0,0,0,0,0,0,0,0,619,0,0,0,0,0,0,0,0,0,0,0,0,0,0,0,0,0,0,0,0,0,622,0,0,0,0,0,0,0,0,0,0,0,0,0,0,0,596
840.31757@13.07,0,0,0,0,0,0,0,0,0,0,0,0,0,0,0,0,0,0,0,0,0,0,0,0,0,0,0,0,0,0,0,0,0,0,0,0,0,0,0,0,0,0,0,0,0,2517,0,0
452.45344@13.06,0,0,0,0,0,0,0,0,0,0,840.6,0,3103,0,0,0,0,0,0,0,0,0,0,0,0,0,0,0,0,0,0,591.7,0,0,0,0,0,0,0,0,0,0,0,0,0,0,0,0
564.44392@13.06,0,0,0,0,0,0,0,0,0,0,0,0,0,0,0,0,0,0,0,0,0,0,0,0,352.4,553.4,206.6,0,0,0,0,0,0,0,0,197.5,0,0,0,0,0,0,0,0,0,0,0,0
822.60328@13.07,0,0,0,0,0,0,0,0,0,0,977,0,0,0,0,0,0,0,0,0,0,0,0,0,0,0,0,0,0,0,0,0,0,0,0,0,0,0,0,0,0,0,0,0,0,0,0,0
932.33163@13.08,0,0,0,0,0,0,0,0,167.9,427.7,1376,0,0,0,0,0,0,0,0,0,0,0,0,0,0,0,0,0,0,388.7,0,0,0,0,0,0,0,0,0,0,0,0,0,0,0,0,0,831.6
478.18035@13.08,0,0,0,0,0,1203,0,734.4,0,0,0,0,0,0,0,0,0,0,0,0,0,0,0,0,0,0,281.3,0,0,0,0,0,0,0,0,0,0,0,0,0,0,0,0,0,0,276.9,0,0
441.07877@13.08,0,0,0,0,0,0,345.4,0,0,0,0,0,0,220.2,0,0,0,0,0,0,0,0,0,0,0,0,0,0,0,0,0,0,0,0,0,0,0,0,0,0,0,0,182.5,0,0,0,0,0
547.48327@13.09,673.3,0,0,0,0,0,0,0,0,0,0,0,0,0,0,318.1,0,0,0,0,0,0,0,0,0,0,0,0,0,0,0,0,0,0,0,0,0,0,0,0,0,0,0,0,0,0,0,0
545.09903@13.09,0,0,0,0,0,0,0,0,0,0,0,0,295.1,763.4,0,0,0,0,0,0,0,0,0,0,0,0,0,0,0,0,0,0,0,0,0,0,0,0,0,0,0,0,0,0,0,0,0,0
563.44315@13.09,0,0,0,0,0,0,0,0,0,0,0,0,0,0,0,0,0,0,0,0,0,0,0,0,0,3462,0,0,0,0,0,0,0,0,0,0,0,0,0,0,0,0,0,0,0,0,0,0
549.4463@13.09,0,0,0,0,0,0,0,0,0,0,3955,0,0,0,0,0,0,0,0,0,0,0,0,0,0,0,0,0,0,0,0,0,0,0,0,0,0,0,0,0,0,0,0,0,0,0,0,0
